id,run,richness,links,connectance,diameter,distance,basal,top,intermediate,predpreyRatio,herbivory,omnivory,cannibal,l_S,GenSD,VulSD,TL,ChLen,ChSD,ChNum,path,LinkSD,S1,S2,S4,S5,centrality,loops,intervals,MaxSim,Clust,trophicCoherence,trophicVar
1,1,85,182,0.02519031141868512,5.0,2.0,0.35294117647058826,0.27058823529411763,0.3764705882352941,1.1272727272727272,0.18823529411764706,0.38823529411764707,0.011764705882352941,2.1411764705882352,1.2401691322552562,1.0372141775291963,2.0939945818070815,2.8656126482213438,1.3205200244893993,5.53338948872752,1.0,1.3451001867500365,0.02906574394463668,0.0029065743944636678,0.03944636678200692,0.05217993079584775,0.011764705882352941,0.011764705882352941,0.0,0.5139699516170103,0.09112093788564377,0.6125082402028125,0.9354469581779812
1,2,85,194,0.02685121107266436,7.0,3.0,0.3176470588235294,0.10588235294117647,0.5764705882352941,1.3103448275862069,0.09411764705882353,0.4588235294117647,0.047058823529411764,2.2823529411764705,1.1325189772198139,0.7637265838271892,2.3528438654664146,5.658031088082901,1.970496115248221,6.361302477572996,1.0452261306532664,1.2329951088684576,0.044290657439446365,0.004290657439446367,0.02920415224913495,0.04885813148788928,0.011764705882352941,0.047058823529411764,0.0,0.4882388526506173,0.15988413547237076,0.9238101679317328,1.3378099848872271
1,3,85,191,0.02643598615916955,5.0,2.0,0.36470588235294116,0.24705882352941178,0.38823529411764707,1.1851851851851851,0.23529411764705882,0.3058823529411765,0.03529411764705882,2.2470588235294118,1.446792881538575,0.8266162167550399,2.0014437666424594,4.431205673758865,1.6109151281081706,6.558197802812269,1.0408163265306123,1.5516054788812437,0.03944636678200692,0.007474048442906575,0.02823529411764706,0.06560553633217993,0.011764705882352944,0.03529411764705882,0.0,0.563030754328332,0.13497872784250492,0.6364339994921595,0.781860680163758
1,4,85,186,0.0257439446366782,7.0,2.0,0.4117647058823529,0.16470588235294117,0.4235294117647059,1.42,0.17647058823529413,0.3764705882352941,0.011764705882352941,2.1882352941176473,1.4356233787356063,0.8268436500171281,1.9102360222628887,4.023593466424682,1.5924214180334868,6.311734809152915,1.0159574468085106,1.483912245171931,0.03515570934256056,0.0033217993079584776,0.02865051903114187,0.06754325259515571,0.011764705882352941,0.023529411764705882,0.0,0.5304369486722426,0.0755171625759861,0.6892422664547764,0.7130666538750438
1,5,85,224,0.031003460207612455,5.0,2.0,0.35294117647058826,0.2,0.4470588235294118,1.2363636363636363,0.21176470588235294,0.3411764705882353,0.047058823529411764,2.635294117647059,1.7139490882643784,0.7917539735628585,2.1051527135645176,3.5813953488372094,1.3554005905049,6.159095388491933,1.0222222222222221,1.7064610312706063,0.04442906574394464,0.008304498269896194,0.04083044982698962,0.13314878892733564,0.011764705882352941,0.047058823529411764,0.0,0.539796213014206,0.11895899179636202,0.6480900615134317,1.0296687241091025
1,6,85,153,0.021176470588235293,5.0,2.0,0.38823529411764707,0.3058823529411765,0.3058823529411765,1.1346153846153846,0.1411764705882353,0.32941176470588235,0.023529411764705882,1.8,1.3602875167257493,1.042173597990292,1.9393980384176464,2.26875,1.2525288884302035,5.075173815233827,1.0,1.4173705860573032,0.017716262975778548,0.0020761245674740486,0.02629757785467128,0.04124567474048443,0.011764705882352941,0.023529411764705882,0.0,0.5348413024883616,0.07401960784313724,0.6634767461885164,0.8667077767950224
1,7,85,261,0.03612456747404844,5.0,2.0,0.3058823529411765,0.24705882352941178,0.4470588235294118,1.0847457627118644,0.10588235294117647,0.4823529411764706,0.047058823529411764,3.070588235294118,1.212093830244718,0.9584690602233552,2.304291599709585,4.265116279069767,1.5796853138428462,6.756932389247553,1.1045296167247387,1.3253815019734492,0.06173010380622837,0.009411764705882352,0.07432525951557094,0.10546712802768166,0.011764705882352941,0.047058823529411764,0.0,0.5254760318901641,0.12410689944426968,0.6850939093252861,1.1190563553518906
1,8,85,181,0.02505190311418685,4.0,2.0,0.35294117647058826,0.3176470588235294,0.32941176470588235,1.0545454545454545,0.16470588235294117,0.35294117647058826,0.03529411764705882,2.1294117647058823,1.3571823887175913,1.0936575380515232,1.9539230714072122,2.358974358974359,1.141692979817206,5.272999558563747,1.0,1.4335507157002312,0.022975778546712802,0.0029065743944636678,0.041799307958477507,0.059377162629757785,0.01176470588235294,0.03529411764705882,0.0,0.5314282449576568,0.10458861976163014,0.6023463260578149,0.7730075496189104
1,9,85,198,0.02740484429065744,4.0,2.0,0.3176470588235294,0.2235294117647059,0.4588235294117647,1.1379310344827587,0.16470588235294117,0.4,0.047058823529411764,2.3294117647058825,1.1707830468121065,1.0010734760350168,1.9521040499533149,3.080508474576271,1.2707349841441669,5.4638318050256105,1.02020202020202,1.274339607227012,0.03529411764705882,0.002629757785467128,0.044844290657439445,0.0584083044982699,0.011764705882352941,0.047058823529411764,0.0,0.5033666007195419,0.09991681521093285,0.5869497585582594,0.7472772000486199
1,10,85,249,0.0344636678200692,6.0,2.0,0.3058823529411765,0.08235294117647059,0.611764705882353,1.3220338983050848,0.21176470588235294,0.4235294117647059,0.047058823529411764,2.929411764705882,1.3260717406297673,0.7519422502092115,2.1248790565787092,4.022443890274314,1.4567069068514868,5.993961427306569,1.008097165991903,1.2492631395500846,0.05024221453287197,0.009688581314878892,0.05079584775086505,0.10892733564013841,0.011764705882352944,0.047058823529411764,0.0,0.5180010618896068,0.14698435207723134,0.6773925271961675,0.799732003020212
2,1,102,681,0.0654555940023068,6.0,2.0,0.17647058823529413,0.0392156862745098,0.7843137254901961,1.1666666666666667,0.0392156862745098,0.7058823529411765,0.10784313725490197,6.676470588235294,1.2713009556458368,0.7262101609190591,2.8652966302813003,10.525282843276752,2.021953517351559,13.161730233724331,1.4563318777292575,1.311594269804337,0.21616685890042292,0.09525182622068436,0.19338715878508267,0.4122452902729719,0.009803921568627453,0.12745098039215685,0.0,0.6116574349021564,0.31904185750814407,0.8615469694052691,1.4058811033806744
2,2,102,554,0.05324875048058439,4.0,3.0,0.20588235294117646,0.06862745098039216,0.7254901960784313,1.1728395061728396,0.058823529411764705,0.6666666666666666,0.049019607843137254,5.431372549019608,1.1404248507175532,0.8284731889650607,2.722907196405375,7.897912299342389,2.143548142563037,10.458033366991662,1.046875,1.144309077549181,0.1432141484044598,0.04402153018069973,0.16830065359477125,0.25403690888119956,0.009803921568627453,0.049019607843137254,0.0,0.6209910389692309,0.2025997425792994,0.7955032366283512,1.1776586685490804
2,3,102,639,0.061418685121107264,5.0,2.0,0.08823529411764706,0.09803921568627451,0.8137254901960784,0.989247311827957,0.029411764705882353,0.696078431372549,0.058823529411764705,6.264705882352941,1.1764154171248753,0.6952159249827478,3.952289113730275,9.359175244563193,2.2025035758998586,11.450443494348903,1.0452488687782806,1.0948382481056167,0.19530949634755862,0.05517108804306036,0.19434832756632064,0.36639753940792,0.00980392156862745,0.058823529411764705,0.0,0.5975177873364569,0.2247148185199551,1.1019867686167646,2.0508858261188956
2,4,102,743,0.07141484044598231,4.0,2.0,0.1568627450980392,0.06862745098039216,0.7745098039215687,1.1046511627906976,0.09803921568627451,0.6764705882352942,0.06862745098039216,7.284313725490196,1.1984074483408556,0.6243015485365188,2.8419469112179567,7.2737636799131895,1.6670162667868076,11.92592213949374,1.0707070707070707,1.1058273398651293,0.26547481737793155,0.08996539792387544,0.2299115724721261,0.49836601307189543,0.009803921568627449,0.06862745098039216,0.0,0.6502885131146248,0.25203087339725594,0.7298003792954652,1.1797888755355954
2,5,102,671,0.06449442522106882,6.0,3.0,0.18627450980392157,0.0,0.8137254901960784,1.2289156626506024,0.06862745098039216,0.6666666666666666,0.09803921568627451,6.578431372549019,1.1277434753649018,0.6350785174105354,2.8743964015802317,NaN,NaN,0.0,1.2093301435406698,1.1013424297680114,0.2501922337562476,0.05670895809304114,0.19905805459438677,0.37014609765474815,0.009803921568627449,0.10784313725490197,0.0,0.658264552985645,0.2725516965458993,0.9174600026063547,1.3185685472749584
2,6,102,762,0.07324106113033449,5.0,2.0,0.14705882352941177,0.0,0.8529411764705882,1.1724137931034482,0.058823529411764705,0.696078431372549,0.09803921568627451,7.470588235294118,1.091655227577608,0.6389717798007609,2.987336327852562,NaN,NaN,0.0,1.0939759036144578,0.9796313672626392,0.2820069204152249,0.07785467128027682,0.26095732410611305,0.4752979623221838,0.009803921568627449,0.09803921568627451,0.0,0.6516047198348818,0.25011325503365484,0.8989335964726264,1.3603189750752651
2,7,102,620,0.059592464436755095,6.0,2.0,0.20588235294117646,0.18627450980392157,0.6078431372549019,1.0246913580246915,0.10784313725490197,0.6078431372549019,0.049019607843137254,6.078431372549019,1.293887442213794,0.6372465651545801,2.729909544279267,8.374386044641765,2.0856861397158286,12.053113755239552,1.0128410914927768,1.2212712376796386,0.1922337562475971,0.058823529411764705,0.16080353710111495,0.3890811226451365,0.00980392156862745,0.049019607843137254,0.0,0.6370692955348062,0.20352453949187263,0.8072254260877305,1.2585008096360388
2,8,102,662,0.06362937331795464,5.0,3.0,0.1568627450980392,0.13725490196078433,0.7058823529411765,1.0232558139534884,0.08823529411764706,0.6470588235294118,0.08823529411764706,6.490196078431373,1.2405632848416586,0.5881121908515922,3.2759737932031148,10.099932119643075,2.286062935468122,13.135820423824242,1.1733505821474774,1.1794027628815595,0.20569011918492888,0.07823913879277201,0.15292195309496348,0.3882160707420223,0.00980392156862745,0.09803921568627451,0.0,0.6282163005465219,0.26222423844252124,1.0505483451814992,1.9619724794525717
2,9,102,745,0.0716070742022299,5.0,2.0,0.23529411764705882,0.0392156862745098,0.7254901960784313,1.2564102564102564,0.058823529411764705,0.6666666666666666,0.08823529411764706,7.303921568627451,1.1360236975676186,0.6575395505630602,2.5343197620910383,7.116251302947029,1.6517847134279082,10.87360337110519,1.2702418506834912,1.060999335032832,0.27316416762783546,0.0726643598615917,0.2546136101499423,0.4646289888504421,0.00980392156862745,0.08823529411764706,0.0,0.6498113555606414,0.2767553613250115,0.8248949367073859,1.1191374775339593
2,10,102,687,0.06603229527104959,4.0,2.0,0.17647058823529413,0.058823529411764705,0.7647058823529411,1.1428571428571428,0.1568627450980392,0.5588235294117647,0.06862745098039216,6.735294117647059,1.1660620071857826,0.5953277077185365,2.774577241489233,6.6704302607209005,1.4680144658815242,10.242670397850311,1.1981132075471699,1.178782794581841,0.28210303729334874,0.07314494425221069,0.18608227604767397,0.39965397923875434,0.009803921568627453,0.06862745098039216,0.0,0.6151088648591496,0.260358603135857,0.7600555812864841,1.231297495357898
3,1,31,86,0.08949011446409989,4.0,3.0,0.22580645161290322,0.12903225806451613,0.6451612903225806,1.125,0.12903225806451613,0.5161290322580645,0.1935483870967742,2.774193548387097,1.176205563527318,0.6223266242560873,2.105056530292928,3.3181818181818183,1.3933981633253438,3.091042453358316,1.0909090909090908,1.2190202853531178,0.11446409989594172,0.04994797086368366,0.04994797086368366,0.14776274713839752,0.03225806451612903,0.1935483870967742,0.0,0.5367379457986668,0.3928079089369412,0.7222497366843885,0.8306923575908646
3,2,31,83,0.08636836628511967,3.0,2.0,0.25806451612903225,0.03225806451612903,0.7096774193548387,1.3043478260869565,0.0967741935483871,0.5161290322580645,0.06451612903225806,2.6774193548387095,1.1385425298480094,0.7111904400841336,2.4007300110916923,3.0344827586206895,0.9442592947721229,3.367295829986474,1.0357142857142858,1.0484189388091432,0.12695109261186263,0.015608740894901144,0.11030176899063475,0.18938605619146723,0.032258064516129024,0.06451612903225806,0.0,0.5131851123786609,0.2362088628217661,0.7823405657224669,0.9657633124132047
3,3,31,57,0.05931321540062435,3.0,2.0,0.3225806451612903,0.22580645161290322,0.45161290322580644,1.1428571428571428,0.22580645161290322,0.3225806451612903,0.0,1.8387096774193548,1.0795011178241574,0.8891927766170246,2.1390488991295444,2.746987951807229,0.824079286588844,4.418840607796598,1.0,1.1947355540091467,0.07388137356919876,0.007284079084287201,0.05931321540062435,0.07908428720083246,0.03225806451612903,0.0,0.0,0.46443932411674355,0.10450588837685613,0.48533267245317957,0.9786816641979372
3,4,31,80,0.08324661810613944,4.0,3.0,0.3225806451612903,0.0,0.6774193548387096,1.4761904761904763,0.16129032258064516,0.41935483870967744,0.16129032258064516,2.5806451612903225,1.144160900689526,0.4449133810829549,2.060660435854393,NaN,NaN,0.0,1.2105263157894737,1.2047864610239718,0.12486992715920915,0.02497398543184183,0.03537981269510926,0.1186264308012487,0.03225806451612904,0.16129032258064516,0.0,0.5883047060466418,0.29998370804822416,0.6261961552409159,0.7638985739358478
3,5,31,78,0.08116545265348596,4.0,2.0,0.3548387096774194,0.25806451612903225,0.3870967741935484,1.15,0.06451612903225806,0.4838709677419355,0.0967741935483871,2.5161290322580645,1.2049190580471874,0.8201120816266396,2.349604705046833,2.3617021276595747,1.1117071070888667,3.8501476017100584,1.025974025974026,1.3018092906884686,0.10613943808532779,0.02809573361082206,0.09053069719042664,0.14568158168574402,0.03225806451612903,0.0967741935483871,0.0,0.5594086021505377,0.29297816878462035,0.8300486438286623,1.3632774247578199
3,6,31,63,0.06555671175858481,4.0,2.0,0.2903225806451613,0.12903225806451613,0.5806451612903226,1.2272727272727273,0.12903225806451613,0.3225806451612903,0.0967741935483871,2.032258064516129,1.3712240196267507,0.8083818067872616,1.8599491813485454,2.090909090909091,0.8678978933300583,3.091042453358316,1.0634920634920635,1.335441769570151,0.04890738813735692,0.011446409989594173,0.05202913631633715,0.1186264308012487,0.03225806451612903,0.0967741935483871,0.0,0.5150921658986174,0.3493599590373784,0.69174319268688,0.6387534410263236
3,7,31,75,0.07804370447450572,4.0,3.0,0.41935483870967744,0.0967741935483871,0.4838709677419355,1.5555555555555556,0.16129032258064516,0.3548387096774194,0.0967741935483871,2.4193548387096775,1.225095612292877,0.5311957161808526,1.8697837811320523,2.977272727272727,1.0227331453907031,3.784189633918261,1.411214953271028,1.2760680348749551,0.09781477627471384,0.019771071800208116,0.043704474505723206,0.11966701352757544,0.03225806451612903,0.12903225806451613,0.0,0.48498365433849305,0.3645161290322581,0.6725382413493077,0.6801054258151045
3,8,31,72,0.07492195629552549,4.0,2.0,0.2903225806451613,0.06451612903225806,0.6451612903225806,1.3181818181818181,0.1935483870967742,0.4838709677419355,0.03225806451612903,2.3225806451612905,1.1026879802976923,0.5601316166612442,2.197932809922057,4.27027027027027,1.2486433159788672,4.997212273764115,1.0,1.0108274429107886,0.10613943808532779,0.02081165452653486,0.053069719042663895,0.12382934443288242,0.03225806451612904,0.03225806451612903,0.0,0.5694479355769678,0.23152725410789923,0.7239458779263332,0.8255981378757602
3,9,31,83,0.08636836628511967,3.0,2.0,0.3225806451612903,0.03225806451612903,0.6451612903225806,1.4285714285714286,0.1935483870967742,0.3225806451612903,0.12903225806451613,2.6774193548387095,1.5561365436764998,0.6128571954649737,1.8090699001317279,0.0,NaN,0.0,1.0246913580246915,1.4130703429298337,0.08949011446409989,0.03225806451612903,0.07284079084287201,0.28303850156087407,0.032258064516129024,0.12903225806451613,0.0,0.5910994603119841,0.39691907554810774,0.649529380757472,0.5687491565636515
3,10,31,59,0.061394380853277836,4.0,2.0,0.3225806451612903,0.1935483870967742,0.4838709677419355,1.1904761904761905,0.12903225806451613,0.45161290322580644,0.03225806451612903,1.903225806451613,0.9909482119208768,0.9136416008565207,2.238508064516129,3.732824427480916,1.188563628800074,4.875197323201151,1.0,1.2263114990699244,0.08428720083246619,0.011446409989594173,0.05931321540062435,0.06971904266389178,0.03225806451612903,0.03225806451612903,0.0,0.5120071684587812,0.2355478750640041,0.666207923225285,1.0259004603494624
4,1,155,1473,0.0613111342351717,5.0,2.0,0.15483870967741936,0.06451612903225806,0.7806451612903226,1.1068702290076335,0.07741935483870968,0.6903225806451613,0.06451612903225806,9.503225806451614,1.2464744969534378,0.6834655274241289,3.061067727897576,11.845055505182588,2.5165664626782287,15.768955818059812,1.0549095607235142,1.1616090079556824,0.28628511966701353,0.09053069719042664,0.2969406867845994,0.6129448491155047,0.0064516129032258064,0.07096774193548387,0.0,0.6624255954767062,0.22496385725288928,0.899062654972476,1.3964134552361307
4,2,155,1383,0.05756503642039542,4.0,2.0,0.21935483870967742,0.0,0.7806451612903226,1.28099173553719,0.1032258064516129,0.6516129032258065,0.07741935483870968,8.92258064516129,1.318413967309116,0.5661012244516774,2.615813731853291,NaN,NaN,0.0,1.1884406983744733,1.2295690859424717,0.28570239334027053,0.07159209157127992,0.23096774193548386,0.5846409989594172,0.006451612903225808,0.09032258064516129,0.0,0.6571915654449632,0.2538982476132961,0.7639216332212088,1.1614349415109475
4,3,155,1742,0.07250780437044745,4.0,2.0,0.16129032258064516,0.01935483870967742,0.8193548387096774,1.1692307692307693,0.025806451612903226,0.7870967741935484,0.07741935483870968,11.238709677419354,1.1794305680397366,0.6117780347953151,2.908086692811923,11.00288759274303,2.328271937729882,16.13584391459181,1.195754716981132,1.0323202770966156,0.40570239334027053,0.10759625390218522,0.4074089490114464,0.8135275754422476,0.0064516129032258064,0.08387096774193549,0.0,0.708480800977433,0.22422494093791986,0.7921568406891978,1.2207950441264477
4,4,155,1273,0.05298647242455775,6.0,2.0,0.14838709677419354,0.0,0.8516129032258064,1.1742424242424243,0.05161290322580645,0.7612903225806451,0.09032258064516129,8.212903225806452,1.0272764254097548,0.5184401576071045,3.2849933129706845,NaN,NaN,0.0,1.1397109428768066,0.9600685196985399,0.27866805411030177,0.0559417273673257,0.18634755463059313,0.3532986472424558,0.0064516129032258064,0.1032258064516129,0.0,0.6349568700972731,0.22608601121040545,0.9536254996075213,1.6516156558189723
4,5,155,1412,0.05877211238293444,5.0,2.0,0.12903225806451613,0.0,0.8709677419354839,1.1481481481481481,0.025806451612903226,0.7806451612903226,0.1032258064516129,9.109677419354838,1.0784297483908776,0.6183919543416583,3.4717393719408878,NaN,NaN,0.0,1.2959785522788203,1.0164544310971149,0.30056191467221643,0.08129032258064516,0.2499063475546306,0.4536108220603538,0.0064516129032258064,0.11612903225806452,0.0,0.6227590366563647,0.2537706281104883,1.018638228557589,1.6811166606786043
4,6,155,1393,0.057981269510926116,5.0,2.0,0.13548387096774195,0.08387096774193549,0.7806451612903226,1.0597014925373134,0.04516129032258064,0.7096774193548387,0.05806451612903226,8.987096774193548,1.1448984329774619,0.6478200709217522,3.3245197015116195,9.485793728327733,1.9974888164058546,14.660831465467256,1.1024643320363166,1.045500769261383,0.28116545265348597,0.06272632674297607,0.27001040582726327,0.4972320499479709,0.0064516129032258064,0.05806451612903226,0.0,0.661162752632079,0.18625892007966804,0.8804841520259462,1.6166168227015716
4,7,155,1429,0.05947970863683663,5.0,2.0,0.18064516129032257,0.0,0.8193548387096774,1.220472440944882,0.08387096774193549,0.6967741935483871,0.05161290322580645,9.219354838709677,1.181254569093041,0.6643134939811599,2.8129921531914714,NaN,NaN,0.0,1.0494983277591974,1.0714501972479051,0.27733610822060356,0.07562955254942767,0.2835379812695109,0.543933402705515,0.006451612903225808,0.05806451612903226,0.0,0.6710763988431654,0.200555892586637,0.8614713668055658,1.2552732194016356
4,8,155,1440,0.05993756503642039,4.0,2.0,0.13548387096774195,0.14838709677419354,0.7161290322580646,0.9850746268656716,0.04516129032258064,0.7548387096774194,0.025806451612903226,9.290322580645162,1.1728532773348601,0.6537031038367255,3.2424972470007187,10.500166914963446,2.1650146433315673,16.362372708262527,1.0211315610088616,1.080584356080199,0.30518210197710716,0.07292403746097814,0.29227887617065557,0.5537148803329864,0.006451612903225808,0.025806451612903226,0.0,0.6651085326729146,0.17092003351478494,0.832513364906693,1.4800530393701348
4,9,155,1397,0.0581477627471384,5.0,2.0,0.1032258064516129,0.0,0.896774193548387,1.1151079136690647,0.04516129032258064,0.7290322580645161,0.07096774193548387,9.012903225806452,1.1527691874979855,0.5663096955299928,3.6690073300813904,NaN,NaN,0.0,1.1867219917012448,1.083076938687347,0.3118834547346514,0.07754422476586889,0.23329864724245578,0.49177939646201874,0.006451612903225808,0.07741935483870968,0.0,0.640599677466315,0.24200918566944749,1.110311320504424,1.8624623558125026
4,10,155,1453,0.0604786680541103,5.0,2.0,0.18064516129032257,0.0064516129032258064,0.8129032258064516,1.2125984251968505,0.10967741935483871,0.6967741935483871,0.05161290322580645,9.374193548387098,1.2196982068923645,0.6360187110561947,2.800518648850748,0.0,NaN,0.0,1.1991076408254322,1.1738985553338865,0.32869927159209156,0.07492195629552549,0.28486992715920917,0.5808116545265348,0.006451612903225808,0.07096774193548387,0.0,0.6407564176024656,0.22120237231964004,0.8190170195002674,1.1560151720651717
5,1,61,110,0.029561945713517872,6.0,2.0,0.47540983606557374,0.21311475409836064,0.3114754098360656,1.5,0.19672131147540983,0.22950819672131148,0.01639344262295082,1.8032786885245902,1.7026733153288043,0.7960491284311748,1.8199713227656593,2.9863945578231292,1.5438184050967216,4.990432586778736,1.0,1.6678733923450428,0.029561945713517872,0.0032249395323837677,0.02445579145391024,0.08438591776404192,0.01639344262295082,0.01639344262295082,0.0,0.5121649752797294,0.08678855297707756,0.6328183141721838,0.8886789498138687
5,2,61,113,0.030368180596613812,4.0,2.0,0.4426229508196721,0.18032786885245902,0.3770491803278688,1.4705882352941178,0.16393442622950818,0.32786885245901637,0.0,1.8524590163934427,1.3721704333365659,0.8526017850979906,1.9065134660421545,3.125,1.3544669941801288,5.123963979403259,1.0,1.4157512793815916,0.03708680462241333,0.002418704649287826,0.030636925557645793,0.06261757592045149,0.01639344262295082,0.0,0.0,0.5162196637606472,0.06960589501573107,0.6125430738693927,0.8526768028015447
5,3,61,76,0.02042461703843053,2.0,2.0,0.6065573770491803,0.45901639344262296,-0.06557377049180328,1.375,0.2786885245901639,0.11475409836065574,0.0,1.2459016393442623,1.964156829242893,1.2142106403850927,1.4285323965651835,1.1,0.667510015095777,4.382026634673881,1.0,1.9364499507653223,0.004837409298575652,0.0008062348830959419,0.020155872077398548,0.0499865627519484,0.01639344262295082,0.0,0.0,0.5086380832282472,0.030849478390461996,0.30061916453574244,0.30075595083206325
5,4,61,105,0.028218220908357967,5.0,2.0,0.4918032786885246,0.13114754098360656,0.3770491803278688,1.7096774193548387,0.16393442622950818,0.3114754098360656,0.0,1.721311475409836,1.4116511188428642,0.6012333003763859,1.8024704007285974,3.5297619047619047,1.3665183489660944,5.123963979403259,1.0,1.3563489741517627,0.03439935501209352,0.0018812147272238647,0.016930932545014783,0.05589895189465197,0.016393442622950824,0.0,0.0,0.583146452818584,0.07258652094717669,0.6517997722870805,0.7681934883711123
5,5,61,132,0.035474334856221444,4.0,2.0,0.3442622950819672,0.19672131147540983,0.45901639344262296,1.225,0.19672131147540983,0.39344262295081966,0.03278688524590164,2.1639344262295084,1.471501937562357,1.0510263615204702,2.064201506346315,2.824,1.27040760540504,4.8283137373023015,1.0151515151515151,1.5496440046569624,0.03251814028486966,0.009406073636119323,0.05267401236226821,0.09217952163396936,0.016393442622950817,0.03278688524590164,0.0,0.5042838093744046,0.16569796323894684,0.7475619750661101,0.8179016599730117
5,6,61,90,0.02418704649287826,5.0,2.0,0.4098360655737705,0.19672131147540983,0.39344262295081966,1.3611111111111112,0.14754098360655737,0.22950819672131148,0.08196721311475409,1.4754098360655739,1.5135682637029912,0.7486970850102734,1.9213219963827128,2.3225806451612905,2.119545498044231,3.4339872044851463,1.1237113402061856,1.5380001444877838,0.021768341843590434,0.002149959688255845,0.011556033324375168,0.04004299919376512,0.016393442622950824,0.08196721311475409,0.0,0.4002527072199202,0.17092716027142255,0.9571464648385823,1.1584891299444438
5,7,61,77,0.02069336199946251,3.0,2.0,0.5081967213114754,0.39344262295081966,0.09836065573770492,1.2333333333333334,0.22950819672131148,0.19672131147540983,0.0,1.2622950819672132,1.5969203509560095,1.1005858184424675,1.7196038251366117,1.8309859154929577,1.1950602554199965,4.2626798770413155,1.0,1.751278356304787,0.01719967750604676,0.0,0.018274657350174684,0.035474334856221444,0.016393442622950824,0.0,0.0,0.41808956071251147,0.0,0.5135899834037182,0.6752831853369762
5,8,61,110,0.029561945713517872,4.0,2.0,0.5081967213114754,0.22950819672131148,0.26229508196721313,1.5666666666666667,0.19672131147540983,0.2786885245901639,0.01639344262295082,1.8032786885245902,1.7384201687726684,0.7960491284311748,1.6549683407060454,2.9235294117647057,1.565164192292288,5.135798437050262,1.0,1.6555358341248994,0.022574576726686373,0.005912389142703574,0.022037086804622415,0.08411717280300994,0.01639344262295082,0.01639344262295082,0.0,0.4722541575000591,0.17065516718361462,0.5765851474951926,0.5269233677436982
5,9,61,105,0.028218220908357967,4.0,2.0,0.3770491803278688,0.09836065573770492,0.5245901639344263,1.4473684210526316,0.21311475409836064,0.2786885245901639,0.04918032786885246,1.721311475409836,1.4967508271414964,0.7434612927903853,1.9970832446242281,2.6842105263157894,1.1045020651995519,4.04305126783455,1.0285714285714285,1.489772641903919,0.02902445579145391,0.0034936844934157483,0.019349637194302608,0.0569739317387799,0.016393442622950824,0.04918032786885246,0.0,0.5369604573076124,0.1527257351027843,0.7133564582403167,0.891220052984496
5,10,61,60,0.01612469766191884,3.0,2.0,0.45901639344262296,0.45901639344262296,0.08196721311475409,1.0,0.29508196721311475,0.16393442622950818,0.01639344262295082,0.9836065573770492,1.3701986879443595,1.1365436557745952,1.745647931303669,1.2608695652173914,0.929391260956347,3.828641396489095,1.0,1.5577048643579579,0.009674818597151304,0.0,0.009943563558183283,0.013974737973662993,0.01639344262295082,0.01639344262295082,0.0,0.40191256830601096,0.01668618266978923,0.547942560684744,0.6410604159696668
6,1,79,1366,0.21887518025957378,4.0,3.0,0.0759493670886076,0.012658227848101266,0.9113924050632911,1.0684931506849316,0.012658227848101266,0.8481012658227848,0.3924050632911392,17.29113924050633,0.9050961101796318,0.4462614794014085,3.739041567819138,0.0,NaN,0.0,1.451207729468599,0.9293096811291252,0.9950328473001122,0.9921486941195321,0.44239705175452654,1.1778561128024354,0.012658227848101269,0.5822784810126582,0.0,0.7668228154882124,0.6549897880785019,0.943001201691508,1.5780031600790159
6,2,79,1486,0.23810286813010736,5.0,3.0,0.06329113924050633,0.0,0.9367088607594937,1.0675675675675675,0.0,0.759493670886076,0.35443037974683544,18.810126582278482,0.9529500988767463,0.4811146680141307,3.742680400902485,NaN,NaN,0.0,1.277602523659306,0.8969150978942945,1.0230732254446402,1.4616247396250601,0.5177054959141163,1.678416920365326,0.012658227848101269,0.5316455696202531,0.0,0.7828062799156147,0.6895932105954323,0.8815832145276459,1.6308715154000428
6,3,79,1289,0.2065374138759814,7.0,1.0,0.02531645569620253,0.0,0.9746835443037974,1.025974025974026,0.012658227848101266,0.8227848101265823,0.22784810126582278,16.31645569620253,0.9623906362374595,0.49212056773211765,4.330443025542581,NaN,NaN,0.0,1.4080325960419091,0.813697587421559,1.0163435346899536,1.058484217272873,0.7211985258772633,1.6857875340490307,0.012658227848101269,0.43037974683544306,0.0,0.7881496118131652,0.5578556195281039,0.7149156941289176,1.3305831254713592
6,4,79,1409,0.22576510174651498,5.0,2.0,0.05063291139240506,0.012658227848101266,0.9367088607594937,1.04,0.0,0.8860759493670886,0.379746835443038,17.835443037974684,0.8393637391831557,0.46827675772709065,3.7548706979384874,0.0,NaN,0.0,1.3486472690148035,0.822764713326268,1.3074827751962828,1.3577952251241787,0.5569620253164557,1.2836083960903701,0.01265822784810127,0.5189873417721519,0.0,0.7747090198858525,0.6399181060218562,0.7591216560379986,1.674710237460016
6,5,79,1373,0.2199967953853549,6.0,2.0,0.0379746835443038,0.0,0.9620253164556962,1.0394736842105263,0.012658227848101266,0.8607594936708861,0.3037974683544304,17.379746835443036,0.9309869271241729,0.5342477798877572,4.265656919837088,NaN,NaN,0.0,1.173443456162643,0.8886505899654983,1.0539977567697485,1.4959141163275116,0.500721038295145,1.506809806120814,0.012658227848101269,0.5063291139240507,0.0,0.7756241909519562,0.6799071881238808,0.9368428648067781,1.780910908500018
6,6,79,1122,0.17977888158948888,4.0,2.0,0.10126582278481013,0.012658227848101266,0.8860759493670886,1.0985915492957747,0.012658227848101266,0.8481012658227848,0.24050632911392406,14.20253164556962,0.9362267060782393,0.47331653606369667,3.6052499486570575,0.0,NaN,0.0,1.2926174496644296,0.8927214559486174,0.9623457779202051,0.8043582759173209,0.4696362762377824,1.1730491908348022,0.012658227848101269,0.379746835443038,0.0,0.729555096012097,0.5582993823232241,0.8941698786773252,1.479471131028877
6,7,79,1395,0.22352187149495273,4.0,2.0,0.05063291139240506,0.0,0.9493670886075949,1.0533333333333332,0.0,0.9367088607594937,0.34177215189873417,17.658227848101266,0.903861786911746,0.5332439300993267,3.3970132677243745,NaN,NaN,0.0,1.1922388059701492,0.8339764183044109,1.0653741387598141,1.3164556962025316,0.6720076910751482,1.5731453292741548,0.012658227848101264,0.5822784810126582,0.0,0.7729950051708521,0.6287078601298437,0.7690308289917955,1.2726007289170063
6,8,79,1264,0.20253164556962025,5.0,2.0,0.0759493670886076,0.0,0.9240506329113924,1.082191780821918,0.012658227848101266,0.8734177215189873,0.2911392405063291,16.0,0.874255635764887,0.4389855730355308,4.083950553786141,NaN,NaN,0.0,1.2206851119894597,0.831638013037514,1.1752924210863644,1.054959141163275,0.4552155103348822,1.2502804037814452,0.012658227848101264,0.4936708860759494,0.0,0.7621889861157459,0.6323533898807953,0.9014526514615332,1.7329599874902464
6,9,79,1371,0.219676333920846,8.0,2.0,0.0379746835443038,0.0,0.9620253164556962,1.0394736842105263,0.0,0.8860759493670886,0.27848101265822783,17.354430379746834,0.8492807490155917,0.4860621440544391,4.269765527197005,NaN,NaN,0.0,1.605476673427992,0.8100113345841407,1.2340970998237462,1.2909790097740748,0.5983015542381028,1.324146771350745,0.012658227848101266,0.6582278481012658,0.0,0.7515005771280009,0.6326640458134302,0.8310613972411016,1.8470447732229276
6,10,79,1402,0.22464348662073386,8.0,2.0,0.05063291139240506,0.0,0.9493670886075949,1.0533333333333332,0.0,0.9493670886075949,0.3924050632911392,17.746835443037973,0.805441866466064,0.3859306091454122,3.8597977632492806,NaN,NaN,0.0,1.6143419326628772,0.7577955177597747,1.3023553917641404,1.1802595737862522,0.48806281044704375,1.2010895689793302,0.01265822784810126,0.7215189873417721,0.0,0.7828973538973502,0.643858546515748,0.8282588326001984,1.7454228820097069
7,1,25,191,0.3056,3.0,1.0,0.08,0.0,0.92,1.0869565217391304,0.0,0.88,0.44,7.64,0.6862684151266142,0.35621978842845026,3.1519614138564696,NaN,NaN,0.0,1.1044776119402986,0.6881381899526134,0.608,0.5776,0.0896,0.2448,0.04000000000000001,0.6,0.0,0.8157244635608478,0.8227988097214104,0.6238154251592156,1.3680719543913602
7,2,25,214,0.3424,5.0,1.0,0.04,0.0,0.96,1.0416666666666667,0.04,0.88,0.52,8.56,0.621908021224587,0.5531925488459152,3.265138996400947,NaN,NaN,0.0,1.307116104868914,0.6710937671189284,0.512,0.6928,0.264,0.2768,0.04,0.72,0.0,0.7366248415290011,0.7819637354389677,0.6469485299954795,0.8800128468877847
7,3,25,249,0.3984,4.0,2.0,0.28,0.0,0.72,1.3888888888888888,0.0,0.68,0.6,9.96,0.8595339247319073,0.2632233213150694,1.9920347044389066,NaN,NaN,0.0,1.1951219512195121,0.7589679675861789,0.3152,0.7392,0.0064,0.6368,0.04,0.68,0.0,0.8735090203913733,0.9209396232848382,0.7133126241051394,0.6400070815094139
7,4,25,152,0.2432,4.0,2.0,0.16,0.04,0.8,1.1428571428571428,0.0,0.6,0.4,6.08,1.0981210474939522,0.5514980281225709,2.142897936526267,0.0,NaN,0.0,1.1132075471698113,1.0164154312816038,0.1824,0.4192,0.1408,0.6384,0.04,0.52,0.0,0.6466301082265277,0.7157965792377557,0.7769680187129344,0.8337865736230197
7,5,25,223,0.3568,4.0,1.0,0.04,0.0,0.96,1.0416666666666667,0.04,0.84,0.52,8.92,0.6631744753471915,0.36025932002974675,3.2472069280525306,NaN,NaN,0.0,1.2313432835820894,0.6120911970725873,0.6304,0.88,0.0832,0.2416,0.04,0.6,0.0,0.7428148401691683,0.8426930238365157,0.7485916567106716,0.9855520019575992
7,6,25,177,0.2832,3.0,2.0,0.08,0.0,0.92,1.0869565217391304,0.0,0.88,0.64,7.08,0.7670588269083354,0.4313501665177536,2.4482012939770703,NaN,NaN,0.0,1.1153846153846154,0.7844177203850319,0.3632,0.4832,0.064,0.2464,0.04,0.72,0.0,0.7360720455068281,0.8507794451850179,0.6030348876691469,0.7508182673252368
7,7,25,232,0.3712,4.0,2.0,0.08,0.0,0.92,1.0869565217391304,0.04,0.72,0.6,9.28,0.843642876818632,0.3965653889449715,2.7667341650095314,NaN,NaN,0.0,1.2095588235294117,0.7660720942748371,0.2992,0.8128,0.1008,0.5264,0.04000000000000001,0.6,0.0,0.7582843936787443,0.9258806072855069,0.7033969391018594,0.7510959895990986
7,8,25,170,0.272,5.0,2.0,0.08,0.0,0.92,1.0869565217391304,0.0,0.8,0.64,6.8,0.8479825437257937,0.5094267081084933,2.4375539991544155,NaN,NaN,0.0,1.4342105263157894,0.9353758134254954,0.2608,0.3328,0.0656,0.3616,0.039999999999999994,0.68,0.0,0.6864364974281786,0.9078413102205671,0.6056849085645433,0.9450916120521877
7,9,25,156,0.2496,3.0,1.0,0.08,0.0,0.92,1.0869565217391304,0.08,0.76,0.44,6.24,0.8175171509713842,0.4562853953859535,3.2092093354071807,NaN,NaN,0.0,1.0202702702702702,0.7898218929712568,0.3824,0.4608,0.0336,0.3648,0.04,0.44,0.0,0.7188309329473416,0.8191417643244269,0.6889787846956275,1.2652718023769993
7,10,25,204,0.3264,3.0,4.0,0.08,0.0,0.92,1.0869565217391304,0.04,0.88,0.4,8.16,0.701033237644224,0.5623473492443097,2.942185336599891,NaN,NaN,0.0,1.1187214611872147,0.5736289087484534,0.5312,0.6304,0.4224,0.5568,0.039999999999999994,0.44,0.0,0.8005207403535577,0.6868285180591681,0.6883054939036155,0.7645412257325921
8,1,48,287,0.12456597222222222,4.0,2.0,0.2708333333333333,0.0,0.7291666666666666,1.3714285714285714,0.10416666666666667,0.625,0.125,5.979166666666667,1.1803456016541094,0.5890293418406389,2.3189890403674016,NaN,NaN,0.0,1.2062146892655368,1.0466415835505118,0.2868923611111111,0.15711805555555555,0.24609375,0.6102430555555556,0.02083333333333334,0.14583333333333334,0.0,0.6511365482606774,0.39511673382803414,0.7613278368545883,0.8445585707163589
8,2,48,256,0.1111111111111111,3.0,2.0,0.14583333333333334,0.0,0.8541666666666666,1.170731707317073,0.10416666666666667,0.6875,0.1875,5.333333333333333,0.9825607013894325,0.7967478778453471,2.554419997635022,NaN,NaN,0.0,1.127208480565371,0.9258501565051075,0.20789930555555555,0.11805555555555555,0.2756076388888889,0.3624131944444444,0.020833333333333332,0.1875,0.0,0.6465454109892295,0.42155912498162884,0.7002154499073072,0.7393845551954717
8,3,48,273,0.11848958333333333,5.0,2.0,0.20833333333333334,0.14583333333333334,0.6458333333333334,1.0789473684210527,0.041666666666666664,0.6041666666666666,0.0625,5.6875,1.0978156902859677,0.6049076412035834,2.7785497068755274,6.0848278051103,1.5519550013934222,9.441610810502,1.0391459074733096,0.9880805120794877,0.2999131944444444,0.1636284722222222,0.22526041666666666,0.5043402777777778,0.020833333333333332,0.0625,0.0,0.6605727706037726,0.3580363166652259,0.8893494414962988,1.3039742226222788
8,4,48,257,0.1115451388888889,3.0,2.0,0.25,0.0,0.75,1.3333333333333333,0.041666666666666664,0.6458333333333334,0.08333333333333333,5.354166666666667,1.1903091703326805,0.7891049603914209,2.3917672218325694,NaN,NaN,0.0,1.1060070671378093,1.1197115263516415,0.23177083333333334,0.0993923611111111,0.3094618055555556,0.5208333333333334,0.02083333333333334,0.10416666666666667,0.0,0.6760940154383365,0.3773751342540042,0.6972133306850684,1.0648907528163924
8,5,48,269,0.11675347222222222,4.0,2.0,0.1875,0.14583333333333334,0.6666666666666666,1.0512820512820513,0.08333333333333333,0.625,0.14583333333333334,5.604166666666667,0.973695689182926,0.6101205370502307,2.597668185668692,6.914904988123515,1.9423831338668454,9.731512287796317,1.0075757575757576,0.8913624225640729,0.3094618055555556,0.12630208333333334,0.23046875,0.4144965277777778,0.020833333333333332,0.14583333333333334,0.0,0.6490492881994303,0.3236043428006512,0.7730831284984585,1.22489048752428
8,6,48,224,0.09722222222222222,4.0,2.0,0.20833333333333334,0.0,0.7916666666666666,1.263157894736842,0.020833333333333332,0.6875,0.08333333333333333,4.666666666666667,1.020842287157852,0.6824198979108816,3.3212963788757754,NaN,NaN,0.0,1.0350877192982457,0.9809850871481793,0.2339409722222222,0.08333333333333333,0.1909722222222222,0.3116319444444444,0.02083333333333334,0.08333333333333333,0.0,0.6773060193528125,0.35247021237491444,1.315488039321671,1.9919645120956548
8,7,48,297,0.12890625,3.0,2.0,0.16666666666666666,0.0,0.8333333333333334,1.2,0.020833333333333332,0.75,0.1875,6.1875,0.9374426558922361,0.6375105224637727,2.646123971358901,NaN,NaN,0.0,1.321078431372549,0.926710359419631,0.3671875,0.1918402777777778,0.2638888888888889,0.4479166666666667,0.020833333333333332,0.20833333333333334,0.0,0.6238484606318094,0.40964965863217917,0.7294914168480207,0.9530790008173273
8,8,48,200,0.08680555555555555,4.0,2.0,0.20833333333333334,0.1875,0.6041666666666666,1.0263157894736843,0.10416666666666667,0.5833333333333334,0.0625,4.166666666666667,1.0679708339311795,0.7879950318452306,2.6566851146110406,5.541841680129241,1.5563465064376258,8.037543185118697,1.0343137254901962,1.0933804694907578,0.1892361111111111,0.062065972222222224,0.1775173611111111,0.2738715277777778,0.020833333333333332,0.0625,0.0,0.6675328229096612,0.25547413506972333,1.0271977608765543,1.242593728016378
8,9,48,231,0.10026041666666667,4.0,2.0,0.22916666666666666,0.0,0.7708333333333334,1.2972972972972974,0.10416666666666667,0.5833333333333334,0.0625,4.8125,1.1798625907511024,0.6424725530607192,2.6581916254948443,NaN,NaN,0.0,1.1586715867158672,1.0723831228969172,0.21484375,0.0681423611111111,0.20399305555555555,0.4014756944444444,0.020833333333333332,0.08333333333333333,0.0,0.6756015208650363,0.3347434668158353,0.901025602494921,1.2320395506645072
8,10,48,220,0.0954861111111111,6.0,2.0,0.22916666666666666,0.0,0.7708333333333334,1.2972972972972974,0.041666666666666664,0.625,0.08333333333333333,4.583333333333333,1.0995403230909917,0.5813344217097449,2.8954664399725463,NaN,NaN,0.0,1.056768558951965,1.0563181259068668,0.2582465277777778,0.0720486111111111,0.1644965277777778,0.3463541666666667,0.020833333333333332,0.08333333333333333,0.0,0.6472399242007085,0.28785871242334093,1.112731464549366,1.4356396070199493
9,1,42,197,0.1116780045351474,5.0,2.0,0.2857142857142857,0.047619047619047616,0.6666666666666666,1.3333333333333333,0.07142857142857142,0.5952380952380952,0.11904761904761904,4.690476190476191,1.1471286845197028,0.719512767667411,2.149781875362951,5.0973486347447565,1.5339974424829577,7.834788107388194,1.0769230769230769,1.102351248282194,0.1921768707482993,0.14285714285714285,0.18140589569160998,0.38038548752834467,0.023809523809523808,0.11904761904761904,0.0,0.6142285794067421,0.4730159913024363,0.7062467634004778,0.8124607215632226
9,2,42,183,0.10374149659863946,4.0,3.0,0.19047619047619047,0.0,0.8095238095238095,1.2352941176470589,0.11904761904761904,0.5952380952380952,0.23809523809523808,4.357142857142857,1.0224055077766605,0.5214444869906031,2.670652593643816,NaN,NaN,0.0,1.386178861788618,1.1506023406233576,0.19444444444444445,0.08616780045351474,0.06292517006802721,0.1921768707482993,0.023809523809523808,0.3333333333333333,0.0,0.5690117996039048,0.5674850418022688,0.851046261059692,1.1119750302292233
9,3,42,197,0.1116780045351474,4.0,2.0,0.19047619047619047,0.2857142857142857,0.5238095238095238,0.8823529411764706,0.07142857142857142,0.7142857142857143,0.047619047619047616,4.690476190476191,1.111792992983296,0.8256962017425731,2.639048594059952,4.7879387048937225,1.5122359010992297,7.612336837167746,1.025,1.0630391252257396,0.1927437641723356,0.11961451247165533,0.2511337868480726,0.39512471655328796,0.023809523809523808,0.047619047619047616,0.0,0.6560993930962968,0.3257450916513855,0.770237287468276,0.9096665211240919
9,4,42,234,0.1326530612244898,3.0,3.0,0.23809523809523808,0.0,0.7619047619047619,1.3125,0.07142857142857142,0.5714285714285714,0.21428571428571427,5.571428571428571,1.4116940764514265,0.35928691833611887,2.021327800269467,NaN,NaN,0.0,1.2268041237113403,1.26755089366704,0.23072562358276644,0.15476190476190477,0.12698412698412698,0.7148526077097506,0.023809523809523808,0.23809523809523808,0.0,0.6697018744666444,0.570405284512764,0.7573358989678537,0.7146057933640514
9,5,42,169,0.09580498866213152,5.0,2.0,0.2619047619047619,0.0,0.7380952380952381,1.3548387096774193,0.047619047619047616,0.5952380952380952,0.09523809523809523,4.023809523809524,1.3771441952381416,0.5556769294218303,2.7186300723197374,NaN,NaN,0.0,1.1129032258064515,1.433384422019692,0.2256235827664399,0.09750566893424037,0.0963718820861678,0.36621315192743764,0.023809523809523808,0.09523809523809523,0.0,0.6170416340584409,0.49835029053455554,0.9248644226310296,1.6044826375135037
9,6,42,161,0.09126984126984126,3.0,2.0,0.21428571428571427,0.2619047619047619,0.5238095238095238,0.9393939393939394,0.047619047619047616,0.5476190476190477,0.11904761904761904,3.8333333333333335,1.3200539013804247,0.7813705299158513,2.60086587393445,4.408980582524272,1.4343357375900418,6.714170529909472,1.025,1.2427032903953381,0.10770975056689343,0.08390022675736962,0.14058956916099774,0.3282312925170068,0.023809523809523808,0.11904761904761904,0.0,0.6178925571782715,0.41390603013273825,0.9891125173073242,1.1793202062333008
9,7,42,208,0.11791383219954649,4.0,2.0,0.14285714285714285,0.11904761904761904,0.7380952380952381,1.0277777777777777,0.09523809523809523,0.6904761904761905,0.16666666666666666,4.9523809523809526,0.9647390447411011,0.6688894128446594,2.8411721206489142,5.557037037037037,1.5230154602070727,7.2078598714324755,1.199203187250996,0.940844985091594,0.268140589569161,0.12301587301587301,0.213718820861678,0.33956916099773243,0.023809523809523815,0.16666666666666666,0.0,0.6598330917448566,0.4157053292015697,0.8198121077842441,1.095383951445064
9,8,42,228,0.1292517006802721,3.0,2.0,0.2857142857142857,0.047619047619047616,0.6666666666666666,1.3333333333333333,0.14285714285714285,0.47619047619047616,0.14285714285714285,5.428571428571429,1.3140424859524835,0.6331015023914,2.219813987530627,3.9307692307692306,1.2709543599564963,4.867534450455582,1.108433734939759,1.1466368338086443,0.1984126984126984,0.1899092970521542,0.2165532879818594,0.6490929705215419,0.023809523809523808,0.14285714285714285,0.0,0.6925071859545088,0.4236215910226187,0.7497362578593172,0.7865112064619916
9,9,42,194,0.10997732426303855,4.0,2.0,0.2857142857142857,0.0,0.7142857142857143,1.4,0.023809523809523808,0.6190476190476191,0.19047619047619047,4.619047619047619,1.0420670517396087,0.4221680109235614,2.3091699084817128,NaN,NaN,0.0,1.1506849315068493,1.0288185613527914,0.2919501133786848,0.12585034013605442,0.10260770975056689,0.3072562358276644,0.023809523809523808,0.19047619047619047,0.0,0.6440775503418523,0.39288105490836583,0.8240798303206297,1.0670143547181743
9,10,42,176,0.09977324263038549,6.0,2.0,0.2857142857142857,0.0,0.7142857142857143,1.4,0.023809523809523808,0.6190476190476191,0.11904761904761904,4.190476190476191,1.1453552248145016,0.42895685220335067,2.181562922141398,NaN,NaN,0.0,1.0904255319148937,1.036927926518226,0.23015873015873015,0.07993197278911565,0.10714285714285714,0.3310657596371882,0.023809523809523808,0.11904761904761904,0.0,0.607862547572997,0.3846311861349455,0.7436252830366935,0.9522503457688091
10,1,109,875,0.073646999410824,4.0,2.0,0.14678899082568808,0.06422018348623854,0.7889908256880734,1.096774193548387,0.14678899082568808,0.5963302752293578,0.05504587155963303,8.027522935779816,1.057765387987425,0.6386794577371734,3.035895815585159,10.608106365964767,1.8697282751122823,13.919173934295515,1.1505376344086022,0.9978682039131983,0.33086440535308476,0.08820806329433549,0.2822153017422776,0.4837134921302921,0.009174311926605503,0.06422018348623854,0.0,0.6205646054207443,0.22453004714541303,0.7701336695959776,1.4766311060621293
10,2,109,617,0.05193165558454676,4.0,2.0,0.24770642201834864,0.07339449541284404,0.6788990825688074,1.2317073170731707,0.08256880733944955,0.5504587155963303,0.08256880733944955,5.660550458715596,1.2669212202782014,0.6223765274934612,2.4247266461663775,8.645357693313024,1.8772370474630453,12.30995506934827,1.0830815709969788,1.2291046512484096,0.1568891507448868,0.04797575961619392,0.11918188704654491,0.29054793367561654,0.009174311926605503,0.11009174311926606,0.0,0.664069892380856,0.28518682087296504,0.8212034284897863,1.1422799928876068
10,3,109,835,0.07028027943775776,4.0,2.0,0.13761467889908258,0.03669724770642202,0.8256880733944955,1.1170212765957446,0.06422018348623854,0.6972477064220184,0.08256880733944955,7.660550458715596,1.2187802252045494,0.6739175448412992,3.1528201867855663,9.912785500765226,1.9956953053676347,12.840034948594251,1.168898043254377,1.1799291419187357,0.27884858176921135,0.09914990320680077,0.24922144600622842,0.5188115478495077,0.009174311926605503,0.08256880733944955,0.0,0.6470998959582703,0.2980677845916689,1.0052084125653793,1.4385338425625525
10,4,109,768,0.06464102348287182,5.0,3.0,0.26605504587155965,0.0,0.7339449541284404,1.3625,0.03669724770642202,0.6330275229357798,0.09174311926605505,7.045871559633028,1.1598570358892404,0.49444359228828266,2.660808793773348,NaN,NaN,0.0,1.2004219409282701,1.0643655120836821,0.2629408298964734,0.07255281541957748,0.16900934264792525,0.41233902870128775,0.0091743119266055,0.10091743119266056,0.0,0.648907665081223,0.2694633441162253,1.02068220476653,1.2949373136906195
10,5,109,850,0.07154279942765761,5.0,5.0,0.1926605504587156,0.0,0.8073394495412844,1.2386363636363635,0.10091743119266056,0.6697247706422018,0.07339449541284404,7.798165137614679,1.0695930278204495,0.6029382113748232,2.7359510052759974,NaN,NaN,0.0,1.2114451988360815,0.9427525338738646,0.3179867014561064,0.04646073562831411,0.28970625368235,0.4906152680750779,0.009174311926605503,0.07339449541284404,0.0,0.7007398299988309,0.18803623404047765,0.7787358390799043,1.1463318167290284
10,6,109,888,0.07474118340207053,4.0,2.0,0.1743119266055046,0.07339449541284404,0.7522935779816514,1.1222222222222222,0.09174311926605505,0.6697247706422018,0.05504587155963303,8.146788990825687,1.1453808413399649,0.7299842962907418,2.817557676471176,7.4986452805124255,1.6394626782169022,12.625184215672189,1.0696202531645569,1.0938025461908547,0.3052773335577813,0.09586735123306118,0.3225317734197458,0.5602222035182224,0.009174311926605507,0.06422018348623854,0.0,0.6850914952626412,0.20288024229804524,0.7694581960476402,1.1746551070547129
10,7,109,662,0.055719215554246276,5.0,3.0,0.21100917431192662,0.05504587155963303,0.7339449541284404,1.197674418604651,0.06422018348623854,0.6513761467889908,0.03669724770642202,6.073394495412844,1.2765159509911623,0.6434596476431985,2.767674636577615,8.665666919203174,1.930665379127224,12.32114088835785,1.1319261213720317,1.2534238845042929,0.1976264624189883,0.04780742361754061,0.1574783267401734,0.3502230451982156,0.009174311926605505,0.045871559633027525,0.0,0.6100633470608969,0.25941396736677386,0.8938338828328121,1.3217585900869049
10,8,109,707,0.059506775523945794,5.0,2.0,0.1926605504587156,0.09174311926605505,0.7155963302752294,1.125,0.03669724770642202,0.7155963302752294,0.08256880733944955,6.486238532110092,1.1750079080550884,0.6728783624648208,3.2889813981813742,12.18286124458977,2.566468427327877,14.958444948623734,1.0412087912087913,1.1687586694173233,0.21757427825940578,0.06767107145863142,0.1746485986028112,0.3529164211766686,0.009174311926605502,0.08256880733944955,0.0,0.6107556062744168,0.28649214777700277,1.1196930397891773,2.0079248846734776
10,9,109,841,0.0707852874337177,5.0,2.0,0.1651376146788991,0.0,0.8348623853211009,1.1978021978021978,0.05504587155963303,0.6972477064220184,0.11009174311926606,7.715596330275229,1.0575200522644241,0.5112072216860902,3.0927765945326224,NaN,NaN,0.0,1.2342007434944238,0.9832541641454313,0.3211850854305193,0.08324215133406279,0.2114300143085599,0.42765760457873914,0.009174311926605503,0.11926605504587157,0.0,0.671737185675466,0.29022039675884126,0.9337534351282584,1.4580411319318454
10,10,109,773,0.06506186347950509,5.0,2.0,0.1834862385321101,0.0,0.8165137614678899,1.2247191011235956,0.05504587155963303,0.7155963302752294,0.08256880733944955,7.091743119266055,1.1650905373328022,0.5668173254634478,3.2067795228283047,NaN,NaN,0.0,1.163175303197354,1.1387841295991654,0.268664253850686,0.08652470330780238,0.17650029458799765,0.40627893274976856,0.009174311926605505,0.08256880733944955,0.0,0.6358374687747107,0.30651116677994616,1.049455613267672,1.8428732192181607
11,1,82,314,0.046698393813206424,5.0,3.0,0.1951219512195122,0.012195121951219513,0.7926829268292683,1.2272727272727273,0.0975609756097561,0.5975609756097561,0.07317073170731707,3.8292682926829267,1.1281362071702419,0.6234177801518253,2.6536739043150446,0.0,NaN,0.0,1.1299435028248588,1.141598756773226,0.11986912552052349,0.020969660916121357,0.07629387269482452,0.15184414039262345,0.012195121951219511,0.07317073170731707,0.0,0.5733072249010859,0.1892044620625183,0.7740841082550065,1.2112485956762074
11,2,82,348,0.05175490779298037,5.0,2.0,0.2073170731707317,0.04878048780487805,0.7439024390243902,1.2,0.0975609756097561,0.5853658536585366,0.10975609756097561,4.2439024390243905,1.0612727125986057,0.6461661811877548,2.612731819243803,9.222451753193802,1.928899936488368,9.819834167538875,1.1487179487179486,1.1087055218949442,0.1310232004759072,0.032272456870910175,0.0864069006543724,0.15392623438429506,0.012195121951219511,0.13414634146341464,0.0,0.5718683520159771,0.2914276455859745,0.7852581821742646,1.307647415614646
11,3,82,344,0.0511600237953599,6.0,2.0,0.24390243902439024,0.0975609756097561,0.6585365853658537,1.1935483870967742,0.036585365853658534,0.5487804878048781,0.07317073170731707,4.195121951219512,1.2972300055985837,0.6620801002076713,2.6902469019516877,6.57379636937648,1.8378727776820443,8.24301946898925,1.1483375959079285,1.2706986002706298,0.11511005353955979,0.030636525877453896,0.08982748364069007,0.2183224271267103,0.012195121951219513,0.08536585365853659,0.0,0.5510175386744611,0.2636129465319784,0.9091052726938015,1.4714553598482156
11,4,82,413,0.06142177275431291,4.0,2.0,0.2926829268292683,0.07317073170731707,0.6341463414634146,1.3103448275862069,0.13414634146341464,0.5121951219512195,0.04878048780487805,5.036585365853658,1.3859539995629342,0.7944615859118617,2.288235781330463,5.91175572519084,1.6406890504488298,8.787220328629298,1.1461377870563674,1.3762742535403645,0.1497620464009518,0.05339083878643665,0.16493158834027366,0.355145746579417,0.012195121951219513,0.04878048780487805,0.0,0.6231365765669368,0.2775908503663724,0.7125961902566846,0.9326486478779852
11,5,82,429,0.06380130874479477,5.0,4.0,0.17073170731707318,0.024390243902439025,0.8048780487804879,1.1764705882352942,0.06097560975609756,0.7073170731707317,0.15853658536585366,5.2317073170731705,1.1053155815665716,0.6677652548241974,2.9752556153119927,3.739130434782609,1.2804216220869744,4.927253685157205,1.2093933463796478,1.2147290519115213,0.19482450922070196,0.057555026769779895,0.12700773349196906,0.23810232004759072,0.012195121951219514,0.18292682926829268,0.0,0.5506935289081173,0.37155378851519383,0.9593246485544635,1.6018942012400093
11,6,82,376,0.05591909577632362,5.0,3.0,0.3048780487804878,0.0,0.6951219512195121,1.4385964912280702,0.13414634146341464,0.524390243902439,0.06097560975609756,4.585365853658536,1.3214381980630094,0.5525154483836855,2.296574466765801,NaN,NaN,0.0,1.0438144329896908,1.2734922135162137,0.15199286139202856,0.03851873884592504,0.09547888161808447,0.26977989292088045,0.012195121951219514,0.06097560975609756,0.0,0.6327209895225748,0.2683137049717138,0.7168258876811748,1.0830824535237862
11,7,82,417,0.06201665675193337,4.0,2.0,0.25609756097560976,0.13414634146341464,0.6097560975609756,1.1639344262295082,0.036585365853658534,0.6463414634146342,0.10975609756097561,5.085365853658536,1.1487775022070266,0.6453476360058914,2.408792067117739,7.471244158608245,2.2874515682835703,9.981050264483919,1.3213644524236985,1.106072918637636,0.1570493753718025,0.049524092801903626,0.12804878048780488,0.25609756097560976,0.012195121951219511,0.10975609756097561,0.0,0.6412682426939017,0.3489238651135503,0.836291113733266,1.021740806912148
11,8,82,387,0.057555026769779895,5.0,2.0,0.32926829268292684,0.0,0.6707317073170732,1.490909090909091,0.06097560975609756,0.5487804878048781,0.12195121951219512,4.719512195121951,1.239205346424743,0.5483776848807691,2.0945527720463026,NaN,NaN,0.0,1.078239608801956,1.2155437189881648,0.17073170731707318,0.039559785841760856,0.10023795359904819,0.26591314693634743,0.012195121951219511,0.12195121951219512,0.0,0.661261941909109,0.20792848401173078,0.7801752564550626,0.9598016574660375
11,9,82,338,0.05026769779892921,5.0,2.0,0.32926829268292684,0.036585365853658534,0.6341463414634146,1.4363636363636363,0.10975609756097561,0.5,0.07317073170731707,4.121951219512195,1.4101802406676174,0.49468427299639817,2.168428310963035,0.5,0.5773502691896257,1.3862943611198906,1.0978260869565217,1.3891104243099293,0.132064247471743,0.030933967876264127,0.06632956573468174,0.23646638905413445,0.012195121951219513,0.07317073170731707,0.0,0.6298758304077803,0.32928659720228964,0.8203643026447307,1.0024565813909034
11,10,82,331,0.049226650803093394,4.0,2.0,0.23170731707317074,0.12195121951219512,0.6463414634146342,1.1428571428571428,0.10975609756097561,0.573170731707317,0.012195121951219513,4.036585365853658,1.2038943472025954,0.7672257722455682,2.8468400478013867,6.484372770087056,1.7227151465664916,8.854664928370534,1.0,1.2598062536260957,0.13325401546698393,0.02007733491969066,0.111540749553837,0.19660916121356337,0.012195121951219513,0.012195121951219513,0.0,0.5352742524786246,0.11051791732519287,0.9027838238554027,1.644647126912768
12,1,20,54,0.135,4.0,2.0,0.3,0.0,0.7,1.4285714285714286,0.1,0.55,0.2,2.7,1.0203333114336692,0.4821557731575961,2.133737760749255,NaN,NaN,0.0,1.0,0.9040295964328968,0.1225,0.0925,0.045,0.135,0.049999999999999996,0.2,0.0,0.5999034299034298,0.6853571428571428,0.8199752270879903,0.8857501075909052
12,2,20,38,0.095,4.0,2.0,0.4,0.0,0.6,1.6666666666666667,0.1,0.4,0.15,1.9,1.092059372262799,0.5372818795095163,1.7252499999999997,NaN,NaN,0.0,1.125,0.9997083697809084,0.0825,0.0325,0.0225,0.0875,0.049999999999999996,0.15,0.0,0.5372619047619047,0.47630952380952385,0.6489470139878956,0.524385168128655
12,3,20,61,0.1525,3.0,2.0,0.3,0.1,0.6,1.2857142857142858,0.1,0.45,0.15,3.05,1.148033913605067,0.6598233376228888,2.0951785714285713,3.859060402684564,0.8544014360325193,5.003946305945459,1.09375,1.2381348212585537,0.285,0.09,0.15,0.3275,0.049999999999999996,0.15,0.0,0.7167694805194806,0.5957422438672438,0.5369513364921239,0.8762020341031149
12,4,20,63,0.1575,3.0,2.0,0.25,0.1,0.65,1.2,0.15,0.45,0.15,3.15,1.1106336245780555,0.8448011507838257,2.475238095238095,0.0,0.0,0.6931471805599453,1.178082191780822,1.2285474666246845,0.145,0.1575,0.125,0.235,0.05,0.2,0.0,0.5644444444444443,0.4791314241314241,0.8476066130148303,1.0366934464150226
12,5,20,36,0.09,3.0,3.0,0.55,0.0,0.45,2.2222222222222223,0.15,0.2,0.1,1.8,1.715654331610843,0.49690399499995325,1.49,NaN,NaN,0.0,1.15,1.566170963841179,0.0525,0.0375,0.0125,0.2,0.05,0.1,0.0,0.6737121212121211,0.45881313131313134,0.5486491347080327,0.40305263157894733
12,6,20,74,0.185,3.0,3.0,0.2,0.0,0.8,1.25,0.25,0.5,0.1,3.7,0.9529309271345878,0.4393122707498643,2.511822585528308,NaN,NaN,0.0,1.1,0.8551193456955131,0.3325,0.0775,0.1825,0.3275,0.04999999999999999,0.25,0.0,0.7171144827394826,0.41639971139971144,0.6486827837159928,1.0673759753714067
12,7,20,42,0.105,3.0,2.0,0.35,0.2,0.45,1.2307692307692308,0.1,0.5,0.2,2.1,1.023649226828733,0.9384952647596946,1.844375,3.721518987341772,1.2903657686650523,4.3694478524670215,1.0,1.3109470506889243,0.1,0.025,0.0625,0.1,0.049999999999999996,0.2,0.0,0.5133892496392497,0.34386904761904763,0.6485432169850585,0.6416196546052633
12,8,20,33,0.0825,2.0,1.0,0.15,0.35,0.5,0.7647058823529411,0.25,0.25,0.1,1.65,1.0819229395443424,1.2478777111877446,1.8833928571428573,1.9333333333333333,0.8837151016885368,2.70805020110221,1.0,1.268238457649932,0.03,0.02,0.0875,0.0825,0.05,0.1,0.0,0.6152380952380951,0.376547619047619,0.640396135605014,0.6702527859828141
12,9,20,67,0.1675,3.0,1.0,0.1,0.0,0.9,1.1111111111111112,0.15,0.6,0.25,3.35,0.8784708111184074,0.446712571527045,2.579898809523809,NaN,NaN,0.0,1.225,0.7213433721652714,0.2125,0.0825,0.095,0.2175,0.049999999999999996,0.3,0.0,0.6576816239316238,0.4970039682539683,0.7603940876943143,0.8766362852360726
12,10,20,43,0.1075,2.0,2.0,0.4,0.15,0.45,1.4166666666666667,0.1,0.25,0.2,2.15,1.2739968389635008,0.5498155295249388,1.477622767857143,3.292307692307692,1.141860829456092,4.174387269895637,1.025,1.3318903314675676,0.12,0.0575,0.02,0.165,0.05,0.2,0.0,0.5008838383838383,0.4524206349206349,0.5316072939956841,0.523308439171674
13,1,19,48,0.1329639889196676,4.0,2.0,0.2631578947368421,0.05263157894736842,0.6842105263157895,1.2857142857142858,0.10526315789473684,0.47368421052631576,0.15789473684210525,2.526315789473684,1.160574370891573,0.5172562347093353,2.345920982230858,1.6666666666666667,0.5773502691896257,1.0986122886681098,1.0425531914893618,1.2510026842694555,0.19113573407202217,0.05817174515235457,0.055401662049861494,0.1772853185595568,0.05263157894736842,0.15789473684210525,0.0,0.5665632613001034,0.640400243031822,0.9105397285523695,0.9575201230798965
13,2,19,42,0.11634349030470914,5.0,2.0,0.3157894736842105,0.3684210526315789,0.3157894736842105,0.9230769230769231,0.15789473684210525,0.5263157894736842,0.0,2.210526315789474,1.0401368206606902,1.1342544387267024,2.1811278195488724,2.6551724137931036,1.2502873232999676,4.060443010546419,1.0,1.1113378453469391,0.07756232686980609,0.04155124653739612,0.18559556786703602,0.16066481994459833,0.05263157894736842,0.0,0.0,0.521219715956558,0.14649122807017542,0.7996536706796005,0.8242401838756945
13,3,19,71,0.19667590027700832,4.0,1.0,0.10526315789473684,0.0,0.8947368421052632,1.1176470588235294,0.05263157894736842,0.5263157894736842,0.2631578947368421,3.736842105263158,0.9642145579077034,0.61699143982562,2.062928513813269,NaN,NaN,0.0,1.1851851851851851,0.8945972124104544,0.2299168975069252,0.22437673130193905,0.12188365650969529,0.3185595567867036,0.05263157894736842,0.3157894736842105,0.0,0.5416610436347277,0.6836749507802139,0.809612993103161,0.7531487827690845
13,4,19,67,0.18559556786703602,3.0,1.0,0.05263157894736842,0.10526315789473684,0.8421052631578947,0.9444444444444444,0.05263157894736842,0.5263157894736842,0.15789473684210525,3.526315789473684,0.7465173714897676,0.636699305242984,2.651850608664519,5.27906976744186,1.352071512613515,5.147494476813453,1.0985915492957747,0.5741690149005254,0.24930747922437674,0.15512465373961218,0.17174515235457063,0.2299168975069252,0.05263157894736842,0.15789473684210525,0.0,0.6152426520847573,0.5336257309941521,0.6702147611551079,0.8726815704923319
13,5,19,57,0.15789473684210525,3.0,2.0,0.2631578947368421,0.0,0.7368421052631579,1.3571428571428572,0.10526315789473684,0.42105263157894735,0.21052631578947367,3.0,1.1493422703098444,0.4444444444444444,2.0751737137788293,NaN,NaN,0.0,1.0,1.015794692051627,0.16897506925207756,0.09418282548476455,0.07479224376731301,0.26038781163434904,0.05263157894736843,0.21052631578947367,0.0,0.6067117093432881,0.6587776258828889,0.8116591400401375,0.8981936943412473
13,6,19,61,0.16897506925207756,3.0,2.0,0.21052631578947367,0.15789473684210525,0.631578947368421,1.0666666666666667,0.15789473684210525,0.631578947368421,0.05263157894736842,3.210526315789474,0.7946452521543667,0.592612810329263,2.469517543859649,4.686182669789227,1.2198942440037244,6.056784013228625,1.0625,0.7429885668776567,0.2742382271468144,0.14127423822714683,0.13019390581717452,0.19667590027700832,0.05263157894736842,0.05263157894736842,0.0,0.6247959642696485,0.4085213032581454,0.7244152148844771,0.8770230380378181
13,7,19,81,0.22437673130193905,3.0,4.0,0.2631578947368421,0.0,0.7368421052631579,1.3571428571428572,0.10526315789473684,0.5263157894736842,0.21052631578947367,4.2631578947368425,1.274850360586389,0.5629743940311787,2.1174614367562805,NaN,NaN,0.0,1.1264367816091954,1.170367765793841,0.14127423822714683,0.22437673130193905,0.14681440443213298,0.5290858725761773,0.05263157894736842,0.21052631578947367,0.0,0.8027032524262442,0.7697365070430086,0.6487282975444024,0.6591198891625684
13,8,19,70,0.19390581717451524,2.0,2.0,0.2631578947368421,0.15789473684210525,0.5789473684210527,1.1428571428571428,0.10526315789473684,0.5789473684210527,0.05263157894736842,3.6842105263157894,1.0971618715283542,0.6651854292817893,2.269967618771447,3.6893617021276595,1.1061664846167587,5.459585514144159,1.0,0.918467618612605,0.18282548476454294,0.2409972299168975,0.16620498614958448,0.40166204986149584,0.05263157894736841,0.05263157894736842,0.0,0.6654745838956365,0.5321779098094888,0.6644076864779076,0.7649164528866987
13,9,19,58,0.16066481994459833,3.0,2.0,0.3157894736842105,0.05263157894736842,0.631578947368421,1.3846153846153846,0.10526315789473684,0.47368421052631576,0.3157894736842105,3.0526315789473686,1.1161120776622542,0.4564535552106846,1.909873866481466,0.0,NaN,0.0,1.2424242424242424,1.1220004123677563,0.20498614958448755,0.10249307479224377,0.060941828254847646,0.24653739612188366,0.05263157894736843,0.3684210526315789,0.0,0.49314778788462993,0.7115516062884483,0.7869300914424483,0.7531156775903921
13,10,19,59,0.1634349030470914,4.0,1.0,0.21052631578947367,0.0,0.7894736842105263,1.2666666666666666,0.05263157894736842,0.631578947368421,0.3684210526315789,3.1052631578947367,0.8376646987494707,0.3201451201470551,2.1880258995390576,NaN,NaN,0.0,1.2121212121212122,0.7379750896305312,0.2077562326869806,0.07479224376731301,0.060941828254847646,0.1523545706371191,0.05263157894736842,0.3684210526315789,0.0,0.5507727652464494,0.5597535505430242,0.6766720791282728,0.7410523508431369
14,1,13,6,0.03550295857988166,2.0,1.0,0.5384615384615384,0.6923076923076923,-0.23076923076923078,0.6666666666666666,0.23076923076923078,0.0,0.07692307692307693,0.46153846153846156,1.1242281302693367,1.6818750559134004,1.5,0.6666666666666666,0.8660254037844387,2.1972245773362196,1.0,1.9472202409246535,0.011834319526627219,0.0,0.011834319526627219,0.0,0.07692307692307693,0.07692307692307693,0.0,0.20512820512820512,0.0,0.408248290463863,0.6666666666666666
14,2,13,15,0.08875739644970414,2.0,2.0,0.38461538461538464,0.15384615384615385,0.46153846153846156,1.375,0.38461538461538464,0.23076923076923078,0.15384615384615385,1.1538461538461537,1.2681278122287785,0.7788880963698616,1.6025641025641026,1.25,0.9574271077563381,1.3862943611198906,1.0,1.0523342660045845,0.01775147928994083,0.011834319526627219,0.023668639053254437,0.04142011834319527,0.07692307692307693,0.15384615384615385,0.0,0.5576923076923077,0.5217948717948718,0.629520687742902,0.321937321937322
14,3,13,24,0.14201183431952663,3.0,2.0,0.3076923076923077,0.23076923076923078,0.46153846153846156,1.1111111111111112,0.07692307692307693,0.38461538461538464,0.07692307692307693,1.8461538461538463,1.2281657883623462,0.7611060421566809,2.3745421245421245,2.6315789473684212,1.3000224919331833,2.9444389791664403,1.08,1.0728660991319778,0.08284023668639054,0.047337278106508875,0.07692307692307693,0.1834319526627219,0.07692307692307691,0.07692307692307693,0.0,0.40372405372405373,0.38864468864468865,0.9749797603675134,1.2657517333856618
14,4,13,9,0.05325443786982249,2.0,2.0,0.6153846153846154,0.5384615384615384,-0.15384615384615385,1.2,0.15384615384615385,0.23076923076923078,0.0,0.6923076923076923,1.4900216807326991,1.2347839317162705,1.538461538461538,1.0909090909090908,1.1361818036340359,2.3978952727983707,1.0,1.9143168634000856,0.01775147928994083,0.01775147928994083,0.0,0.011834319526627219,0.07692307692307693,0.0,0.0,0.2307692307692308,0.46153846153846156,0.3908679799852858,0.5794159544159544
14,5,13,9,0.05325443786982249,2.0,2.0,0.5384615384615384,0.6153846153846154,-0.15384615384615385,0.8333333333333334,0.15384615384615385,0.23076923076923078,0.0,0.6923076923076923,1.2347839317162705,1.4900216807326991,1.6538461538461537,1.0,0.8944271909999159,2.3978952727983707,1.0,1.7231180465856468,0.01775147928994083,0.005917159763313609,0.023668639053254437,0.011834319526627219,0.07692307692307693,0.0,0.0,0.21025641025641026,0.1282051282051282,0.4330127018922193,0.5993589743589742
14,6,13,15,0.08875739644970414,2.0,2.0,0.6923076923076923,0.15384615384615385,0.15384615384615385,2.75,0.07692307692307693,0.07692307692307693,0.07692307692307693,1.1538461538461537,1.8670634498928864,0.7788880963698616,1.2527472527472527,1.5833333333333333,0.7929614610987591,2.4849066497880004,1.0,1.7745108872274886,0.023668639053254437,0.023668639053254437,0.0,0.14201183431952663,0.07692307692307693,0.07692307692307693,0.0,0.7115384615384616,0.27564102564102566,0.4752371409476056,0.23521716378859248
14,7,13,23,0.13609467455621302,3.0,2.0,0.3076923076923077,0.07692307692307693,0.6153846153846154,1.3333333333333333,0.23076923076923078,0.3076923076923077,0.07692307692307693,1.7692307692307692,1.1340521831588193,0.5724179031342463,2.0307692307692307,2.2222222222222223,0.6666666666666666,2.1972245773362196,1.0833333333333333,0.7864238729060153,0.10650887573964497,0.005917159763313609,0.08284023668639054,0.15976331360946747,0.07692307692307691,0.07692307692307693,0.0,0.4897435897435897,0.20384615384615387,0.6523748043690024,0.6560576923076923
14,8,13,19,0.11242603550295859,4.0,3.0,0.38461538461538464,0.15384615384615385,0.46153846153846156,1.375,0.0,0.3076923076923077,0.3076923076923077,1.4615384615384615,1.2371220287940166,0.6619175256109993,1.511217948717949,0.0,0.0,0.6931471805599453,1.1176470588235294,1.2346939164851165,0.05917159763313609,0.01775147928994083,0.01775147928994083,0.07692307692307693,0.07692307692307693,0.3076923076923077,0.0,0.37210012210012205,0.5923076923076922,0.9195639133704786,0.7271857193732193
14,9,13,14,0.08284023668639054,2.0,2.0,0.38461538461538464,0.23076923076923078,0.38461538461538464,1.25,0.07692307692307693,0.15384615384615385,0.15384615384615385,1.0769230769230769,1.0355090108563159,0.8007224628952495,1.4230769230769231,1.2,0.4472135954999579,1.6094379124341003,1.0,0.7581753965757456,0.01775147928994083,0.005917159763313609,0.011834319526627219,0.03550295857988166,0.07692307692307693,0.15384615384615385,0.0,0.4961538461538462,0.41025641025641024,0.4954000862144105,0.400997150997151
14,10,13,12,0.07100591715976332,2.0,2.0,0.6153846153846154,0.5384615384615384,-0.15384615384615385,1.2,0.07692307692307693,0.23076923076923078,0.15384615384615385,0.9230769230769231,1.4972969472179352,1.2865040196566013,1.2777777777777777,1.4375,1.2093386622447824,2.772588722239781,1.1666666666666667,1.9472202409246537,0.029585798816568046,0.01775147928994083,0.01775147928994083,0.04142011834319527,0.07692307692307693,0.15384615384615385,0.0,0.289010989010989,0.24487179487179486,0.6635025924860356,0.35185185185185186
15,1,45,206,0.1017283950617284,3.0,2.0,0.2222222222222222,0.0,0.7777777777777778,1.2857142857142858,0.06666666666666667,0.5111111111111111,0.17777777777777778,4.5777777777777775,1.2175861025066292,0.4574805195624632,2.244826720502743,NaN,NaN,0.0,1.39568345323741,1.0917253895428378,0.22518518518518518,0.07802469135802469,0.13135802469135802,0.4059259259259259,0.02222222222222222,0.17777777777777778,0.0,0.654498049708576,0.40814231220371583,0.8415442141031383,0.8990281631090408
15,2,45,197,0.09728395061728395,5.0,3.0,0.28888888888888886,0.022222222222222223,0.6888888888888889,1.375,0.044444444444444446,0.6,0.15555555555555556,4.377777777777778,1.1033565533210827,0.7857108708658656,2.1518146633817166,0.0,NaN,0.0,1.0821256038647342,1.0894156195828693,0.16444444444444445,0.08148148148148149,0.1945679012345679,0.2908641975308642,0.022222222222222223,0.15555555555555556,0.0,0.6654139760022113,0.4864049130741596,0.7180607104843203,0.813548135275304
15,3,45,209,0.10320987654320987,3.0,2.0,0.2222222222222222,0.022222222222222223,0.7555555555555555,1.2571428571428571,0.08888888888888889,0.5333333333333333,0.15555555555555556,4.644444444444445,1.2085656359140424,0.5827436208133417,2.637710751899448,3.6,0.8432740427115678,2.302585092994046,1.1217391304347826,1.2314037295093525,0.2182716049382716,0.07506172839506173,0.134320987654321,0.3422222222222222,0.022222222222222216,0.15555555555555556,0.0,0.65811974172918,0.47084699492089455,0.8459955202733731,1.1460798518771058
15,4,45,203,0.10024691358024691,5.0,2.0,0.17777777777777778,0.15555555555555556,0.6666666666666666,1.027027027027027,0.1111111111111111,0.6,0.08888888888888889,4.511111111111111,1.1924660753159753,0.8619474036228871,2.7262321422524627,6.755485893416928,1.9498644639018352,6.45833828334479,1.0829493087557605,1.2543386635303118,0.18024691358024691,0.11308641975308642,0.20641975308641974,0.35358024691358025,0.022222222222222227,0.1111111111111111,0.0,0.5689033461092287,0.33930272206733825,0.7524174125498096,1.204295656753198
15,5,45,147,0.0725925925925926,5.0,2.0,0.24444444444444444,0.022222222222222223,0.7333333333333333,1.2941176470588236,0.022222222222222223,0.6222222222222222,0.15555555555555556,3.2666666666666666,1.1083615890759124,0.7041421285618082,2.272069300049361,6.077302631578948,1.5762469236467442,7.103322062526113,1.0666666666666667,1.1366116120333227,0.1145679012345679,0.04148148148148148,0.08839506172839506,0.15901234567901235,0.02222222222222222,0.15555555555555556,0.0,0.5715103415103416,0.4029065314153033,0.8019400489879293,1.0917725610418574
15,6,45,215,0.10617283950617284,4.0,2.0,0.15555555555555556,0.0,0.8444444444444444,1.1842105263157894,0.08888888888888889,0.7333333333333333,0.08888888888888889,4.777777777777778,0.7931035404172093,0.48244668724913176,2.8433696179339303,NaN,NaN,0.0,1.156,0.7217413428007722,0.34469135802469136,0.06024691358024691,0.1930864197530864,0.2795061728395062,0.022222222222222227,0.08888888888888889,0.0,0.6093904896846073,0.24979844411216956,0.6693976688260893,1.1306750891470803
15,7,45,268,0.13234567901234567,4.0,2.0,0.15555555555555556,0.0,0.8444444444444444,1.1842105263157894,0.08888888888888889,0.7111111111111111,0.26666666666666666,5.955555555555556,1.0156693114123307,0.3260536883947651,2.7225589729768687,NaN,NaN,0.0,1.2147239263803682,0.8828231612484665,0.3491358024691358,0.18617283950617283,0.1382716049382716,0.4380246913580247,0.022222222222222223,0.26666666666666666,0.0,0.6309569145038869,0.49245977996617385,0.831730217650443,0.9027723899327976
15,8,45,188,0.09283950617283951,4.0,2.0,0.2,0.0,0.8,1.25,0.06666666666666667,0.5555555555555556,0.15555555555555556,4.177777777777778,1.0298989261167228,0.7861076551486781,2.3120660646305486,NaN,NaN,0.0,1.0765306122448979,0.9730950455392267,0.15753086419753087,0.06469135802469136,0.17925925925925926,0.26765432098765435,0.02222222222222222,0.15555555555555556,0.0,0.6245795043163466,0.3596581732108048,0.8453585157495053,0.9852238127566985
15,9,45,179,0.08839506172839506,5.0,2.0,0.26666666666666666,0.06666666666666667,0.6666666666666666,1.2727272727272727,0.1111111111111111,0.5777777777777777,0.1111111111111111,3.977777777777778,1.1426409322723075,0.7645721817881949,2.1754493664961037,5.2748091603053435,1.8449604626916716,5.973809611869261,1.1522842639593909,1.0350865915171386,0.13135802469135802,0.05234567901234568,0.1654320987654321,0.2765432098765432,0.022222222222222223,0.1111111111111111,0.0,0.613089657256324,0.28182389735021307,0.6802555602682051,0.6300952661966549
15,10,45,210,0.1037037037037037,4.0,2.0,0.2222222222222222,0.13333333333333333,0.6444444444444445,1.1142857142857143,0.06666666666666667,0.5777777777777777,0.15555555555555556,4.666666666666667,1.1078234188139944,0.8030842679152125,2.456347081410078,5.189910979228487,1.5886061437058518,7.206377291472252,1.0855855855855856,1.0823683919105591,0.1832098765432099,0.10469135802469136,0.2222222222222222,0.3545679012345679,0.02222222222222222,0.15555555555555556,0.0,0.6391403110515597,0.40074695247037867,0.8047764060109532,0.9158184759064032
16,1,35,84,0.06857142857142857,3.0,2.0,0.2571428571428571,0.2571428571428571,0.4857142857142857,1.0,0.17142857142857143,0.42857142857142855,0.08571428571428572,2.4,1.0986845967507028,0.8704949384737953,1.9663383408919122,3.1025641025641026,1.1171439522637965,4.762173934797756,1.0240963855421688,1.136925843440427,0.08326530612244898,0.017142857142857144,0.08408163265306122,0.12571428571428572,0.028571428571428564,0.08571428571428572,0.0,0.4858503401360545,0.2664667078952793,0.5554158571379564,0.827336026426756
16,2,35,74,0.060408163265306125,4.0,2.0,0.34285714285714286,0.17142857142857143,0.4857142857142857,1.2608695652173914,0.2,0.3142857142857143,0.11428571428571428,2.1142857142857143,1.1629152364660615,0.7845166794373379,1.9707324735449732,2.736842105263158,1.1576811149490924,4.04305126783455,1.0666666666666667,1.086878335400381,0.045714285714285714,0.02122448979591837,0.044081632653061226,0.08408163265306122,0.02857142857142857,0.11428571428571428,0.0,0.570638567781425,0.31261904761904763,0.553290175863382,0.9793026362977355
16,3,35,76,0.062040816326530614,3.0,2.0,0.42857142857142855,0.4,0.17142857142857143,1.05,0.08571428571428572,0.42857142857142855,0.05714285714285714,2.1714285714285713,1.200311933277345,1.0683329738435796,1.7109002976190475,2.482142857142857,1.207947726161074,4.718498871295094,1.0512820512820513,1.338332431515508,0.061224489795918366,0.015510204081632653,0.08734693877551021,0.11346938775510204,0.02857142857142857,0.05714285714285714,0.0,0.5240362811791384,0.15132653061224488,0.5688169829338898,0.571716955418235
16,4,35,49,0.04,4.0,2.0,0.4,0.37142857142857144,0.22857142857142856,1.0476190476190477,0.17142857142857143,0.2857142857142857,0.02857142857142857,1.4,1.2516495718292178,0.9199665947273118,2.175535714285714,2.9622641509433962,1.8183071602131575,3.970291913552122,1.0,1.3759828342226728,0.031020408163265307,0.008979591836734694,0.02040816326530612,0.04,0.028571428571428577,0.02857142857142857,0.0,0.4437755102040816,0.21523809523809523,0.7573694911111721,1.5201474016690009
16,5,35,56,0.045714285714285714,5.0,3.0,0.45714285714285713,0.2,0.34285714285714286,1.4736842105263157,0.17142857142857143,0.3142857142857143,0.02857142857142857,1.6,1.374331388241527,0.7142200600078711,1.7790162037037038,3.0,1.7483145522430756,3.9889840465642745,1.0677966101694916,1.2544563421202484,0.035918367346938776,0.005714285714285714,0.025306122448979593,0.06938775510204082,0.028571428571428577,0.02857142857142857,0.0,0.5153741496598638,0.27212018140589567,0.6342014975943189,0.6325465323402701
16,6,35,97,0.07918367346938776,4.0,2.0,0.4,0.2,0.4,1.3333333333333333,0.17142857142857143,0.4,0.0,2.7714285714285714,1.234786572652234,0.716781641559682,2.0058698102256773,3.7294429708222814,1.194405379328925,5.932245187448011,1.0,1.135453089422784,0.10204081632653061,0.037551020408163265,0.08734693877551021,0.19510204081632654,0.02857142857142857,0.0,0.0,0.5794562976705834,0.19177283034425896,0.694717116292044,0.844760840743549
16,7,35,73,0.05959183673469388,6.0,3.0,0.3142857142857143,0.11428571428571428,0.5714285714285714,1.2916666666666667,0.11428571428571428,0.34285714285714286,0.05714285714285714,2.085714285714286,1.3728010394908408,0.8253019239008668,2.493637188208617,2.6923076923076925,1.4366984945013914,2.5649493574615367,1.1012658227848102,1.4087745074339222,0.0636734693877551,0.019591836734693877,0.05142857142857143,0.11510204081632654,0.028571428571428577,0.05714285714285714,0.0,0.5631065759637188,0.293825222396651,1.0153129270829,1.856588273266979
16,8,35,59,0.04816326530612245,4.0,2.0,0.4857142857142857,0.2,0.3142857142857143,1.5555555555555556,0.2,0.2571428571428571,0.05714285714285714,1.6857142857142857,1.5074267928379093,0.7981148683338627,1.7073979591836734,1.28,0.9797958971132711,3.2188758248682006,1.0,1.3783049572384607,0.0326530612244898,0.004081632653061225,0.037551020408163265,0.09877551020408164,0.02857142857142857,0.05714285714285714,0.0,0.4599092970521542,0.10971655328798186,0.7181477024840819,0.6690617764963128
16,9,35,82,0.06693877551020408,4.0,2.0,0.3142857142857143,0.22857142857142856,0.45714285714285713,1.125,0.14285714285714285,0.4,0.02857142857142857,2.342857142857143,1.2676303314065442,0.7603205067481532,2.2567120181405897,3.3373493975903616,1.3463945878799286,5.111987788356544,1.0,1.189111757817299,0.08653061224489796,0.00816326530612245,0.07918367346938776,0.15836734693877552,0.02857142857142857,0.02857142857142857,0.0,0.5816398680684395,0.11248093176664606,0.7377942321940362,1.1453189550952658
16,10,35,86,0.07020408163265306,4.0,3.0,0.4,0.05714285714285714,0.5428571428571428,1.5714285714285714,0.17142857142857143,0.42857142857142855,0.05714285714285714,2.4571428571428573,1.3724900304400403,0.5868079109227933,1.9238285334093717,1.5,1.0488088481701516,1.791759469228055,1.1515151515151516,1.324810177170897,0.08653061224489796,0.02122448979591837,0.04979591836734694,0.15346938775510205,0.02857142857142857,0.05714285714285714,0.0,0.6507500436071864,0.3710808239379668,0.683528759071027,0.7135730569939058
17,1,22,27,0.05578512396694215,2.0,2.0,0.45454545454545453,0.36363636363636365,0.18181818181818182,1.1666666666666667,0.09090909090909091,0.3181818181818182,0.13636363636363635,1.2272727272727273,1.2555709030188915,1.0648205658919916,1.4401515151515152,1.4761904761904763,0.8135752957807666,3.044522437723423,1.0,1.3159259532272944,0.02066115702479339,0.004132231404958678,0.03512396694214876,0.05371900826446281,0.045454545454545456,0.13636363636363635,0.0,0.39848484848484844,0.09621212121212123,0.5405066474128102,0.5261219336219336
17,2,22,32,0.06611570247933884,2.0,2.0,0.6818181818181818,0.13636363636363635,0.18181818181818182,2.7142857142857144,0.09090909090909091,0.13636363636363635,0.045454545454545456,1.4545454545454546,2.0209100378177105,0.6267831705280087,1.3224747474747476,2.161290322580645,0.8601075201604501,3.4339872044851463,1.0,1.9709336906895771,0.045454545454545456,0.01859504132231405,0.012396694214876033,0.18181818181818182,0.045454545454545456,0.045454545454545456,0.0,0.5912450294803236,0.3142773892773893,0.43864949689137744,0.3094546657046658
17,3,22,27,0.05578512396694215,4.0,2.0,0.4090909090909091,0.22727272727272727,0.36363636363636365,1.3076923076923077,0.22727272727272727,0.09090909090909091,0.045454545454545456,1.2272727272727273,1.2041581017239185,0.8314008555356479,1.9636363636363638,2.52,1.0456258094238748,3.2188758248682006,1.0714285714285714,1.3461562508278244,0.049586776859504134,0.004132231404958678,0.022727272727272728,0.04338842975206612,0.045454545454545456,0.045454545454545456,0.0,0.48290043290043294,0.0984848484848485,0.6265720968831859,0.9243290043290043
17,4,22,23,0.047520661157024795,2.0,2.0,0.5454545454545454,0.5,-0.045454545454545456,1.1,0.3181818181818182,0.13636363636363635,0.0,1.0454545454545454,1.3357840471475608,1.368011541091502,1.518181818181818,1.1538461538461537,0.6748219138295787,3.258096538021482,1.0,1.502540831225696,0.01652892561983471,0.0,0.045454545454545456,0.04338842975206612,0.04545454545454545,0.0,0.0,0.4560606060606061,0.0,0.31622776601683794,0.3596536796536796
17,5,22,51,0.10537190082644628,5.0,2.0,0.3181818181818182,0.18181818181818182,0.5,1.2,0.045454545454545456,0.2727272727272727,0.18181818181818182,2.3181818181818183,1.2156410943081897,0.6707460186438076,1.935192837465565,4.762962962962963,1.6760267844518808,4.90527477843843,1.1607142857142858,1.3092793752208014,0.09297520661157024,0.06198347107438017,0.022727272727272728,0.13016528925619836,0.045454545454545456,0.22727272727272727,0.0,0.4807556080283353,0.5570953036862127,0.9127186618536937,1.0625376999034024
17,6,22,26,0.05371900826446281,3.0,2.0,0.5454545454545454,0.22727272727272727,0.22727272727272727,1.7,0.18181818181818182,0.22727272727272727,0.045454545454545456,1.1818181818181819,1.269535982838459,0.7673970818331103,1.6022727272727273,2.3043478260869565,0.926124996899135,3.1354942159291497,1.0,1.3665384898898827,0.049586776859504134,0.0,0.022727272727272728,0.049586776859504134,0.04545454545454545,0.045454545454545456,0.0,0.49015151515151517,0.03787878787878788,0.45319379451247493,0.6051136363636365
17,7,22,40,0.08264462809917356,3.0,2.0,0.45454545454545453,0.3181818181818182,0.22727272727272727,1.25,0.2727272727272727,0.2727272727272727,0.09090909090909091,1.8181818181818181,1.0952277432222988,0.9394780719202804,1.6616161616161618,2.707692307692308,1.10004370542545,4.174387269895637,1.1162790697674418,1.3443001365553966,0.09710743801652892,0.02066115702479339,0.06818181818181818,0.08884297520661157,0.045454545454545456,0.09090909090909091,0.0,0.49249639249639254,0.2165584415584415,0.5425835982257736,0.5027657527657527
17,8,22,28,0.05785123966942149,2.0,2.0,0.6363636363636364,0.3181818181818182,0.045454545454545456,1.875,0.18181818181818182,0.13636363636363635,0.045454545454545456,1.2727272727272727,1.7347138854388369,0.8803546418531903,1.4356060606060606,1.4137931034482758,0.6822882392210131,3.367295829986474,1.0,1.7443160504808224,0.04338842975206612,0.0,0.03512396694214876,0.10950413223140495,0.04545454545454545,0.045454545454545456,0.0,0.5590449954086316,0.06212121212121213,0.4240093756242708,0.400748556998557
17,9,22,23,0.047520661157024795,3.0,2.0,0.6363636363636364,0.4090909090909091,-0.045454545454545456,1.625,0.13636363636363635,0.18181818181818182,0.045454545454545456,1.0454545454545454,1.9011014427094992,1.0000450075387854,1.484848484848485,1.0,1.1766968108291043,2.6390573296152584,1.0,2.1586628654840236,0.0371900826446281,0.010330578512396695,0.014462809917355372,0.06818181818181818,0.045454545454545456,0.045454545454545456,0.0,0.41287878787878785,0.2220238095238095,0.6877060419121365,0.4787660865211885
17,10,22,41,0.08471074380165289,4.0,2.0,0.3181818181818182,0.0,0.6818181818181818,1.4666666666666666,0.22727272727272727,0.3181818181818182,0.045454545454545456,1.8636363636363635,1.32780503165585,0.5806527254768987,2.2936765615337045,NaN,NaN,0.0,1.0,1.2434582796555007,0.09090909090909091,0.01859504132231405,0.04338842975206612,0.14049586776859505,0.045454545454545456,0.045454545454545456,0.0,0.5304309327036599,0.23943001443001444,0.8413328637218316,1.4713306310142586
18,1,15,23,0.10222222222222223,3.0,2.0,0.3333333333333333,0.3333333333333333,0.3333333333333333,1.0,0.2,0.3333333333333333,0.13333333333333333,1.5333333333333334,1.0706856727741705,1.0123461465807506,1.9490058479532164,2.411764705882353,1.1757350641945108,2.833213344056216,1.0,1.3827376009286338,0.04888888888888889,0.02666666666666667,0.02666666666666667,0.04,0.06666666666666667,0.13333333333333333,0.0,0.36957671957671956,0.3522222222222222,0.6326063575526818,0.8635727330020959
18,2,15,24,0.10666666666666667,4.0,2.0,0.26666666666666666,0.2,0.5333333333333333,1.0909090909090908,0.3333333333333333,0.3333333333333333,0.06666666666666667,1.6,1.3935437867947622,0.8451542547285165,2.0296296296296297,2.3333333333333335,1.2909944487358056,2.70805020110221,1.0,1.2470202579788043,0.03111111111111111,0.04,0.044444444444444446,0.14222222222222222,0.06666666666666667,0.06666666666666667,0.0,0.4777777777777778,0.5296296296296296,0.8055763782083076,0.66793062904174
18,3,15,11,0.04888888888888889,2.0,2.0,0.4666666666666667,0.6666666666666666,-0.13333333333333333,0.625,0.26666666666666666,0.13333333333333333,0.13333333333333333,0.7333333333333333,1.0892845046154278,1.8913835568572388,1.4333333333333333,0.75,0.7537783614444091,2.4849066497880004,1.0,1.9053767209248325,0.008888888888888889,0.0,0.05333333333333334,0.008888888888888889,0.06666666666666667,0.13333333333333333,0.0,0.45396825396825397,0.10333333333333333,0.5640760748177662,0.42380952380952375
18,4,15,14,0.06222222222222222,3.0,2.0,0.3333333333333333,0.4666666666666667,0.2,0.8,0.13333333333333333,0.13333333333333333,0.0,0.9333333333333333,1.1065666703449761,1.486087080387831,2.3,2.0,1.2649110640673518,2.3978952727983707,1.0,1.849868011996418,0.044444444444444446,0.013333333333333334,0.044444444444444446,0.017777777777777778,0.06666666666666667,0.0,0.0,0.21904761904761907,0.16000000000000003,0.5,1.1982142857142857
18,5,15,20,0.08888888888888889,2.0,2.0,0.4,0.6666666666666666,-0.06666666666666667,0.5555555555555556,0.0,0.06666666666666667,0.06666666666666667,1.3333333333333333,1.0479571965086578,1.9571298226886082,1.6266666666666665,1.5909090909090908,1.0075472768815938,3.091042453358316,1.0,2.0402205763103165,0.022222222222222223,0.044444444444444446,0.1511111111111111,0.02666666666666667,0.06666666666666667,0.06666666666666667,0.0,0.53,0.471984126984127,0.3973597071195131,0.4335238095238095
18,6,15,10,0.044444444444444446,4.0,2.0,0.6,0.4666666666666667,-0.06666666666666667,1.3333333333333333,0.06666666666666667,0.13333333333333333,0.06666666666666667,0.6666666666666666,1.6690459207925603,1.0856202966836188,1.5208333333333333,1.0,1.4142135623730951,2.302585092994046,1.0,2.0017849178028237,0.02666666666666667,0.0,0.0044444444444444444,0.03111111111111111,0.06666666666666667,0.06666666666666667,0.0,0.31111111111111106,0.10555555555555556,0.8042853971072706,0.8078497023809522
18,7,15,21,0.09333333333333334,3.0,3.0,0.3333333333333333,0.26666666666666666,0.4,1.1,0.3333333333333333,0.2,0.06666666666666667,1.4,1.1065666703449764,0.7539980898739251,1.9555555555555557,2.7857142857142856,1.42389343964797,2.6390573296152584,1.1666666666666667,1.0617476470817235,0.06666666666666667,0.013333333333333334,0.035555555555555556,0.06222222222222222,0.06666666666666667,0.06666666666666667,0.0,0.5007936507936509,0.24666666666666665,0.720472544813949,0.6633101851851851
18,8,15,11,0.04888888888888889,1.0,2.0,0.6,0.6,-0.2,1.0,0.4,0.0,0.0,0.7333333333333333,1.5857988426352896,1.4997048115685283,1.4,0.7857142857142857,0.4258153136263202,2.6390573296152584,1.0,1.6189550173763558,0.0,0.0,0.03111111111111111,0.035555555555555556,0.06666666666666667,0.0,0.0,0.38333333333333336,0.0,0.0,0.25714285714285723
18,9,15,19,0.08444444444444445,2.0,2.0,0.6,0.2,0.2,2.0,0.2,0.2,0.06666666666666667,1.2666666666666666,1.6738402537557149,0.7588027142552013,1.4704761904761905,2.0,0.9701425001453319,2.8903717578961645,1.1818181818181819,1.7106709019285926,0.05333333333333334,0.022222222222222223,0.013333333333333334,0.11555555555555555,0.06666666666666667,0.06666666666666667,0.0,0.5248677248677249,0.2019047619047619,0.5585217390569186,0.40409523809523806
18,10,15,20,0.08888888888888889,4.0,2.0,0.4666666666666667,0.13333333333333333,0.4,1.625,0.06666666666666667,0.26666666666666666,0.26666666666666666,1.3333333333333333,1.257122564771289,0.674801558131828,1.375740740740741,0.0,0.0,0.6931471805599453,1.0,1.2291111771171417,0.044444444444444446,0.008888888888888889,0.013333333333333334,0.05333333333333334,0.06666666666666668,0.26666666666666666,0.0,0.4488888888888889,0.5022222222222222,0.6016397212003674,0.3453488389182834
19,1,44,96,0.049586776859504134,3.0,2.0,0.45454545454545453,0.36363636363636365,0.18181818181818182,1.1666666666666667,0.11363636363636363,0.36363636363636365,0.06818181818181818,2.1818181818181817,1.2552859809847507,1.0285413393839382,1.7228860725962176,1.86,0.8530397222150722,4.605170185988092,1.0,1.424145925885776,0.047520661157024795,0.016012396694214875,0.0640495867768595,0.08316115702479339,0.022727272727272728,0.06818181818181818,0.0,0.6346326022462385,0.2575970746425292,0.5376039262741574,0.5441018601375576
19,2,44,136,0.07024793388429752,4.0,2.0,0.38636363636363635,0.09090909090909091,0.5227272727272727,1.4814814814814814,0.06818181818181818,0.45454545454545453,0.13636363636363635,3.090909090909091,1.6271268061206126,0.5530153921728069,1.9407344601771686,3.674772036474164,1.2880792657384923,5.796057750765372,1.0225563909774436,1.4833441304317188,0.07954545454545454,0.040289256198347105,0.05630165289256198,0.303202479338843,0.022727272727272728,0.13636363636363635,0.0,0.6159165834165834,0.3978617132563889,0.7832402750398257,0.7790624040103789
19,3,44,129,0.06663223140495868,4.0,2.0,0.20454545454545456,0.1590909090909091,0.6363636363636364,1.0571428571428572,0.18181818181818182,0.4772727272727273,0.022727272727272728,2.9318181818181817,1.1213977348401023,0.9880052837051363,2.5711334120425033,3.711934156378601,0.9871810415875315,5.493061443340548,1.0,1.2263706511774362,0.0981404958677686,0.024793388429752067,0.1322314049586777,0.15754132231404958,0.022727272727272728,0.022727272727272728,0.0,0.5032488333272883,0.13002906741208878,0.5748057262774121,1.176659301599127
19,4,44,113,0.05836776859504132,4.0,3.0,0.36363636363636365,0.11363636363636363,0.5227272727272727,1.3928571428571428,0.2727272727272727,0.2727272727272727,0.045454545454545456,2.5681818181818183,1.3446587698435388,0.7435441129814286,1.9043910746116628,2.142857142857143,0.9354143466934854,3.8918202981106265,1.1048387096774193,1.1929854521185732,0.05991735537190083,0.01652892561983471,0.06921487603305786,0.15392561983471073,0.02272727272727273,0.045454545454545456,0.0,0.6195876835582718,0.22975739538239537,0.6093134046815146,0.7383185091490088
19,5,44,81,0.04183884297520661,4.0,2.0,0.4772727272727273,0.3181818181818182,0.20454545454545456,1.3043478260869565,0.25,0.2727272727272727,0.022727272727272728,1.8409090909090908,1.2668811685989374,0.8917633047512008,1.7100636466707895,2.8181818181818183,1.141882701461102,5.170483995038151,1.036144578313253,1.4297455097862364,0.054235537190082644,0.007747933884297521,0.03925619834710744,0.06818181818181818,0.022727272727272728,0.022727272727272728,0.0,0.5172799422799423,0.13267906336088153,0.6021327536889753,0.5520515623153832
19,6,44,110,0.056818181818181816,4.0,2.0,0.3181818181818182,0.11363636363636363,0.5681818181818182,1.3,0.09090909090909091,0.5454545454545454,0.06818181818181818,2.5,1.1164728513971922,1.029788869758782,2.0641886238761242,3.6206896551724137,1.5584561614612076,4.7535901911063645,1.0092592592592593,1.2393478473296997,0.0640495867768595,0.01756198347107438,0.09245867768595041,0.10330578512396695,0.02272727272727273,0.06818181818181818,0.0,0.5666971916971916,0.28057624193987823,0.6053050621846554,0.738688138611277
19,7,44,112,0.05785123966942149,5.0,2.0,0.3409090909090909,0.09090909090909091,0.5681818181818182,1.3793103448275863,0.13636363636363635,0.45454545454545453,0.045454545454545456,2.5454545454545454,1.1600144836501485,0.5712208924933355,2.255428447420635,6.463081130355515,1.8265965883341757,7.00033446027523,1.0756302521008403,1.2099909392593404,0.10278925619834711,0.024793388429752067,0.04183884297520661,0.11105371900826447,0.022727272727272724,0.045454545454545456,0.0,0.5655821451275996,0.28929996770905864,0.8295971095216383,1.2102799817903678
19,8,44,102,0.05268595041322314,4.0,2.0,0.29545454545454547,0.22727272727272727,0.4772727272727273,1.096774193548387,0.11363636363636363,0.4318181818181818,0.045454545454545456,2.3181818181818183,1.2228434711269547,0.8565670268694088,2.387736276455026,4.204761904761905,1.3872199283611406,5.3471075307174685,1.0,1.3714541917125862,0.08419421487603305,0.012913223140495868,0.06198347107438017,0.10898760330578512,0.02272727272727272,0.045454545454545456,0.0,0.48529337010286205,0.15179088588179496,0.8473020691324439,1.2855038862207246
19,9,44,86,0.04442148760330578,4.0,3.0,0.3409090909090909,0.045454545454545456,0.6136363636363636,1.4482758620689655,0.20454545454545456,0.25,0.045454545454545456,1.9545454545454546,1.7994455259573634,0.7876376380759951,2.1118837682379348,3.192982456140351,0.9717178546123514,4.04305126783455,1.096774193548387,1.788030154084145,0.04442148760330578,0.01084710743801653,0.03460743801652893,0.1384297520661157,0.02272727272727273,0.045454545454545456,0.0,0.5662651389757005,0.26611466556319496,0.6593336150031717,0.8993122718680963
19,10,44,107,0.05526859504132232,4.0,2.0,0.3409090909090909,0.13636363636363635,0.5227272727272727,1.3103448275862069,0.045454545454545456,0.4318181818181818,0.09090909090909091,2.4318181818181817,1.154259502264533,0.7280685890975128,1.8414014274691355,3.847058823529412,1.8740450415950975,4.442651256490317,1.0803571428571428,1.1992599895365619,0.08006198347107438,0.01756198347107438,0.0506198347107438,0.10433884297520661,0.022727272727272728,0.09090909090909091,0.0,0.5517324216187851,0.2641996261314443,0.7013340798598248,0.710002143749361
20,1,16,49,0.19140625,3.0,1.0,0.0625,0.25,0.6875,0.8,0.1875,0.5625,0.3125,3.0625,0.7490657793929445,0.7200351696718349,2.197172619047619,3.5945945945945947,1.0661316225666682,3.6109179126442243,1.0,0.6554378523451517,0.13671875,0.0859375,0.1484375,0.16015625,0.06249999999999999,0.3125,0.0,0.6190025252525252,0.6220982142857143,0.8246274536629593,0.590813669217687
20,2,16,63,0.24609375,4.0,2.0,0.25,0.0,0.75,1.3333333333333333,0.0625,0.625,0.4375,3.9375,0.9155488041785579,0.38759638360047033,2.088914603791599,NaN,NaN,0.0,1.267605633802817,0.824093394934317,0.2265625,0.1328125,0.09765625,0.2421875,0.0625,0.4375,0.0,0.6555059523809524,0.7810267857142856,0.661147236078534,0.57909776199006
20,3,16,55,0.21484375,2.0,2.0,0.1875,0.0,0.8125,1.2307692307692308,0.125,0.6875,0.1875,3.4375,1.098639278590935,0.5617760109700105,2.4528903903903903,NaN,NaN,0.0,1.1475409836065573,1.0061628279576007,0.1875,0.2265625,0.1015625,0.3046875,0.0625,0.1875,0.0,0.6207312091503268,0.6588789682539682,0.7410211540215539,0.8982795530139749
20,4,16,70,0.2734375,3.0,3.0,0.25,0.0625,0.6875,1.25,0.0,0.5,0.25,4.375,0.9061543170224945,0.5068241788819075,1.9464181993118614,4.7698209718670075,1.4062897971285189,5.968707559985366,1.1466666666666667,0.8713739249064106,0.24609375,0.2890625,0.0703125,0.296875,0.0625,0.375,0.0,0.6544552669552669,0.7775243853368853,0.6199315595416298,0.7153427502329084
20,5,16,64,0.25,3.0,1.0,0.0625,0.125,0.8125,0.9333333333333333,0.0,0.5,0.5625,4.0,0.8215838362577492,0.5916079783099616,1.824928320687249,5.1395348837209305,1.03696891969857,3.7612001156935624,1.1290322580645162,0.898928760618252,0.21484375,0.203125,0.09765625,0.1875,0.0625,0.5625,0.0,0.5984603937728938,0.7949833152958155,0.6464754398155752,0.8195196708850572
20,6,16,52,0.203125,3.0,3.0,0.375,0.0,0.625,1.6,0.0,0.5,0.375,3.25,0.9826904260105422,0.5783742432767871,1.5346049783549782,NaN,NaN,0.0,1.1153846153846154,0.7442084075352506,0.09765625,0.1484375,0.1015625,0.23828125,0.06249999999999999,0.375,0.0,0.7163919413919413,0.7586061507936508,0.48792738452399537,0.2871351563199506
20,7,16,57,0.22265625,4.0,2.0,0.1875,0.1875,0.625,1.0,0.0,0.625,0.375,3.5625,0.7245422876710348,0.6147197519587609,2.1205028979361047,4.558704453441296,1.3080407762985684,5.5093883366279774,1.0555555555555556,0.7972456946579011,0.21875,0.15234375,0.09765625,0.16796875,0.06250000000000001,0.375,0.0,0.6540854978354979,0.6592329545454546,0.5714913779465035,0.7810962197721083
20,8,16,57,0.22265625,3.0,2.0,0.25,0.0,0.75,1.3333333333333333,0.0625,0.6875,0.25,3.5625,0.8003282388075339,0.32361962302729846,2.32859619140625,NaN,NaN,0.0,1.0862068965517242,0.7092002642951934,0.296875,0.1953125,0.06640625,0.15234375,0.0625,0.25,0.0,0.6459498834498834,0.6630456349206348,0.7420475606996242,0.7365133110988039
20,9,16,58,0.2265625,2.0,3.0,0.25,0.0625,0.6875,1.25,0.0625,0.5,0.1875,3.625,1.1870619746202713,0.651836638103808,1.8673270089285716,0.0,NaN,0.0,1.0350877192982457,0.9738556197574539,0.10546875,0.296875,0.140625,0.45703125,0.0625,0.1875,0.0,0.6164697230873701,0.6550985472860472,0.6165260744154398,0.6275172104377776
20,10,16,43,0.16796875,4.0,2.0,0.25,0.0,0.75,1.3333333333333333,0.0,0.5,0.5,2.6875,0.9085853355962628,0.5212623525998846,1.7501694775132273,NaN,NaN,0.0,1.054054054054054,1.077357636625313,0.171875,0.06640625,0.01953125,0.09765625,0.0625,0.5,0.0,0.6034455128205127,0.7238343253968255,0.5757091674963579,0.532487760595279
21,1,14,17,0.08673469387755102,2.0,1.0,0.42857142857142855,0.5,0.07142857142857142,0.875,0.21428571428571427,0.0,0.07142857142857142,1.2142857142857142,1.0799796920378952,1.5212101706485317,1.5714285714285714,1.4666666666666666,0.9154754164341269,2.70805020110221,1.0,1.6023339378677925,0.04081632653061224,0.01020408163265306,0.09693877551020408,0.05102040816326531,0.07142857142857142,0.07142857142857142,0.0,0.36428571428571427,0.11190476190476191,0.3321055820775357,0.41758241758241765
21,2,14,32,0.16326530612244897,3.0,1.0,0.21428571428571427,0.14285714285714285,0.6428571428571429,1.0909090909090908,0.14285714285714285,0.42857142857142855,0.5,2.2857142857142856,1.0775238708760435,0.716394551798207,1.3935136554621848,0.5,0.7071067811865476,0.6931471805599453,1.0,1.1570618251881326,0.04591836734693878,0.08673469387755102,0.0,0.12755102040816327,0.07142857142857142,0.5,0.0,0.3862966398680685,0.8224206349206348,0.6535817758875608,0.37322487739413474
21,3,14,29,0.14795918367346939,3.0,2.0,0.14285714285714285,0.07142857142857142,0.7857142857142857,1.0833333333333333,0.0,0.42857142857142855,0.2857142857142857,2.0714285714285716,1.1116242196642163,0.7201481600052265,1.8500992063492063,0.0,NaN,0.0,1.0,1.1179419488697588,0.11734693877551021,0.04591836734693878,0.07653061224489796,0.16326530612244897,0.07142857142857142,0.2857142857142857,0.0,0.4515873015873016,0.5568877551020409,0.6062127744342302,0.8403877208825125
21,4,14,18,0.09183673469387756,3.0,2.0,0.42857142857142855,0.14285714285714285,0.42857142857142855,1.5,0.21428571428571427,0.35714285714285715,0.14285714285714285,1.2857142857142858,1.158805423484321,0.8314794192830981,1.6303571428571428,1.3333333333333333,0.5773502691896257,1.0986122886681098,1.0,1.0877894327269944,0.05102040816326531,0.0,0.05102040816326531,0.061224489795918366,0.07142857142857142,0.14285714285714285,0.0,0.5095238095238096,0.11666666666666667,0.7120576829097834,0.3898248626373626
21,5,14,33,0.1683673469387755,3.0,2.0,0.35714285714285715,0.0,0.6428571428571429,1.5555555555555556,0.07142857142857142,0.5714285714285714,0.14285714285714285,2.357142857142857,1.098844487386276,0.48818780119583094,1.9134920634920631,NaN,NaN,0.0,1.1388888888888888,0.9804185828431824,0.11734693877551021,0.10204081632653061,0.03571428571428571,0.17346938775510204,0.07142857142857142,0.21428571428571427,0.0,0.5409863945578232,0.6662698412698412,0.7983233268623029,0.5733414733414732
21,6,14,28,0.14285714285714285,3.0,2.0,0.21428571428571427,0.2857142857142857,0.5,0.9090909090909091,0.2857142857142857,0.21428571428571427,0.07142857142857142,2.0,1.3155870289605438,0.8320502943378437,2.2964285714285717,2.96,1.171893055416463,3.2188758248682006,1.0357142857142858,1.32235637164358,0.07142857142857142,0.10714285714285714,0.04591836734693878,0.16326530612244897,0.07142857142857142,0.07142857142857142,0.0,0.6218614718614718,0.45425170068027215,0.6196517198945339,0.7332554945054945
21,7,14,19,0.09693877551020408,2.0,2.0,0.42857142857142855,0.5,0.07142857142857142,0.875,0.07142857142857142,0.2857142857142857,0.14285714285714285,1.3571428571428572,1.1417721859882364,1.1417721859882364,1.707080200501253,1.6842105263157894,0.8200698871944031,2.9444389791664403,1.0555555555555556,1.548698098445223,0.05102040816326531,0.00510204081632653,0.04591836734693878,0.05102040816326531,0.07142857142857142,0.14285714285714285,0.0,0.45929705215419503,0.2178571428571429,0.46408763835768946,0.6114490215078857
21,8,14,18,0.09183673469387756,4.0,2.0,0.42857142857142855,0.14285714285714285,0.42857142857142855,1.5,0.07142857142857142,0.35714285714285715,0.0,1.2857142857142858,1.1588054234843208,0.5648790304908822,2.0624999999999996,3.210526315789474,1.228320776436091,2.9444389791664403,1.0,1.1702225013876788,0.09183673469387756,0.01020408163265306,0.02040816326530612,0.07653061224489796,0.07142857142857142,0.0,0.0,0.47176870748299315,0.11904761904761904,0.8056682364283343,1.0936832264957266
21,9,14,21,0.10714285714285714,2.0,2.0,0.5714285714285714,0.14285714285714285,0.2857142857142857,2.0,0.07142857142857142,0.21428571428571427,0.14285714285714285,1.5,1.74923670777544,0.7734924681537619,1.592857142857143,0.0,0.0,0.6931471805599453,1.0,1.7316982990056318,0.061224489795918366,0.025510204081632654,0.04081632653061224,0.1683673469387755,0.07142857142857142,0.14285714285714285,0.0,0.6540816326530612,0.44722222222222224,0.6753874059738959,0.6147313797313796
21,10,14,17,0.08673469387755102,3.0,2.0,0.5,0.35714285714285715,0.14285714285714285,1.2857142857142858,0.14285714285714285,0.21428571428571427,0.07142857142857142,1.2142857142857142,1.5212101706485317,1.0799796920378952,1.8511904761904763,2.2,1.4735767952260144,2.70805020110221,1.0588235294117647,1.8159967027744361,0.05612244897959184,0.030612244897959183,0.025510204081632654,0.08163265306122448,0.07142857142857142,0.07142857142857142,0.0,0.36734693877551017,0.2119047619047619,0.6674751913947446,1.1211175976800978
22,1,9,17,0.20987654320987653,2.0,2.0,0.4444444444444444,0.2222222222222222,0.3333333333333333,1.4,0.1111111111111111,0.4444444444444444,0.3333333333333333,1.8888888888888888,1.3087409094874698,0.7692174606248247,1.5925925925925926,0.0,0.0,0.6931471805599453,1.0666666666666667,1.476458870354251,0.04938271604938271,0.08641975308641975,0.0,0.07407407407407407,0.1111111111111111,0.3333333333333333,0.0,0.4894179894179895,0.7722222222222223,0.6346477588219923,0.43132716049382713
22,2,9,13,0.16049382716049382,3.0,2.0,0.5555555555555556,0.1111111111111111,0.3333333333333333,2.0,0.1111111111111111,0.3333333333333333,0.2222222222222222,1.4444444444444444,1.3003185772597667,0.7018572150344099,1.3616557734204793,2.909090909090909,0.9438798074485389,2.3978952727983707,1.0,1.4272288704061133,0.06172839506172839,0.012345679012345678,0.0,0.08641975308641975,0.1111111111111111,0.2222222222222222,0.0,0.6527777777777778,0.49444444444444446,0.5691603058025385,0.2627942244435901
22,3,9,13,0.16049382716049382,2.0,1.0,0.4444444444444444,0.1111111111111111,0.4444444444444444,1.6,0.2222222222222222,0.2222222222222222,0.2222222222222222,1.4444444444444444,1.2046507510281406,0.6105579948610593,1.3722222222222222,0.0,NaN,0.0,1.0,1.0384615384615385,0.09876543209876543,0.0,0.06172839506172839,0.14814814814814814,0.1111111111111111,0.2222222222222222,0.0,0.575925925925926,0.3074074074074074,0.5175215219109498,0.3399131944444444
22,4,9,8,0.09876543209876543,2.0,2.0,0.3333333333333333,0.7777777777777778,-0.1111111111111111,0.3333333333333333,0.3333333333333333,0.2222222222222222,0.0,0.8888888888888888,0.8794529549668931,2.0625,1.8888888888888888,1.1111111111111112,0.7817359599705717,2.1972245773362196,1.0,1.9304306514350627,0.012345679012345678,0.024691358024691357,0.13580246913580246,0.0,0.1111111111111111,0.0,0.0,0.5634920634920635,0.28148148148148144,0.3779644730092272,0.548611111111111
22,5,9,18,0.2222222222222222,2.0,2.0,0.4444444444444444,0.2222222222222222,0.3333333333333333,1.4,0.0,0.5555555555555556,0.2222222222222222,2.0,1.0307764064044151,0.7071067811865476,1.475,2.4210526315789473,0.9612370197756298,2.9444389791664403,1.0,0.961046882889233,0.12345679012345678,0.1111111111111111,0.04938271604938271,0.1728395061728395,0.1111111111111111,0.2222222222222222,0.0,0.582010582010582,0.6351851851851852,0.5732358241547786,0.35059027777777785
22,6,9,15,0.18518518518518517,3.0,1.0,0.2222222222222222,0.2222222222222222,0.5555555555555556,1.0,0.1111111111111111,0.3333333333333333,0.2222222222222222,1.6666666666666667,1.0392304845413263,0.7348469228349533,2.368888888888889,3.5714285714285716,1.7182493859684491,1.9459101490553132,1.0,1.1401754250991378,0.1111111111111111,0.08641975308641975,0.012345679012345678,0.08641975308641975,0.1111111111111111,0.2222222222222222,0.0,0.291005291005291,0.6333333333333333,0.977284868544333,2.0804111111111117
22,7,9,12,0.14814814814814814,2.0,2.0,0.4444444444444444,0.4444444444444444,0.1111111111111111,1.0,0.0,0.4444444444444444,0.2222222222222222,1.3333333333333333,1.0606601717798214,1.1858541225631425,1.398148148148148,1.6666666666666667,0.9847319278346618,2.4849066497880004,1.0,1.4577379737113252,0.04938271604938271,0.06172839506172839,0.04938271604938271,0.037037037037037035,0.1111111111111111,0.2222222222222222,0.0,0.4801587301587301,0.587037037037037,0.4800305124982086,0.501350308641975
22,8,9,23,0.2839506172839506,3.0,3.0,0.3333333333333333,0.0,0.6666666666666666,1.5,0.0,0.6666666666666666,0.4444444444444444,2.5555555555555554,0.8553180683872175,0.6221342617936603,1.5527375201288247,NaN,NaN,0.0,1.0952380952380953,0.8749831216303526,0.1111111111111111,0.14814814814814814,0.012345679012345678,0.07407407407407407,0.1111111111111111,0.4444444444444444,0.0,0.5386243386243386,0.9198412698412698,0.47697133474460174,0.3095368328315713
22,9,9,16,0.19753086419753085,2.0,3.0,0.3333333333333333,0.0,0.6666666666666666,1.5,0.1111111111111111,0.4444444444444444,0.2222222222222222,1.7777777777777777,1.1171601832324674,0.6147598616533126,1.816137566137566,NaN,NaN,0.0,1.0666666666666667,1.014061296224247,0.12345679012345678,0.06172839506172839,0.06172839506172839,0.12345679012345678,0.1111111111111111,0.2222222222222222,0.0,0.5067460317460317,0.7296296296296295,0.6147434118362469,0.610238134605694
22,10,9,20,0.24691358024691357,3.0,2.0,0.2222222222222222,0.3333333333333333,0.4444444444444444,0.8571428571428571,0.1111111111111111,0.5555555555555556,0.2222222222222222,2.2222222222222223,0.8042853971072705,0.8937281465859738,1.8333333333333333,2.1052631578947367,0.7374684055082,2.9444389791664403,1.0,0.7035623639735143,0.09876543209876543,0.12345679012345678,0.1728395061728395,0.16049382716049382,0.1111111111111111,0.2222222222222222,0.0,0.6325396825396825,0.672222222222222,0.7521897856819185,0.5
23,1,14,32,0.16326530612244897,3.0,2.0,0.2857142857142857,0.2857142857142857,0.42857142857142855,1.0,0.14285714285714285,0.42857142857142855,0.07142857142857142,2.2857142857142856,1.266003326645283,0.8653311949323664,2.257936507936508,2.263157894736842,1.1945294407402949,2.9444389791664403,1.0,1.1733084182050215,0.05612244897959184,0.12755102040816327,0.10714285714285714,0.2193877551020408,0.07142857142857142,0.07142857142857142,0.0,0.5079158936301794,0.4754818594104309,0.7759114192135271,0.8189017772351105
23,2,14,34,0.17346938775510204,3.0,2.0,0.21428571428571427,0.0,0.7857142857142857,1.2727272727272727,0.21428571428571427,0.5,0.21428571428571427,2.4285714285714284,1.043121377985072,0.5758885232084089,2.242687074829932,NaN,NaN,0.0,1.088235294117647,0.9222503174971007,0.14285714285714285,0.10204081632653061,0.061224489795918366,0.17346938775510204,0.07142857142857141,0.21428571428571427,0.0,0.40712105354962497,0.5642006802721089,0.7967575105284552,0.7693870213938241
23,3,14,31,0.15816326530612246,4.0,2.0,0.21428571428571427,0.21428571428571427,0.5714285714285714,1.0,0.0,0.2857142857142857,0.14285714285714285,2.2142857142857144,1.0048310424331788,0.7552479219946647,2.257142857142857,3.7096774193548385,1.3709740670315824,3.4339872044851463,1.0,1.0241617978314543,0.11734693877551021,0.10714285714285714,0.05102040816326531,0.14285714285714285,0.07142857142857142,0.14285714285714285,0.0,0.45229591836734695,0.7208333333333333,0.679473758002191,1.405201465201465
23,4,14,18,0.09183673469387756,4.0,2.0,0.35714285714285715,0.2857142857142857,0.35714285714285715,1.1111111111111112,0.21428571428571427,0.2857142857142857,0.0,1.2857142857142858,1.1179278076405097,0.8314794192830979,2.128720238095238,2.6153846153846154,1.5021352323976214,2.5649493574615367,1.0,1.1702225013876788,0.0663265306122449,0.02040816326530612,0.030612244897959183,0.061224489795918366,0.07142857142857142,0.0,0.0,0.4309523809523809,0.29047619047619044,0.7343912962313702,0.9804621918879732
23,5,14,42,0.21428571428571427,2.0,2.0,0.2857142857142857,0.07142857142857142,0.6428571428571429,1.3,0.14285714285714285,0.5714285714285714,0.21428571428571427,3.0,0.978399180940457,0.6132441406718666,1.763059163059163,3.42,1.1795883059053152,3.912023005428146,1.025,0.7972020669385746,0.17346938775510204,0.12244897959183673,0.10714285714285714,0.29591836734693877,0.07142857142857144,0.21428571428571427,0.0,0.6216063698206555,0.5747165532879819,0.5202504756399532,0.4641586752192811
23,6,14,39,0.1989795918367347,3.0,3.0,0.21428571428571427,0.0,0.7857142857142857,1.2727272727272727,0.21428571428571427,0.42857142857142855,0.21428571428571427,2.7857142857142856,1.1795300566771347,0.5663394773284309,2.2449254449254448,NaN,NaN,0.0,1.1,1.0114901506626117,0.1377551020408163,0.16326530612244897,0.061224489795918366,0.3010204081632653,0.07142857142857144,0.21428571428571427,0.0,0.5392857142857143,0.562046485260771,0.752931458763432,0.7148863318859576
23,7,14,31,0.15816326530612246,2.0,3.0,0.2857142857142857,0.07142857142857142,0.6428571428571429,1.3,0.14285714285714285,0.42857142857142855,0.2857142857142857,2.2142857142857144,1.0048310424331788,0.47460103016869737,1.5134199134199133,1.5,0.5773502691896257,1.3862943611198906,1.2285714285714286,0.8089786709391161,0.10204081632653061,0.02040816326530612,0.061224489795918366,0.1377551020408163,0.07142857142857144,0.2857142857142857,0.0,0.6412698412698413,0.5743197278911565,0.5267470907892575,0.42612121464394187
23,8,14,29,0.14795918367346939,2.0,1.0,0.35714285714285715,0.21428571428571427,0.42857142857142855,1.2222222222222223,0.21428571428571427,0.35714285714285715,0.07142857142857142,2.0714285714285716,1.111624219664216,0.6411311233680196,1.9104761904761907,3.04,1.0490034143249038,3.912023005428146,1.0,1.027830067373876,0.12755102040816327,0.07653061224489796,0.05102040816326531,0.17346938775510204,0.07142857142857142,0.07142857142857142,0.0,0.47789115646258506,0.392687074829932,0.5967857711984936,0.7371689865689868
23,9,14,32,0.16326530612244897,3.0,2.0,0.2857142857142857,0.07142857142857142,0.6428571428571429,1.3,0.07142857142857142,0.5,0.35714285714285715,2.2857142857142856,0.9149532354590169,0.5541582320545696,1.667848191908342,4.26984126984127,1.3100892509161746,4.143134726391533,1.0,0.9734300723571422,0.12244897959183673,0.07142857142857142,0.02040816326530612,0.09693877551020408,0.07142857142857142,0.35714285714285715,0.0,0.5083333333333333,0.8612811791383219,0.7116936540612112,0.5409200795372994
23,10,14,17,0.08673469387755102,3.0,2.0,0.42857142857142855,0.35714285714285715,0.21428571428571427,1.125,0.07142857142857142,0.21428571428571427,0.07142857142857142,1.2142857142857142,1.1272509495319376,0.9237642725257904,1.7499999999999998,2.0,1.1952286093343936,2.70805020110221,1.0,1.1915325427249723,0.05612244897959184,0.00510204081632653,0.04081632653061224,0.061224489795918366,0.07142857142857142,0.07142857142857142,0.0,0.47142857142857136,0.2011904761904762,0.6045679870621601,0.7158119658119659
24,1,29,47,0.0558858501783591,4.0,2.0,0.4827586206896552,0.1724137931034483,0.3448275862068966,1.6,0.13793103448275862,0.3103448275862069,0.06896551724137931,1.6206896551724137,1.4695490696418092,1.0086767077560477,1.581591235632184,1.4545454545454546,1.0357254813546264,2.3978952727983707,1.0,1.6247117554113302,0.052318668252080855,0.008323424494649227,0.04875148632580262,0.09631391200951249,0.03448275862068966,0.06896551724137931,0.0,0.5748134049858189,0.11985370950888191,0.6508704876330819,0.48056156753514984
24,2,29,59,0.07015457788347206,3.0,2.0,0.3103448275862069,0.10344827586206896,0.5862068965517241,1.3,0.2413793103448276,0.3103448275862069,0.06896551724137931,2.0344827586206895,1.0711159445954153,0.6228834148637546,2.1254801631442346,3.888888888888889,1.4404860290887933,4.394449154672439,1.123076923076923,0.9742340698301131,0.06896551724137931,0.009512485136741973,0.04399524375743163,0.07966706302021404,0.03448275862068965,0.06896551724137931,0.0,0.5531124048365428,0.19827586206896555,0.7027316160123558,0.8179840431451684
24,3,29,77,0.09155766944114149,4.0,2.0,0.3103448275862069,0.20689655172413793,0.4827586206896552,1.15,0.13793103448275862,0.4482758620689655,0.10344827586206896,2.6551724137931036,1.0665628538580325,0.6621648434001857,2.2604346264367816,3.8853046594982077,0.9969914258666384,5.631211781821365,1.0,1.0234345406136347,0.13912009512485138,0.02497027348394768,0.09274673008323424,0.17122473246135553,0.034482758620689655,0.10344827586206896,0.0,0.6012891323236151,0.2129720853858785,0.515285933031478,1.5240883142000017
24,4,29,50,0.059453032104637336,3.0,2.0,0.41379310344827586,0.1724137931034483,0.41379310344827586,1.411764705882353,0.10344827586206896,0.3448275862068966,0.13793103448275862,1.7241379310344827,1.1896217886370442,0.8616263691415207,1.669891443167305,2.0,1.5954480704349312,2.4849066497880004,1.1636363636363636,1.2603060852711252,0.0535077288941736,0.007134363852556481,0.04637336504161712,0.07372175980975029,0.034482758620689655,0.13793103448275862,0.0,0.4609058565955117,0.2990968801313629,0.5919436873452275,0.5213954931645264
24,5,29,71,0.08442330558858502,3.0,2.0,0.41379310344827586,0.06896551724137931,0.5172413793103449,1.588235294117647,0.10344827586206896,0.3103448275862069,0.10344827586206896,2.4482758620689653,1.2378636900512197,0.6419882787389953,1.8327600201522616,1.7058823529411764,0.7717436331412898,2.833213344056216,1.1904761904761905,1.1364460484804915,0.09869203329369798,0.027348394768133173,0.0713436385255648,0.1724137931034483,0.034482758620689655,0.10344827586206896,0.0,0.5425416143468882,0.3637284171766931,0.5884322924130806,0.7115346943525129
24,6,29,65,0.07728894173602854,4.0,2.0,0.2413793103448276,0.13793103448275862,0.6206896551724138,1.1363636363636365,0.13793103448275862,0.5517241379310345,0.06896551724137931,2.2413793103448274,1.0233454163096618,0.7695823372423741,2.4170207307060756,2.912280701754386,1.0737235237777853,4.04305126783455,1.0,0.9724958087600123,0.09274673008323424,0.013079667063020214,0.08442330558858502,0.1117717003567182,0.03448275862068965,0.06896551724137931,0.0,0.48228466935363484,0.16220580186097425,0.799842295463893,0.9533629883347017
24,7,29,68,0.08085612366230678,4.0,3.0,0.3448275862068966,0.10344827586206896,0.5517241379310345,1.368421052631579,0.13793103448275862,0.41379310344827586,0.06896551724137931,2.3448275862068964,1.0948865555167395,0.6060842447344053,2.2959274405923726,2.3125,1.4930394055974097,2.772588722239781,1.095890410958904,1.0347251826731259,0.10225921521997622,0.019024970273483946,0.06302021403091558,0.12128418549346016,0.034482758620689655,0.06896551724137931,0.0,0.5071192217743941,0.22776409414340448,0.9098202658069708,1.2705693418549642
24,8,29,69,0.08204518430439953,6.0,2.0,0.27586206896551724,0.13793103448275862,0.5862068965517241,1.1904761904761905,0.06896551724137931,0.41379310344827586,0.10344827586206896,2.3793103448275863,1.4446769699119608,0.5435265679014254,2.5749780882978994,3.8620689655172415,1.6507391846241393,4.465908118654584,1.0,1.3064567721767673,0.08323424494649227,0.03329369797859691,0.04518430439952437,0.21284185493460167,0.03448275862068966,0.10344827586206896,0.0,0.5029282977558839,0.38789280079848026,1.1381516357335077,1.6680273413382911
24,9,29,63,0.07491082045184304,3.0,2.0,0.3793103448275862,0.13793103448275862,0.4827586206896552,1.3888888888888888,0.2413793103448276,0.3448275862068966,0.0,2.1724137931034484,1.1545290848511958,0.6857358063306424,2.0028639846743292,2.9456521739130435,1.0829764685964713,4.5217885770490405,1.0,0.9939619024240653,0.089179548156956,0.009512485136741973,0.0713436385255648,0.13912009512485138,0.034482758620689655,0.0,0.0,0.6641501219087426,0.10528188286808977,0.5198902932017028,0.9150796908258835
24,10,29,69,0.08204518430439953,4.0,2.0,0.2413793103448276,0.3448275862068966,0.41379310344827586,0.8636363636363636,0.10344827586206896,0.5172413793103449,0.13793103448275862,2.3793103448275863,0.9689728544157433,0.8511243378034119,2.0756413633461044,4.2,1.3567948235855525,5.598421958998375,1.0,1.2119567151615152,0.12009512485136742,0.036860879904875146,0.07253269916765755,0.093935790725327,0.034482758620689655,0.13793103448275862,0.0,0.4434038662486939,0.2740272179927353,0.5842457943378583,0.8038775698364692
25,1,19,38,0.10526315789473684,3.0,2.0,0.47368421052631576,0.05263157894736842,0.47368421052631576,1.8,0.3684210526315789,0.15789473684210525,0.0,2.0,1.3944333775567925,0.5270462766947299,1.6300516917293233,2.5945945945945947,0.643750273331526,3.6109179126442243,1.0,1.1426091000668408,0.10249307479224377,0.01662049861495845,0.06371191135734072,0.2299168975069252,0.05263157894736842,0.0,0.0,0.6859649122807018,0.32297410192147036,0.43183557272715134,0.42870642123351527
25,2,19,53,0.14681440443213298,3.0,2.0,0.42105263157894735,0.05263157894736842,0.5263157894736842,1.6363636363636365,0.3157894736842105,0.2631578947368421,0.10526315789473684,2.789473684210526,1.4168263335008464,0.5924314648499709,1.7226890756302522,0.0,NaN,0.0,1.0727272727272728,1.2439641068383334,0.13573407202216067,0.0886426592797784,0.10803324099722991,0.3767313019390582,0.05263157894736842,0.10526315789473684,0.0,0.6777986633249791,0.44266917293233077,0.49143252260813314,0.45240084051049606
25,3,19,62,0.17174515235457063,3.0,2.0,0.21052631578947367,0.05263157894736842,0.7368421052631579,1.2,0.05263157894736842,0.6842105263157895,0.21052631578947367,3.263157894736842,0.895447821364382,0.6447803534873446,2.27355141099502,4.45859872611465,1.2582570660867918,5.056245805348308,1.1343283582089552,0.9253092716690946,0.24653739612188366,0.1523545706371191,0.13019390581717452,0.22437673130193905,0.05263157894736842,0.21052631578947367,0.0,0.64187552213868,0.5317023619655198,0.7082465965474704,0.925346500993063
25,4,19,42,0.11634349030470914,3.0,2.0,0.3684210526315789,0.05263157894736842,0.5789473684210527,1.5,0.10526315789473684,0.47368421052631576,0.15789473684210525,2.210526315789474,1.154127628128961,0.5757661649878116,1.689225958414555,0.0,NaN,0.0,1.1136363636363635,1.1368891796488878,0.1523545706371191,0.027700831024930747,0.07202216066481995,0.18282548476454294,0.05263157894736842,0.15789473684210525,0.0,0.47951697425381634,0.2956652996126681,0.5521271665388559,0.6201321660959851
25,5,19,39,0.10803324099722991,3.0,1.0,0.21052631578947367,0.3157894736842105,0.47368421052631576,0.8666666666666667,0.21052631578947367,0.42105263157894735,0.05263157894736842,2.0526315789473686,0.9534800020201364,0.8196220235717505,2.4568922305764413,3.2241379310344827,0.8991829321965241,4.060443010546419,1.0,1.1306306483290853,0.1634349030470914,0.01662049861495845,0.0997229916897507,0.12742382271468145,0.05263157894736843,0.05263157894736842,0.0,0.497953216374269,0.1068295739348371,0.5032241335918475,1.0385027051756377
25,6,19,50,0.13850415512465375,4.0,2.0,0.3157894736842105,0.21052631578947367,0.47368421052631576,1.1538461538461537,0.0,0.5263157894736842,0.21052631578947367,2.6315789473684212,0.982875599679046,0.6845923361144695,1.8321036967418547,4.040983606557377,1.4048178081549219,4.804021044733257,1.1153846153846154,0.9768429874970809,0.1440443213296399,0.05817174515235457,0.09418282548476455,0.1745152354570637,0.05263157894736842,0.2631578947368421,0.0,0.44743677375256324,0.3913324979114453,0.5549763080277034,0.8988610629894013
25,7,19,64,0.1772853185595568,3.0,1.0,0.10526315789473684,0.0,0.8947368421052632,1.1176470588235294,0.05263157894736842,0.5263157894736842,0.3157894736842105,3.3684210526315788,0.823262717324252,0.6653836938710209,2.2034437946718652,NaN,NaN,0.0,1.1076923076923078,0.8868554486530236,0.18559556786703602,0.11911357340720222,0.13573407202216067,0.16066481994459833,0.05263157894736842,0.42105263157894735,0.0,0.551388523756945,0.6194349510138984,0.7246992005120666,0.9158446191209619
25,8,19,94,0.26038781163434904,4.0,2.0,0.15789473684210525,0.0,0.8421052631578947,1.1875,0.10526315789473684,0.7368421052631579,0.42105263157894735,4.947368421052632,0.8319590297434551,0.6081534437428278,2.421558047156779,NaN,NaN,0.0,1.1224489795918366,0.855881752796425,0.25761772853185594,0.3684210526315789,0.11911357340720222,0.24376731301939059,0.05263157894736842,0.47368421052631576,0.0,0.6361928262836688,0.7522550548866337,0.7040838312472613,0.6217490259677595
25,9,19,35,0.09695290858725762,3.0,3.0,0.3157894736842105,0.0,0.6842105263157895,1.4615384615384615,0.15789473684210525,0.42105263157894735,0.3157894736842105,1.8421052631578947,1.1482017884234355,0.45285689249404726,1.6228070175438594,NaN,NaN,0.0,1.2162162162162162,1.0888842611776346,0.055401662049861494,0.019390581717451522,0.019390581717451522,0.07202216066481995,0.05263157894736842,0.3157894736842105,0.0,0.4053884711779448,0.612593984962406,0.6634949059307678,0.42040773229369716
25,10,19,56,0.15512465373961218,2.0,2.0,0.47368421052631576,0.05263157894736842,0.47368421052631576,1.8,0.0,0.47368421052631576,0.3157894736842105,2.9473684210526314,1.410174198402903,0.5117316983202815,1.4232763280750895,0.0,NaN,0.0,1.0384615384615385,1.3058254051220368,0.0997229916897507,0.12465373961218837,0.024930747922437674,0.3656509695290859,0.05263157894736843,0.3157894736842105,0.0,0.6601449028041827,0.9009177355152587,0.5134583423339487,0.30080934457195835
26,1,14,63,0.32142857142857145,3.0,2.0,0.14285714285714285,0.07142857142857142,0.7857142857142857,1.0833333333333333,0.0,0.7857142857142857,0.6428571428571429,4.5,0.8071381448087546,0.5355367588998475,1.842352335715431,0.0,NaN,0.0,1.0526315789473684,0.8957306899956792,0.1836734693877551,0.29591836734693877,0.015306122448979591,0.17857142857142858,0.07142857142857144,0.7142857142857143,0.0,0.6431122448979592,0.9175891568748714,0.634355918346359,0.7396183900892793
26,2,14,86,0.4387755102040816,2.0,2.0,0.07142857142857142,0.0,0.9285714285714286,1.0769230769230769,0.0,0.7857142857142857,0.6428571428571429,6.142857142857143,0.5984962643366525,0.446310330296067,2.3794198570996614,NaN,NaN,0.0,1.146067415730337,0.4586990218121146,0.35714285714285715,0.8214285714285714,0.0,0.09183673469387756,0.07142857142857142,0.7142857142857143,0.0,0.7507577389930331,0.9662672644815503,0.5533302354408843,0.5452184269901937
26,3,14,84,0.42857142857142855,4.0,3.0,0.2857142857142857,0.0,0.7142857142857143,1.4,0.0,0.7142857142857143,0.5714285714285714,6.0,0.7707250443686737,0.5188745216627708,1.985449818758989,NaN,NaN,0.0,1.1395348837209303,0.6625329719719154,0.11224489795918367,0.5918367346938775,0.07142857142857142,0.2602040816326531,0.07142857142857141,0.6428571428571429,0.0,0.8056722689075632,0.8795246420246421,0.6022084249877083,0.4694037859209987
26,4,14,69,0.3520408163265306,2.0,2.0,0.14285714285714285,0.07142857142857142,0.7857142857142857,1.0833333333333333,0.0,0.7857142857142857,0.7857142857142857,4.928571428571429,0.6913420919934121,0.5062420380435759,1.6735983331913562,0.0,NaN,0.0,1.0491803278688525,0.7775757901002366,0.27040816326530615,0.42346938775510207,0.00510204081632653,0.10204081632653061,0.07142857142857142,0.7857142857142857,0.0,0.6847631535131535,0.924198618841476,0.4726738073157091,0.44598333884891134
26,5,14,91,0.4642857142857143,2.0,3.0,0.07142857142857142,0.0,0.9285714285714286,1.0769230769230769,0.0,0.7857142857142857,0.6428571428571429,6.5,0.5904720653001829,0.45857033775142164,2.4835435362600045,NaN,NaN,0.0,1.127659574468085,0.45401017137398425,0.25510204081632654,0.7346938775510204,0.0,0.12755102040816327,0.07142857142857142,0.7142857142857143,0.0,0.8063535728976905,0.966340207411636,0.6457737316752197,0.6378980295401628
26,6,14,92,0.46938775510204084,3.0,1.0,0.07142857142857142,0.0,0.9285714285714286,1.0769230769230769,0.07142857142857142,0.7857142857142857,0.6428571428571429,6.571428571428571,0.669230685660509,0.33613288051511,3.181375519244882,NaN,NaN,0.0,1.275229357798165,0.6928638726915555,0.30612244897959184,0.3673469387755102,0.01020408163265306,0.07653061224489796,0.07142857142857144,0.6428571428571429,0.0,0.793549656704787,0.9658210836782269,0.49225442173983486,0.6372120722989051
26,7,14,94,0.47959183673469385,2.0,1.0,0.07142857142857142,0.0,0.9285714285714286,1.0769230769230769,0.0,0.8571428571428571,0.7857142857142857,6.714285714285714,0.5941057652813722,0.3760048810566201,2.761048331500006,NaN,NaN,0.0,1.10752688172043,0.47676449549299604,0.24489795918367346,0.5357142857142857,0.00510204081632653,0.15816326530612246,0.07142857142857142,0.9285714285714286,0.0,0.8212622903412378,1.0006319077747647,0.5867548316443965,0.5657000223272084
26,8,14,74,0.37755102040816324,4.0,2.0,0.14285714285714285,0.0,0.8571428571428571,1.1666666666666667,0.0,0.5714285714285714,0.8571428571428571,5.285714285714286,0.7436494826291167,0.41600826405923536,1.7088123064278078,NaN,NaN,0.0,1.2105263157894737,0.8793613562682958,0.12755102040816327,0.14795918367346939,0.00510204081632653,0.11734693877551021,0.07142857142857141,0.8571428571428571,0.0,0.7140682555073312,0.9702174809317666,0.5470610833052338,0.4514310627730431
26,9,14,80,0.40816326530612246,3.0,2.0,0.07142857142857142,0.0,0.9285714285714286,1.0769230769230769,0.0,0.8571428571428571,0.6428571428571429,5.714285714285714,0.6527309494023493,0.4874383590220961,2.3743732365406602,NaN,NaN,0.0,1.1481481481481481,0.5871828112659241,0.22448979591836735,0.5918367346938775,0.0,0.15306122448979592,0.07142857142857142,0.8571428571428571,0.0,0.767984693877551,1.002613259756117,0.6587859942893473,0.7128582763751992
26,10,14,80,0.40816326530612246,4.0,2.0,0.14285714285714285,0.0,0.8571428571428571,1.1666666666666667,0.0,0.7857142857142857,0.6428571428571429,5.714285714285714,0.7656696415556776,0.5466682301416042,1.7494815440077303,NaN,NaN,0.0,1.1358024691358024,0.6904395199937723,0.12244897959183673,0.5051020408163265,0.07653061224489796,0.2602040816326531,0.07142857142857141,0.7857142857142857,0.0,0.7633266768245761,0.8906078048935192,0.576481680117665,0.4568325579324942
27,1,50,202,0.0808,5.0,2.0,0.16,0.28,0.56,0.8571428571428571,0.1,0.62,0.08,4.04,1.2269289372634269,0.8544708868006621,2.8381604268238063,5.396872673119881,1.6449957680554514,7.202661196523238,1.0388349514563107,1.3202372491226642,0.1444,0.0764,0.148,0.258,0.02,0.08,0.0,0.5742778128379152,0.3076518458321864,0.7834008175266841,1.1644022603854138
27,2,50,296,0.1184,4.0,3.0,0.18,0.02,0.8,1.1951219512195121,0.1,0.68,0.14,5.92,0.9711691159920143,0.5128562868256846,2.832332749257258,0.0,NaN,0.0,1.201657458563536,0.9126918749554751,0.3572,0.1444,0.2092,0.4064,0.02,0.14,0.0,0.6181017659721142,0.4250694356555037,0.7809761206079419,1.2278761961066278
27,3,50,232,0.0928,4.0,2.0,0.2,0.06,0.74,1.175,0.0,0.7,0.08,4.64,1.0865740585625985,0.5788832370440541,2.92773595977348,7.646571560055223,1.9490775289751239,9.07015834137632,1.0338983050847457,1.0458921029226005,0.26,0.0676,0.1616,0.3472,0.02,0.08,0.0,0.6190731563122867,0.27816679803945926,1.0499797523362173,1.7059631715024661
27,4,50,321,0.1284,3.0,2.0,0.4,0.0,0.6,1.6666666666666667,0.12,0.46,0.06,6.42,1.2532734609590535,0.70513572058361,1.9149774978704577,NaN,NaN,0.0,1.0124223602484472,1.126873218435843,0.2584,0.2288,0.316,0.7336,0.02,0.06,0.0,0.7681428358552977,0.33783157184675244,0.6367623915964399,0.6730180177677881
27,5,50,268,0.1072,4.0,1.0,0.12,0.0,0.88,1.1363636363636365,0.1,0.7,0.08,5.36,0.9877673439923824,0.5562131113324341,3.095636146124091,NaN,NaN,0.0,1.1258278145695364,0.8451475306918494,0.2944,0.0912,0.2204,0.3924,0.019999999999999997,0.08,0.0,0.666639558225236,0.29965515478673377,0.7272862125607231,1.4138010589540018
27,6,50,240,0.096,4.0,2.0,0.16,0.06,0.78,1.119047619047619,0.04,0.72,0.08,4.8,1.0197524820840365,0.6877511909697228,3.099674885121008,6.176593521421108,1.462604317770366,7.5569505720129,1.0597609561752988,0.9882028053899152,0.2348,0.0904,0.1892,0.3176,0.02,0.08,0.0,0.5528357486017668,0.2666980555564147,0.8689618803585559,1.5309635745787147
27,7,50,307,0.1228,4.0,2.0,0.2,0.02,0.78,1.225,0.24,0.52,0.22,6.14,1.2607038922668592,0.4043444072311228,2.2427230745856455,0.0,NaN,0.0,1.3424657534246576,1.1792351767368967,0.2964,0.0928,0.1792,0.5976,0.02,0.22,0.0,0.7247020134020558,0.4398418846644965,0.6154474894578276,0.6430878262999647
27,8,50,229,0.0916,3.0,2.0,0.22,0.1,0.68,1.1538461538461537,0.04,0.58,0.06,4.58,1.0651708590010094,0.8182528100637634,2.6906079795434947,6.578,1.7873284567446543,8.160518247477505,1.0737704918032787,1.1530318396303507,0.2324,0.0792,0.2168,0.3092,0.02,0.06,0.0,0.6166589086294969,0.27628974783386545,0.9942934347239644,1.19756525610857
27,9,50,239,0.0956,4.0,2.0,0.2,0.08,0.72,1.15,0.04,0.64,0.08,4.78,1.2288303433575798,0.6099907806838291,2.845414887839412,6.080720480320213,1.4402185403720975,8.005700678662542,1.1360294117647058,1.2053090766388088,0.2268,0.092,0.1544,0.3888,0.02,0.1,0.0,0.6234739149739152,0.3547876653752613,0.8006931937546625,1.4042495576136667
27,10,50,216,0.0864,5.0,2.0,0.2,0.0,0.8,1.25,0.08,0.58,0.1,4.32,1.0982022868882444,0.4592633737898735,3.0158144135070426,NaN,NaN,0.0,1.0622222222222222,1.0563496535603027,0.2172,0.0676,0.1024,0.2668,0.02,0.1,0.0,0.5739453264313946,0.3729219832455126,1.1302109774701206,1.6969906610022158
28,1,15,27,0.12,5.0,2.0,0.2,0.3333333333333333,0.4666666666666667,0.8333333333333334,0.13333333333333333,0.4,0.06666666666666667,1.8,1.0113988775919995,0.9437439045203015,2.9654444444444445,3.7777777777777777,1.6486202467362572,3.295836866004329,1.037037037037037,1.108462451536715,0.07111111111111111,0.06222222222222222,0.06666666666666667,0.07555555555555556,0.06666666666666668,0.06666666666666667,0.0,0.42857142857142855,0.2833333333333333,1.1971373440473823,1.6818160582010584
28,2,15,30,0.13333333333333333,4.0,2.0,0.4,0.06666666666666667,0.5333333333333333,1.5555555555555556,0.26666666666666666,0.3333333333333333,0.26666666666666666,2.0,1.2535663410560174,0.5669467095138409,1.5961424731182796,0.0,NaN,0.0,1.0,1.1567606658662104,0.05333333333333334,0.04,0.03111111111111111,0.12,0.06666666666666667,0.26666666666666666,0.0,0.5322077922077921,0.5562698412698414,0.5737899261977597,0.27311927950485604
28,3,15,45,0.2,2.0,3.0,0.26666666666666666,0.13333333333333333,0.6,1.1818181818181819,0.13333333333333333,0.5333333333333333,0.3333333333333333,3.0,0.8164965809277259,0.6042179781166438,1.8710833333333332,2.96,0.9249379460707797,3.912023005428146,1.0476190476190477,0.6626865315920033,0.07555555555555556,0.09777777777777778,0.06222222222222222,0.1288888888888889,0.06666666666666668,0.3333333333333333,0.0,0.7771428571428574,0.7952380952380952,0.5972386618303479,0.5129946599426808
28,4,15,36,0.16,2.0,2.0,0.26666666666666666,0.3333333333333333,0.4,0.9090909090909091,0.13333333333333333,0.6,0.13333333333333333,2.4,0.9682458365518543,0.9290291911965081,1.9035714285714285,2.03125,0.8224422717264602,3.4657359027997265,1.0,0.7497795090353644,0.057777777777777775,0.06666666666666667,0.17333333333333334,0.19555555555555557,0.06666666666666667,0.13333333333333333,0.0,0.6302645502645503,0.4382539682539683,0.5945114612444578,0.4484693877551019
28,5,15,20,0.08888888888888889,3.0,2.0,0.3333333333333333,0.5333333333333333,0.13333333333333333,0.7,0.0,0.26666666666666666,0.2,1.3333333333333333,1.257122564771289,1.3194966572793692,1.3988888888888886,0.8333333333333334,0.983192080250175,1.791759469228055,1.0,1.5491933384829666,0.017777777777777778,0.022222222222222223,0.05333333333333334,0.06666666666666667,0.06666666666666668,0.2,0.0,0.42751322751322746,0.47111111111111104,0.6871119319423465,0.37501851851851836
28,6,15,27,0.12,5.0,1.0,0.4666666666666667,0.2,0.3333333333333333,1.5,0.13333333333333333,0.4,0.2,1.8,1.1539365948365614,0.670623180135797,1.7661551577152599,0.0,0.0,1.0986122886681098,1.0,1.4364860122855578,0.10222222222222223,0.013333333333333334,0.017777777777777778,0.05333333333333334,0.06666666666666668,0.26666666666666666,0.0,0.5053703703703704,0.4568253968253968,0.7143859815572188,0.6519802205325588
28,7,15,28,0.12444444444444444,4.0,2.0,0.4,0.2,0.4,1.3333333333333333,0.06666666666666667,0.4,0.13333333333333333,1.8666666666666667,1.1430165705126378,0.753998089873925,2.191666666666667,5.255813953488372,1.8783607754256921,3.7612001156935624,1.0,1.385182940418216,0.09777777777777778,0.06666666666666667,0.0044444444444444444,0.07555555555555556,0.06666666666666665,0.2,0.0,0.4522222222222222,0.6374603174603174,1.0091485182679496,1.3391741071428573
28,8,15,19,0.08444444444444445,2.0,2.0,0.5333333333333333,0.26666666666666666,0.2,1.5714285714285714,0.2,0.2,0.06666666666666667,1.2666666666666666,1.7518151590292932,0.9653678578190649,1.7209876543209874,1.1428571428571428,1.2149857925879117,1.9459101490553132,1.0,1.8117804713745795,0.035555555555555556,0.02666666666666667,0.03111111111111111,0.10666666666666667,0.06666666666666668,0.06666666666666667,0.0,0.4029629629629629,0.2184920634920635,0.7217180559788878,0.7744202756548436
28,9,15,18,0.08,4.0,2.0,0.4,0.2,0.4,1.3333333333333333,0.2,0.26666666666666666,0.2,1.2,1.0540925533894598,0.7182430061427789,1.574537037037037,0.75,0.5,1.3862943611198906,1.0,1.1443442705426587,0.04888888888888889,0.008888888888888889,0.013333333333333334,0.03111111111111111,0.06666666666666667,0.2,0.0,0.27841269841269844,0.2922222222222222,0.7237167515096762,0.5692547582304526
28,10,15,20,0.08888888888888889,4.0,2.0,0.4,0.4,0.2,1.0,0.13333333333333333,0.3333333333333333,0.0,1.3333333333333333,1.0856202966836188,0.9258200997725515,2.316666666666667,2.3,1.3416407864998738,2.995732273553991,1.0,1.1572751247156894,0.07111111111111111,0.008888888888888889,0.05333333333333334,0.07111111111111111,0.06666666666666667,0.0,0.0,0.4201587301587301,0.13333333333333333,0.8029550685469662,1.6827380952380955
29,1,23,135,0.2551984877126654,4.0,3.0,0.13043478260869565,0.0,0.8695652173913043,1.15,0.0,0.8260869565217391,0.391304347826087,5.869565217391305,0.8287784233568241,0.6192086715921657,2.3373212301434423,NaN,NaN,0.0,1.125,0.7749829536037268,0.3383742911153119,0.3440453686200378,0.2646502835538752,0.45935727788279773,0.04347826086956523,0.5217391304347826,0.0,0.7010843021712587,0.6846534929974828,0.6425607033805941,1.0159571221942072
29,2,23,122,0.23062381852551986,3.0,2.0,0.13043478260869565,0.043478260869565216,0.8260869565217391,1.1,0.0,0.7391304347826086,0.30434782608695654,5.304347826086956,0.8868761552214318,0.6212080493054271,2.4443599268585037,0.0,NaN,0.0,1.1307692307692307,0.8496636789060745,0.30245746691871456,0.48582230623818523,0.14366729678638943,0.3742911153119093,0.043478260869565216,0.30434782608695654,0.0,0.6237993795971637,0.7119640475660801,0.7595766976686161,0.8328027680809945
29,3,23,116,0.21928166351606806,4.0,2.0,0.2608695652173913,0.0,0.7391304347826086,1.3529411764705883,0.0,0.7391304347826086,0.4782608695652174,5.043478260869565,0.9722288280922361,0.4452817782808606,2.132112022841146,NaN,NaN,0.0,1.2605633802816902,0.9963043807983204,0.2665406427221172,0.2514177693761815,0.03780718336483932,0.31190926275992437,0.04347826086956521,0.4782608695652174,0.0,0.8456589552817174,0.8798268866683189,0.7699552633001159,0.8745090808045227
29,4,23,162,0.30623818525519847,3.0,3.0,0.21739130434782608,0.043478260869565216,0.7391304347826086,1.2222222222222223,0.043478260869565216,0.6956521739130435,0.391304347826087,7.043478260869565,0.9538203793964128,0.4049256109268756,2.4237886200670755,0.0,NaN,0.0,1.2538860103626943,0.9034591949035666,0.33459357277882795,0.44801512287334594,0.14555765595463138,0.5368620037807184,0.04347826086956521,0.4782608695652174,0.0,0.7425987056421839,0.736261756520203,0.7512215220074631,0.8300578925043766
29,5,23,139,0.2627599243856333,6.0,1.0,0.043478260869565216,0.0,0.9565217391304348,1.0454545454545454,0.08695652173913043,0.6956521739130435,0.6086956521739131,6.043478260869565,0.8590394734111343,0.5407486545311756,2.6927246261689737,NaN,NaN,0.0,1.1907894736842106,0.9555920669354061,0.17958412098298676,0.3648393194706994,0.024574669187145556,0.22684310018903592,0.043478260869565216,0.6956521739130435,0.0,0.6989360753662812,0.8258981640695195,0.7674595397480639,0.9882767291031821
29,6,23,153,0.2892249527410208,3.0,3.0,0.2608695652173913,0.043478260869565216,0.6956521739130435,1.2941176470588236,0.08695652173913043,0.6521739130434783,0.43478260869565216,6.6521739130434785,0.9977819976481521,0.4455004755020123,2.2373686109300808,0.0,NaN,0.0,1.2102272727272727,1.074795361303666,0.2627599243856333,0.40831758034026466,0.05671077504725898,0.3686200378071834,0.04347826086956521,0.4782608695652174,0.0,0.7427895738693028,0.751740551292981,0.6741065115748647,0.8324280070130045
29,7,23,146,0.27599243856332706,3.0,2.0,0.08695652173913043,0.13043478260869565,0.782608695652174,0.9523809523809523,0.0,0.782608695652174,0.43478260869565216,6.3478260869565215,0.8584055349525037,0.5172933585890194,2.6365016155176644,6.103506787330317,1.5395297384137834,7.477604243197589,1.1225806451612903,0.7064611288915399,0.34026465028355385,0.6257088846880907,0.13043478260869565,0.5255198487712666,0.043478260869565216,0.43478260869565216,0.0,0.7058310237944105,0.7591366596565817,0.6855238559606918,0.8915592523283393
29,8,23,172,0.32514177693761814,4.0,3.0,0.08695652173913043,0.0,0.9130434782608695,1.0952380952380953,0.0,0.7391304347826086,0.43478260869565216,7.478260869565218,0.9497263741993506,0.27895412508839174,2.527599171664701,NaN,NaN,0.0,1.0847457627118644,0.8398130904224925,0.32136105860113423,0.5500945179584121,0.054820415879017016,0.5822306238185255,0.04347826086956521,0.5217391304347826,0.0,0.7691277851841624,0.847323775781509,0.7849777585488199,1.0444614341851894
29,9,23,129,0.2438563327032136,4.0,2.0,0.13043478260869565,0.0,0.8695652173913043,1.15,0.0,0.7391304347826086,0.43478260869565216,5.608695652173913,0.7877662639116364,0.32584136739834196,2.5828186525657917,NaN,NaN,0.0,1.25503355704698,0.7601679760337229,0.3497164461247637,0.2570888468809074,0.07183364839319471,0.2438563327032136,0.04347826086956521,0.6086956521739131,0.0,0.6896202302431269,0.7213788626832105,0.7300004839908416,0.9369616993066129
29,10,23,111,0.20982986767485823,3.0,1.0,0.13043478260869565,0.0,0.8695652173913043,1.15,0.0,0.7391304347826086,0.34782608695652173,4.826086956521739,0.7539924552398893,0.5023426831029693,2.1076323345093386,NaN,NaN,0.0,1.0964912280701755,0.6741396682454832,0.391304347826087,0.19848771266540643,0.2060491493383743,0.31190926275992437,0.04347826086956521,0.43478260869565216,0.0,0.6534879726695584,0.5476803993108341,0.5884742479782374,0.7554790696623271
30,1,14,23,0.11734693877551021,4.0,2.0,0.42857142857142855,0.42857142857142855,0.14285714285714285,1.0,0.07142857142857142,0.35714285714285715,0.07142857142857142,1.6428571428571428,1.2081589723087849,1.160019354709592,1.9142857142857144,2.25,1.2181424250644648,3.4657359027997265,1.0,1.4360488989962263,0.05612244897959184,0.05612244897959184,0.07653061224489796,0.09693877551020408,0.07142857142857142,0.07142857142857142,0.0,0.46471861471861475,0.5442460317460317,0.5952380199510587,0.9466178266178265
30,2,14,27,0.1377551020408163,3.0,2.0,0.21428571428571427,0.2857142857142857,0.5,0.9090909090909091,0.21428571428571427,0.42857142857142855,0.14285714285714285,1.9285714285714286,0.9851701903192348,0.8972776055398894,2.1484906462585034,3.25,0.7071067811865476,3.6888794541139363,1.0384615384615385,1.193347958478698,0.1326530612244898,0.05612244897959184,0.07653061224489796,0.11734693877551021,0.07142857142857142,0.14285714285714285,0.0,0.4769274376417233,0.36241496598639455,0.6292845737105052,1.0996724618476053
30,3,14,17,0.08673469387755102,3.0,2.0,0.35714285714285715,0.14285714285714285,0.5,1.3333333333333333,0.21428571428571427,0.2857142857142857,0.14285714285714285,1.2142857142857142,1.1726181267689166,0.6602924800189309,1.7817460317460316,1.6666666666666667,1.5275252316519468,1.0986122886681098,1.0,1.091989366805311,0.05612244897959184,0.0,0.02040816326530612,0.05102040816326531,0.07142857142857141,0.14285714285714285,0.0,0.2702380952380952,0.25833333333333336,0.7013383305404444,0.5016449599782933
30,4,14,26,0.1326530612244898,2.0,2.0,0.35714285714285715,0.14285714285714285,0.5,1.3333333333333333,0.42857142857142855,0.14285714285714285,0.07142857142857142,1.8571428571428572,1.564280392128597,0.6285572414148876,1.8187499999999999,0.5,0.7071067811865476,0.6931471805599453,1.0,1.3946872339902732,0.0663265306122449,0.061224489795918366,0.04081632653061224,0.23469387755102042,0.07142857142857142,0.07142857142857142,0.0,0.4931818181818182,0.4543650793650794,0.5547513302927164,0.5116045673076924
30,5,14,22,0.11224489795918367,3.0,2.0,0.35714285714285715,0.2857142857142857,0.35714285714285715,1.1111111111111112,0.07142857142857142,0.21428571428571427,0.14285714285714285,1.5714285714285714,0.8542924785496758,1.0204520145747116,1.7916666666666665,1.4444444444444444,1.2360330811826106,2.1972245773362196,1.0,1.1970508367057675,0.09693877551020408,0.025510204081632654,0.07653061224489796,0.05102040816326531,0.07142857142857142,0.14285714285714285,0.0,0.35068027210884356,0.3166666666666667,0.6364924627382913,0.6631944444444445
30,6,14,27,0.1377551020408163,3.0,3.0,0.21428571428571427,0.35714285714285715,0.42857142857142855,0.8181818181818182,0.0,0.5,0.14285714285714285,1.9285714285714286,0.9200382611750216,0.9639486517813474,2.1322278911564623,2.5714285714285716,1.2838814775327387,2.6390573296152584,1.0740740740740742,1.2607666526742827,0.14795918367346939,0.061224489795918366,0.09693877551020408,0.08163265306122448,0.07142857142857142,0.14285714285714285,0.0,0.42063492063492064,0.32108843537414966,0.5632942609713698,1.1233275475941291
30,7,14,21,0.10714285714285714,3.0,2.0,0.5714285714285714,0.07142857142857142,0.35714285714285715,2.1666666666666665,0.0,0.35714285714285715,0.14285714285714285,1.5,1.6066102766995425,0.6793662204867575,1.2703125,1.25,0.5,1.3862943611198906,1.0,1.4758950431064461,0.061224489795918366,0.01020408163265306,0.03571428571428571,0.1989795918367347,0.07142857142857142,0.14285714285714285,0.0,0.7004329004329005,0.1974206349206349,0.5473885768741086,0.24336651141826915
30,8,14,20,0.10204081632653061,2.0,2.0,0.42857142857142855,0.07142857142857142,0.5,1.625,0.21428571428571427,0.2857142857142857,0.14285714285714285,1.4285714285714286,1.5216387926786745,0.7114449002936531,1.6256613756613754,2.0,0.816496580927726,1.3862943611198906,1.0,1.3845299118917862,0.04081632653061224,0.02040816326530612,0.03571428571428571,0.12244897959183673,0.07142857142857144,0.14285714285714285,0.0,0.5865079365079364,0.26318027210884354,0.6569576750134507,0.6104346613605871
30,9,14,21,0.10714285714285714,4.0,2.0,0.2857142857142857,0.21428571428571427,0.5,1.1,0.07142857142857142,0.14285714285714285,0.14285714285714285,1.5,0.8164965809277259,0.7734924681537619,2.0,2.2,0.6324555320336759,2.302585092994046,1.0,0.8616082302118188,0.0663265306122449,0.00510204081632653,0.04081632653061224,0.03571428571428571,0.07142857142857142,0.21428571428571427,0.0,0.43214285714285705,0.4202380952380952,0.6869917553782374,0.837606837606838
30,10,14,14,0.07142857142857142,3.0,2.0,0.5,0.35714285714285715,0.14285714285714285,1.2857142857142858,0.21428571428571427,0.21428571428571427,0.07142857142857142,1.0,1.3587324409735149,0.8770580193070292,1.6666666666666665,1.6363636363636365,1.2862913567871994,2.3978952727983707,1.0,1.3847680013570567,0.025510204081632654,0.015306122448979591,0.00510204081632653,0.030612244897959183,0.07142857142857142,0.07142857142857142,0.0,0.3630952380952381,0.3154761904761905,0.7607592120734252,0.5811965811965814
31,1,26,79,0.11686390532544379,3.0,3.0,0.23076923076923078,0.3076923076923077,0.46153846153846156,0.9,0.07692307692307693,0.5384615384615384,0.07692307692307693,3.0384615384615383,0.9695442347171302,0.9872573803596038,2.201539797008547,3.651685393258427,1.1988801139321847,5.181783550292085,1.0375,1.120921634212877,0.15680473372781065,0.0695266272189349,0.20118343195266272,0.1952662721893491,0.038461538461538464,0.07692307692307693,0.0,0.6256063381063381,0.25177749600826527,0.635351513470884,0.940311350206627
31,2,26,66,0.09763313609467456,4.0,2.0,0.34615384615384615,0.34615384615384615,0.3076923076923077,1.0,0.15384615384615385,0.4230769230769231,0.038461538461538464,2.5384615384615383,1.1591770615635457,0.9599892867476906,2.0257478632478634,2.2777777777777777,1.2011991921482164,4.276666119016055,1.0,0.9807794729987201,0.06804733727810651,0.01775147928994083,0.16568047337278108,0.21449704142011836,0.038461538461538464,0.038461538461538464,0.0,0.5698884448884448,0.14252414252414253,0.7261314122267287,0.7387182454890788
31,3,26,55,0.08136094674556213,4.0,3.0,0.23076923076923078,0.15384615384615385,0.6153846153846154,1.1,0.07692307692307693,0.46153846153846156,0.11538461538461539,2.1153846153846154,1.0640201327865966,0.7718861732553641,2.3849862637362635,2.75,1.3416407864998738,2.772588722239781,1.0188679245283019,1.1604615781576593,0.07840236686390532,0.03106508875739645,0.05325443786982249,0.07396449704142012,0.038461538461538464,0.15384615384615385,0.0,0.4382760401991171,0.46181318681318684,0.7773370637429274,1.0445492053026337
31,4,26,76,0.11242603550295859,3.0,2.0,0.34615384615384615,0.19230769230769232,0.46153846153846156,1.2352941176470589,0.23076923076923078,0.34615384615384615,0.07692307692307693,2.923076923076923,1.4799303719490233,0.7427582047291843,2.0172605580693816,3.6772727272727272,1.2858314007029166,5.393627546352362,1.0263157894736843,1.4362154021735192,0.09023668639053255,0.09171597633136094,0.07544378698224852,0.3224852071005917,0.038461538461538464,0.11538461538461539,0.0,0.6054857001972386,0.46010872297637007,0.7036109381278705,0.7522779516199389
31,5,26,54,0.07988165680473373,5.0,1.0,0.2692307692307692,0.15384615384615385,0.5769230769230769,1.1578947368421053,0.07692307692307693,0.38461538461538464,0.038461538461538464,2.076923076923077,1.054196656155344,0.8047867766246558,2.747708714896215,3.404255319148936,0.9007140758523112,3.8501476017100584,1.1016949152542372,1.1090969398334276,0.10355029585798817,0.014792899408284023,0.07988165680473373,0.10798816568047337,0.038461538461538464,0.038461538461538464,0.0,0.6022893772893773,0.1595238095238095,0.7127111534490342,1.6762579833591644
31,6,26,62,0.09171597633136094,3.0,2.0,0.3076923076923077,0.19230769230769232,0.5,1.1666666666666667,0.038461538461538464,0.46153846153846156,0.19230769230769232,2.3846153846153846,1.0480644664859646,0.8309316762359711,1.9245421245421246,3.0350877192982457,1.3882788969581537,4.04305126783455,1.0,0.9864957056750406,0.0695266272189349,0.03254437869822485,0.08431952662721894,0.1227810650887574,0.038461538461538464,0.19230769230769232,0.0,0.5473817848817849,0.43000610500610503,0.7521544669865814,0.6103087123070382
31,7,26,62,0.09171597633136094,5.0,2.0,0.2692307692307692,0.038461538461538464,0.6923076923076923,1.3157894736842106,0.19230769230769232,0.38461538461538464,0.07692307692307693,2.3846153846153846,1.1626157310949248,0.46055660122773545,2.4040747775315676,2.909090909090909,1.044465935734187,2.3978952727983707,1.0476190476190477,1.1607525636619838,0.14201183431952663,0.04142011834319527,0.03994082840236687,0.15088757396449703,0.038461538461538464,0.07692307692307693,0.0,0.45614022729407344,0.3902061613600075,0.8200103594251771,1.265367899548045
31,8,26,73,0.10798816568047337,3.0,2.0,0.3076923076923077,0.23076923076923078,0.46153846153846156,1.1111111111111112,0.19230769230769232,0.4230769230769231,0.11538461538461539,2.8076923076923075,1.126377307896778,0.7606872873814258,2.1066522762951334,3.8351063829787235,1.3911259969622738,5.236441962829949,1.0,1.205709816096109,0.16420118343195267,0.05917159763313609,0.11094674556213018,0.21449704142011836,0.038461538461538464,0.11538461538461539,0.0,0.5633206537052691,0.37272353714661405,0.7324244542650744,1.001603136629072
31,9,26,61,0.09023668639053255,3.0,3.0,0.38461538461538464,0.11538461538461539,0.5,1.4375,0.11538461538461539,0.46153846153846156,0.11538461538461539,2.3461538461538463,1.3036900062349535,0.7900074669924261,1.7432735914878772,2.642857142857143,1.549547966698321,2.6390573296152584,1.121212121212121,1.2304564649213106,0.07396449704142012,0.03698224852071006,0.07988165680473373,0.17751479289940827,0.038461538461538464,0.11538461538461539,0.0,0.5935952935952936,0.316153611345919,0.6238476287177624,0.5649324165194306
31,10,26,47,0.0695266272189349,3.0,2.0,0.4230769230769231,0.34615384615384615,0.23076923076923078,1.1333333333333333,0.3076923076923077,0.23076923076923078,0.038461538461538464,1.8076923076923077,1.1065957242265192,1.002107331410572,1.6670329670329669,1.4736842105263157,0.6466897875841059,3.6375861597263857,1.0,0.9146659786074424,0.028106508875739646,0.008875739644970414,0.07988165680473373,0.08579881656804733,0.038461538461538464,0.038461538461538464,0.0,0.590521978021978,0.12756410256410258,0.42915773075839764,0.38314634571777434
32,1,31,96,0.09989594172736732,3.0,2.0,0.2903225806451613,0.1935483870967742,0.5161290322580645,1.1363636363636365,0.06451612903225806,0.5483870967741935,0.03225806451612903,3.096774193548387,1.0914227887045898,0.6740369501631088,2.0760299195202916,3.802030456852792,1.1058005466370475,5.976350909297934,1.0,1.1158060531060712,0.19042663891779396,0.053069719042663895,0.11342351716961499,0.2299687825182102,0.03225806451612903,0.03225806451612903,0.0,0.49986308494373016,0.2204216034861196,0.5278287685854619,1.0036536418373205
32,2,31,61,0.06347554630593132,4.0,2.0,0.2903225806451613,0.1935483870967742,0.5161290322580645,1.1363636363636365,0.0967741935483871,0.45161290322580644,0.03225806451612903,1.967741935483871,1.0034697485850583,0.9041891417843702,2.779951722624534,4.8076923076923075,1.0864768054831642,5.655991810819852,1.0,1.3275179999279034,0.0967741935483871,0.02081165452653486,0.05723204994797086,0.06971904266389178,0.03225806451612903,0.03225806451612903,0.0,0.5639144905273936,0.19069264069264066,0.8764749462651016,2.092247129805035
32,3,31,89,0.09261186264308012,4.0,3.0,0.1935483870967742,0.06451612903225806,0.7419354838709677,1.16,0.0,0.5161290322580645,0.0967741935483871,2.870967741935484,1.140225250561231,0.7180235371776366,2.6142932381166752,6.47093023255814,1.7114247188244809,5.147494476813453,1.1134020618556701,1.1813579539353631,0.13527575442247658,0.047866805411030174,0.09157127991675339,0.17377731529656607,0.03225806451612903,0.12903225806451613,0.0,0.5857736349671834,0.37697255832929455,0.8480482455330236,1.214302314451218
32,4,31,69,0.07180020811654526,3.0,2.0,0.3548387096774194,0.16129032258064516,0.4838709677419355,1.3,0.1935483870967742,0.3870967741935484,0.03225806451612903,2.225806451612903,1.3057855736809327,0.6106364275089181,2.070220826343885,4.182389937106918,1.1196853203264612,5.762051382780177,1.0,1.4101531197164368,0.12174817898022892,0.027055150884495317,0.044745057232049947,0.14776274713839752,0.03225806451612903,0.03225806451612903,0.0,0.4825761156406318,0.23838527064333517,0.704434152467416,0.9496656296377805
32,5,31,70,0.07284079084287201,5.0,2.0,0.3548387096774194,0.0967741935483871,0.5483870967741935,1.4,0.1935483870967742,0.41935483870967744,0.12903225806451613,2.2580645161290325,1.0161150505323537,0.6154252995447359,1.8102652329749105,2.611111111111111,0.9032568936205335,3.58351893845611,1.0,0.9748050563877801,0.0967741935483871,0.014568158168574402,0.05827263267429761,0.09989594172736732,0.03225806451612904,0.12903225806451613,0.0,0.5303379416282641,0.3243343573988735,0.6541155920730567,0.6090455077363306
32,6,31,107,0.1113423517169615,3.0,2.0,0.3225806451612903,0.0,0.6774193548387096,1.4761904761904763,0.0967741935483871,0.45161290322580644,0.0967741935483871,3.4516129032258065,1.5014050930133231,0.8457918108082662,1.9076609032553853,NaN,NaN,0.0,1.0095238095238095,1.4319290158107647,0.08220603537981269,0.09157127991675339,0.16024973985431842,0.413111342351717,0.03225806451612903,0.12903225806451613,0.0,0.6676528197326159,0.45068764568764574,0.5550621946751072,0.5663197382143277
32,7,31,120,0.12486992715920915,4.0,2.0,0.1935483870967742,0.0967741935483871,0.7096774193548387,1.12,0.16129032258064516,0.5483870967741935,0.1935483870967742,3.870967741935484,1.0498677165349082,0.5024431053105157,2.703015602887056,6.20096463022508,1.423225465836407,6.432940092739179,1.1851851851851851,1.1414294157376141,0.23309053069719043,0.12486992715920915,0.054110301768990635,0.2247658688865765,0.03225806451612903,0.22580645161290322,0.0,0.5871023979183371,0.6412189348097668,0.8385374799418184,1.2501370888843857
32,8,31,103,0.10718002081165452,3.0,2.0,0.3225806451612903,0.22580645161290322,0.45161290322580644,1.1428571428571428,0.2903225806451613,0.2903225806451613,0.12903225806451613,3.3225806451612905,1.1743961572844615,0.8526461005579524,1.8927609688698397,3.07103825136612,1.1243471921158978,5.209486152841421,1.091743119266055,1.0422199335048379,0.09885535900104059,0.05619146722164412,0.1841831425598335,0.2903225806451613,0.03225806451612903,0.12903225806451613,0.0,0.6112517410904508,0.3304455401229594,0.4825905441579831,0.5717549648049922
32,9,31,66,0.06867845993756504,3.0,3.0,0.41935483870967744,0.0967741935483871,0.4838709677419355,1.5555555555555556,0.0967741935483871,0.3870967741935484,0.0967741935483871,2.129032258064516,1.3653132226336848,0.8723554202191888,1.7876031177106446,3.0,1.558387444947959,2.70805020110221,1.0869565217391304,1.377938466295297,0.055150884495317375,0.02809573361082206,0.05619146722164412,0.1279916753381894,0.03225806451612903,0.0967741935483871,0.0,0.6060931899641576,0.2912966066191873,0.5683580358299748,0.6183307613294147
32,10,31,78,0.08116545265348596,4.0,2.0,0.3870967741935484,0.22580645161290322,0.3870967741935484,1.263157894736842,0.12903225806451613,0.3225806451612903,0.12903225806451613,2.5161290322580645,1.18731146928392,0.7461567832644045,2.0147155566823587,4.609880749574105,1.2252064614288818,6.375024819828097,1.0389610389610389,1.4195189216351158,0.12903225806451613,0.03954214360041623,0.05619146722164412,0.11966701352757544,0.03225806451612904,0.12903225806451613,0.0,0.5671240050272308,0.33692902079998854,0.6789450690273565,0.9132322001683331
33,1,47,134,0.06066093254866455,5.0,3.0,0.2127659574468085,0.10638297872340426,0.6808510638297872,1.135135135135135,0.14893617021276595,0.5106382978723404,0.10638297872340426,2.851063829787234,1.201694051242679,0.6741930059593702,2.279022390279989,3.841666666666667,1.130150829030596,4.787491742782046,1.1041666666666667,1.1897972108418147,0.10185604345857854,0.018560434585785424,0.0710728836577637,0.1448619284744228,0.021276595744680847,0.10638297872340426,0.0,0.4685598680279532,0.23591223694807123,0.6297768478852981,0.9685428957759676
33,2,47,172,0.07786328655500227,5.0,2.0,0.2553191489361702,0.1276595744680851,0.6170212765957447,1.1714285714285715,0.1276595744680851,0.5957446808510638,0.0,3.6595744680851063,1.2316647371684613,0.8183337648708948,2.349852754894548,4.256637168141593,1.4074407399748066,6.673297967767654,1.0,1.2020911619989814,0.13354459031235855,0.04798551380715256,0.14893617021276595,0.2670891806247171,0.02127659574468085,0.0,0.0,0.5966363423810231,0.24567621503791717,0.6726886192779727,0.8461988608649904
33,3,47,175,0.07922136713444998,4.0,2.0,0.23404255319148937,0.10638297872340426,0.6595744680851063,1.1666666666666667,0.06382978723404255,0.44680851063829785,0.0851063829787234,3.723404255319149,1.3009869981965563,0.6049720050428258,2.2926921056353677,5.3033457249070635,1.6863940256360113,7.20414929203594,1.0284090909090908,1.2223438871803067,0.16115889542779538,0.039837030330466275,0.11226799456767768,0.30013580805794476,0.021276595744680847,0.0851063829787234,0.0,0.5705400509655829,0.26222775241285223,0.6473380818322606,0.8779609611018959
33,4,47,150,0.06790402897238569,5.0,2.0,0.2765957446808511,0.2978723404255319,0.425531914893617,0.9705882352941176,0.1276595744680851,0.5531914893617021,0.02127659574468085,3.1914893617021276,1.249305120866858,0.9277462171727033,2.3352254968181128,3.977551020408163,1.4811377523238256,6.194405391104672,1.0,1.259153154571225,0.08284291534631055,0.0425531914893617,0.12086917157084653,0.19737437754640108,0.021276595744680847,0.02127659574468085,0.0,0.5753897645950214,0.2566699310285043,0.6343638274693979,1.2199928771166786
33,5,47,121,0.05477591670439113,5.0,2.0,0.3191489361702128,0.1702127659574468,0.5106382978723404,1.21875,0.1702127659574468,0.44680851063829785,0.0425531914893617,2.574468085106383,1.2825208496642986,0.749984285576525,2.316805986505122,5.255255255255255,1.9889024212552533,5.808142489980444,1.0165289256198347,1.3485648897030003,0.08601177003168854,0.02399275690357628,0.05341783612494341,0.1294703485740154,0.021276595744680847,0.0425531914893617,0.0,0.5171022448556868,0.2394165822357312,0.918799057498651,1.25753022760452
33,6,47,158,0.07152557718424626,4.0,2.0,0.23404255319148937,0.0,0.7659574468085106,1.3055555555555556,0.0425531914893617,0.5957446808510638,0.06382978723404255,3.3617021276595747,1.188944326315666,0.7056459158126169,2.8139144245130447,NaN,NaN,0.0,1.0718562874251496,1.0855098249596897,0.10411951109099139,0.04164780443639656,0.09959257582616568,0.20099592575826167,0.021276595744680847,0.06382978723404255,0.0,0.6058821497651286,0.30979127255723005,1.0251829676751802,1.444548852451056
33,7,47,178,0.08057944771389769,5.0,2.0,0.2978723404255319,0.0,0.7021276595744681,1.4242424242424243,0.10638297872340426,0.5319148936170213,0.0851063829787234,3.7872340425531914,1.320151439099637,0.5074114638841726,2.207743519722884,NaN,NaN,0.0,1.1594202898550725,1.1858047244161307,0.13354459031235855,0.05477591670439113,0.08782254413761884,0.2960615663196016,0.021276595744680847,0.10638297872340426,0.0,0.5818080470473581,0.37896898019238445,0.7280512295733327,0.9530231978467372
33,8,47,120,0.05432322317790855,5.0,2.0,0.40425531914893614,0.2127659574468085,0.3829787234042553,1.3214285714285714,0.1702127659574468,0.3191489361702128,0.0425531914893617,2.5531914893617023,1.3758319836895039,0.6920550681783236,1.7883078097655891,3.1157635467980294,0.9396073691438167,6.0063531596017325,1.0327868852459017,1.4012793929827365,0.08329560887279312,0.023540063377093707,0.0488909008601177,0.14305115436849253,0.021276595744680857,0.0425531914893617,0.0,0.5699080748204652,0.29950290781757744,0.536927858090358,0.6506083598362514
33,9,47,131,0.05930285196921684,4.0,2.0,0.425531914893617,0.06382978723404255,0.5106382978723404,1.6296296296296295,0.0851063829787234,0.40425531914893614,0.0425531914893617,2.7872340425531914,1.253910309559894,0.6476023128402026,1.8452194391436652,5.063748810656517,1.2485148623888012,6.957497370876951,1.0076923076923077,1.3211017237734377,0.10366681756450882,0.02806699864191942,0.05070167496604799,0.14259846084200997,0.021276595744680857,0.06382978723404255,0.0,0.6318821249672315,0.3077760891590679,0.6767428784248584,0.7891294666350642
33,10,47,166,0.07514712539610684,6.0,2.0,0.1702127659574468,0.02127659574468085,0.8085106382978723,1.1794871794871795,0.0851063829787234,0.5957446808510638,0.1276595744680851,3.5319148936170213,0.9200170100568352,0.6622993020893962,2.8433016121043173,1.6666666666666667,0.816496580927726,1.791759469228055,1.1534391534391535,0.8378382298841098,0.12675418741511996,0.03214124038026256,0.10819375282933454,0.1516523313716614,0.02127659574468085,0.14893617021276595,0.0,0.5095966090646943,0.32409245600734965,0.9956502645944407,1.29198497147457
34,1,56,141,0.04496173469387755,5.0,2.0,0.42857142857142855,0.07142857142857142,0.5,1.625,0.19642857142857142,0.32142857142857145,0.08928571428571429,2.517857142857143,1.61903569934226,0.5080023663290109,1.892029557097695,5.388137356919875,1.5871307857619743,6.8679744089702925,1.0072992700729928,1.6513575948221897,0.06441326530612244,0.016262755102040817,0.022321428571428572,0.13073979591836735,0.017857142857142856,0.10714285714285714,0.0,0.6167594310451455,0.47408833050764165,0.7667329948157722,0.7738205313716257
34,2,56,167,0.05325255102040816,4.0,3.0,0.32142857142857145,0.16071428571428573,0.5178571428571429,1.236842105263158,0.14285714285714285,0.5,0.03571428571428571,2.982142857142857,1.178201001014944,0.8543060012966297,2.061672969267835,2.6018518518518516,1.1914007683945473,4.68213122712422,1.0571428571428572,1.1454102492294325,0.0784438775510204,0.01403061224489796,0.09502551020408163,0.14030612244897958,0.017857142857142856,0.03571428571428571,0.0,0.5871900683350262,0.19131082648677186,0.6627645224006571,0.6704257898334444
34,3,56,160,0.05102040816326531,7.0,2.0,0.42857142857142855,0.07142857142857142,0.5,1.625,0.08928571428571429,0.3392857142857143,0.03571428571428571,2.857142857142857,1.560157334723299,0.6621590031514677,1.8916708052789046,3.115,1.4005652125384465,5.298317366548036,1.0062893081761006,1.367986243949976,0.05325255102040816,0.017538265306122448,0.05931122448979592,0.20121173469387754,0.017857142857142856,0.03571428571428571,0.0,0.6228935876063205,0.19762894676027692,0.7729318516431457,0.8673353879101743
34,4,56,130,0.04145408163265306,4.0,2.0,0.35714285714285715,0.19642857142857142,0.44642857142857145,1.25,0.30357142857142855,0.2857142857142857,0.017857142857142856,2.3214285714285716,1.6716089532956058,0.7259784071582516,1.9481995094439293,2.6623376623376624,0.9018555977682192,5.0369526024136295,1.0,1.6024752236425932,0.054209183673469385,0.00510204081632653,0.047193877551020405,0.15369897959183673,0.017857142857142853,0.017857142857142856,0.0,0.5501913265306123,0.07374453553964831,0.5614698160614394,0.725782461045746
34,5,56,124,0.039540816326530615,4.0,2.0,0.3392857142857143,0.16071428571428573,0.5,1.2702702702702702,0.10714285714285714,0.39285714285714285,0.07142857142857142,2.2142857142857144,1.3690360723106836,0.7879520376167157,2.1192610974233,4.177339901477833,1.594569626822902,5.313205979041787,1.032258064516129,1.3072786202548061,0.043048469387755105,0.005739795918367347,0.04272959183673469,0.0934311224489796,0.017857142857142856,0.07142857142857142,0.0,0.5932335113532591,0.1279513641120784,0.7441156067764078,0.9999828368107146
34,6,56,186,0.05931122448979592,4.0,2.0,0.32142857142857145,0.07142857142857142,0.6071428571428571,1.368421052631579,0.19642857142857142,0.42857142857142855,0.05357142857142857,3.3214285714285716,1.2916057484187764,0.5008658769821591,2.1298149683551575,5.648876404494382,1.4434958385014,7.666690200080086,1.2838983050847457,1.2257018356688771,0.11957908163265306,0.023596938775510203,0.06377551020408163,0.19196428571428573,0.017857142857142856,0.05357142857142857,0.0,0.5814607490320011,0.27010182715277253,0.7174575847715088,0.8087290717140692
34,7,56,140,0.044642857142857144,7.0,2.0,0.26785714285714285,0.125,0.6071428571428571,1.1951219512195121,0.07142857142857142,0.5178571428571429,0.05357142857142857,2.5,1.0233634385069301,0.6693280212272604,2.3926396311649656,2.8205128205128207,0.8868326496815023,4.762173934797756,1.0072463768115942,0.932389751847718,0.06887755102040816,0.004145408163265306,0.05293367346938776,0.08322704081632654,0.017857142857142856,0.05357142857142857,0.0,0.5786242527313955,0.12774234693877554,0.9433705964914855,1.1941127614301332
34,8,56,102,0.032525510204081634,6.0,3.0,0.375,0.10714285714285714,0.5178571428571429,1.4285714285714286,0.2857142857142857,0.26785714285714285,0.03571428571428571,1.8214285714285714,1.4510863766274147,0.6953059910332171,1.9637402210884356,4.144329896907217,1.6645175146873736,4.574710978503383,1.1150442477876106,1.3797316520567011,0.036033163265306124,0.0012755102040816326,0.025510204081632654,0.06664540816326531,0.017857142857142856,0.03571428571428571,0.0,0.5068321559392988,0.10656456638599496,0.7262066672397665,0.7588199718396916
34,9,56,110,0.035076530612244895,6.0,3.0,0.2857142857142857,0.23214285714285715,0.48214285714285715,1.075,0.23214285714285715,0.32142857142857145,0.07142857142857142,1.9642857142857142,1.320300946956198,0.7454585768889175,2.187819860335007,4.7797833935018055,1.7544630325606112,5.6240175061873385,1.152,1.3396614170179089,0.0392219387755102,0.008290816326530613,0.025191326530612245,0.06186224489795918,0.017857142857142856,0.07142857142857142,0.0,0.40481750392464677,0.2901225262832406,0.7731960739862698,1.0307725080269683
34,10,56,148,0.047193877551020405,5.0,2.0,0.32142857142857145,0.19642857142857142,0.48214285714285715,1.1842105263157894,0.16071428571428573,0.375,0.08928571428571429,2.642857142857143,1.2275259027633498,0.8240362810879786,2.1545163449394793,4.627413127413128,1.6237423245512626,6.249975242259483,1.1280487804878048,1.329316669429579,0.06090561224489796,0.02295918367346939,0.04846938775510204,0.09470663265306123,0.01785714285714286,0.08928571428571429,0.0,0.5401869459905172,0.29327255086183657,0.7867046976011716,0.9695123104743368
35,1,17,31,0.10726643598615918,4.0,2.0,0.23529411764705882,0.0,0.7647058823529411,1.3076923076923077,0.11764705882352941,0.4117647058823529,0.17647058823529413,1.8235294117647058,1.0661034109458543,0.5215192327169271,1.975326797385621,NaN,NaN,0.0,1.0666666666666667,1.028091389063438,0.10034602076124567,0.031141868512110725,0.02422145328719723,0.09342560553633218,0.058823529411764705,0.17647058823529413,0.0,0.3826330532212885,0.509733893557423,0.7170444740584629,0.8022732275780682
35,2,17,24,0.08304498269896193,5.0,2.0,0.35294117647058826,0.23529411764705882,0.4117647058823529,1.1818181818181819,0.11764705882352941,0.47058823529411764,0.11764705882352941,1.411764705882353,0.97182531580755,0.7109327304479813,2.0065359477124183,2.0,1.0690449676496976,2.70805020110221,1.0,0.9622880358234165,0.058823529411764705,0.01384083044982699,0.020761245674740483,0.04844290657439446,0.058823529411764705,0.11764705882352941,0.0,0.438375350140056,0.30980392156862746,0.959130861407342,0.9362972040668118
35,3,17,19,0.0657439446366782,2.0,2.0,0.6470588235294118,0.35294117647058826,0.0,1.8333333333333333,0.058823529411764705,0.17647058823529413,0.17647058823529413,1.1176470588235294,1.8139769748742574,0.9427886377722555,1.2610294117647058,1.8571428571428572,1.01418510567422,3.044522437723423,1.0,2.0371378814214904,0.03806228373702422,0.01730103806228374,0.0034602076124567475,0.0657439446366782,0.0588235294117647,0.17647058823529413,0.0,0.526470588235294,0.3666666666666667,0.4226132672837077,0.19784926470588238
35,4,17,36,0.1245674740484429,3.0,3.0,0.35294117647058826,0.058823529411764705,0.5882352941176471,1.4545454545454546,0.11764705882352941,0.5294117647058824,0.058823529411764705,2.1176470588235294,1.0933034802834936,0.5507605571916209,2.0223311546840956,0.0,NaN,0.0,1.125,0.9479103072639754,0.14186851211072665,0.03460207612456748,0.0726643598615917,0.15916955017301038,0.058823529411764705,0.058823529411764705,0.0,0.5542016806722688,0.23368347338935574,0.6586027998776038,0.7394232127007181
35,5,17,38,0.1314878892733564,3.0,2.0,0.23529411764705882,0.058823529411764705,0.7058823529411765,1.2307692307692308,0.058823529411764705,0.6470588235294118,0.23529411764705882,2.235294117647059,0.7507498559842605,0.7507498559842605,1.919553376906318,0.0,NaN,0.0,1.0,0.8146745352212441,0.11764705882352941,0.058823529411764705,0.06920415224913495,0.07612456747404844,0.058823529411764705,0.23529411764705882,0.0,0.5032446311858076,0.515406162464986,0.7814182468834038,0.7545054100601146
35,6,17,36,0.1245674740484429,3.0,2.0,0.35294117647058826,0.17647058823529413,0.47058823529411764,1.2727272727272727,0.0,0.47058823529411764,0.11764705882352941,2.1176470588235294,1.1185083624140335,0.744449626847633,1.7409620098039214,3.84375,1.7980163801327858,3.4657359027997265,1.0,1.2591869192184553,0.1384083044982699,0.0726643598615917,0.04152249134948097,0.1384083044982699,0.058823529411764705,0.11764705882352941,0.0,0.4763878278584161,0.4099673202614379,0.6172588263424077,0.7771043058158525
35,7,17,33,0.11418685121107267,4.0,3.0,0.35294117647058826,0.0,0.6470588235294118,1.5454545454545454,0.35294117647058826,0.29411764705882354,0.17647058823529413,1.9411764705882353,1.172897568091161,0.6168546359340085,1.7245337159253944,NaN,NaN,0.0,1.0625,0.924490776369503,0.06228373702422145,0.0,0.07612456747404844,0.12110726643598616,0.05882352941176472,0.17647058823529413,0.0,0.7169977081741788,0.5495798319327732,0.5520891066228661,0.37225956650258746
35,8,17,21,0.0726643598615917,3.0,2.0,0.35294117647058826,0.35294117647058826,0.29411764705882354,1.0,0.11764705882352941,0.35294117647058826,0.11764705882352941,1.2352941176470589,1.0130945386377754,0.9287240411829565,2.0405228758169933,1.125,0.9910312089651149,2.0794415416798357,1.0,1.3097402418547683,0.05536332179930796,0.0,0.031141868512110725,0.03460207612456748,0.05882352941176472,0.17647058823529413,0.0,0.32843137254901955,0.24215686274509807,0.8919896314674864,0.9202768700072621
35,9,17,25,0.08650519031141868,4.0,2.0,0.4117647058823529,0.23529411764705882,0.35294117647058826,1.3,0.11764705882352941,0.35294117647058826,0.11764705882352941,1.4705882352941178,1.0783320453366856,0.9033271832508971,1.687254901960784,1.5384615384615385,0.8770580193070292,2.5649493574615367,1.0,1.0266450214168477,0.04844290657439446,0.006920415224913495,0.05536332179930796,0.06920415224913495,0.05882352941176472,0.11764705882352941,0.0,0.4029411764705882,0.18529411764705883,0.6893078922878878,0.5029003267973854
35,10,17,34,0.11764705882352941,3.0,2.0,0.35294117647058826,0.11764705882352941,0.5294117647058824,1.3636363636363635,0.058823529411764705,0.5294117647058824,0.17647058823529413,2.0,0.9842509842514764,0.8838834764831844,2.1331188725490198,0.0,0.0,0.6931471805599453,1.03125,1.2277430273377532,0.11418685121107267,0.058823529411764705,0.07612456747404844,0.08304498269896193,0.058823529411764705,0.17647058823529413,0.0,0.40406162464985995,0.43900560224089635,0.8883126941846179,0.9046477274177901
36,1,6,5,0.1388888888888889,2.0,1.0,0.3333333333333333,0.3333333333333333,0.3333333333333333,1.0,0.16666666666666666,0.16666666666666666,0.3333333333333333,0.8333333333333334,0.9033271832508971,0.9033271832508971,1.222222222222222,0.0,NaN,0.0,1.0,0.9797958971132712,0.027777777777777776,0.0,0.0,0.0,0.16666666666666666,0.3333333333333333,0.0,0.19444444444444442,0.5833333333333334,0.7226494462892934,0.262962962962963
36,2,6,10,0.2777777777777778,2.0,2.0,0.5,0.0,0.5,2.0,0.16666666666666666,0.3333333333333333,0.16666666666666666,1.6666666666666667,1.17983049630021,0.3098386676965933,1.5166666666666666,NaN,NaN,0.0,1.0,0.7974960814950753,0.1111111111111111,0.1111111111111111,0.0,0.16666666666666666,0.16666666666666666,0.16666666666666666,0.0,0.6547619047619048,0.9083333333333333,0.639965276835826,0.3366666666666667
36,3,6,11,0.3055555555555556,2.0,2.0,0.3333333333333333,0.16666666666666666,0.5,1.25,0.16666666666666666,0.5,0.16666666666666666,1.8333333333333333,1.0586128456734283,0.7249964377227959,1.8166666666666667,2.375,1.0606601717798212,2.0794415416798357,1.0,0.8272227757147146,0.05555555555555555,0.19444444444444445,0.0,0.1388888888888889,0.16666666666666666,0.16666666666666666,0.0,0.4902777777777778,0.7916666666666666,0.7075887351999169,0.6066666666666667
36,4,6,7,0.19444444444444445,2.0,2.0,0.6666666666666666,0.3333333333333333,0.0,2.0,0.0,0.3333333333333333,0.3333333333333333,1.1666666666666667,1.572726736516901,0.8427360687858644,1.1403508771929824,0.0,0.0,0.6931471805599453,1.1666666666666667,1.7979580254345455,0.0,0.0,0.0,0.027777777777777776,0.16666666666666666,0.3333333333333333,0.0,0.4444444444444445,0.6944444444444443,0.24471730323276475,0.048384118190212363
36,5,6,9,0.25,2.0,2.0,0.16666666666666666,0.3333333333333333,0.5,0.8,0.3333333333333333,0.5,0.16666666666666666,1.5,0.6992058987801011,1.0110500592068734,1.972222222222222,1.8,0.8366600265340756,1.6094379124341003,1.0,0.7793634629666748,0.05555555555555555,0.1111111111111111,0.1111111111111111,0.0,0.16666666666666666,0.16666666666666666,0.0,0.3555555555555556,0.763888888888889,0.8416254115301732,0.4379629629629629
36,6,6,7,0.19444444444444445,2.0,2.0,0.3333333333333333,0.16666666666666666,0.5,1.25,0.3333333333333333,0.16666666666666666,0.16666666666666666,1.1666666666666667,1.2616801237611208,0.6452337023220693,1.8333333333333333,1.0,NaN,0.0,1.0,1.0020387381000104,0.05555555555555555,0.027777777777777776,0.027777777777777776,0.05555555555555555,0.16666666666666666,0.16666666666666666,0.0,0.3444444444444444,0.4583333333333333,0.7867957924694432,0.5666666666666667
36,7,6,7,0.19444444444444445,1.0,2.0,0.5,0.0,0.5,2.0,0.16666666666666666,0.16666666666666666,0.3333333333333333,1.1666666666666667,1.3732131246511903,0.34992710611188255,1.2666666666666666,NaN,NaN,0.0,1.0,0.9389529557231417,0.0,0.027777777777777776,0.0,0.05555555555555555,0.16666666666666666,0.3333333333333333,0.0,0.4277777777777778,0.875,0.48599431703516466,0.1866666666666667
36,8,6,6,0.16666666666666666,1.0,2.0,0.5,0.5,0.0,1.0,0.16666666666666666,0.3333333333333333,0.0,1.0,1.2649110640673518,1.2649110640673518,1.6388888888888886,1.1666666666666667,0.752772652709081,1.791759469228055,1.0,1.2649110640673518,0.0,0.05555555555555555,0.05555555555555555,0.05555555555555555,0.16666666666666666,0.0,0.0,0.4444444444444444,0.4444444444444444,0.48304589153964794,0.5157407407407407
36,9,6,7,0.19444444444444445,2.0,2.0,0.5,0.3333333333333333,0.16666666666666666,1.3333333333333333,0.16666666666666666,0.3333333333333333,0.0,1.1666666666666667,1.261680123761121,0.8427360687858643,1.611111111111111,1.3333333333333333,0.5163977794943223,1.791759469228055,1.0,0.6998542122237651,0.05555555555555555,0.0,0.08333333333333333,0.16666666666666666,0.16666666666666666,0.0,0.0,0.7777777777777777,0.0,0.4714045207910317,0.4629629629629628
36,10,6,10,0.2777777777777778,2.0,2.0,0.3333333333333333,0.3333333333333333,0.3333333333333333,1.0,0.16666666666666666,0.3333333333333333,0.3333333333333333,1.6666666666666667,1.117139203501515,0.8197560612767678,1.5833333333333333,2.2,0.8366600265340756,1.6094379124341003,1.0,1.258570617804182,0.05555555555555555,0.0,0.05555555555555555,0.05555555555555555,0.16666666666666666,0.3333333333333333,0.0,0.5634920634920634,0.7277777777777777,0.39440531887330776,0.3416666666666667
37,1,16,60,0.234375,3.0,3.0,0.1875,0.0,0.8125,1.2307692307692308,0.0,0.4375,0.375,3.75,0.9415511236882034,0.5801660043406478,1.8648057480203621,NaN,NaN,0.0,1.3055555555555556,0.7659416862050706,0.14453125,0.1875,0.14453125,0.28125,0.06250000000000001,0.375,0.0,0.6461900946275947,0.6459866522366522,0.5536005665701125,0.40508964930438357
37,2,16,54,0.2109375,2.0,2.0,0.3125,0.125,0.5625,1.2727272727272727,0.125,0.5625,0.0625,3.375,0.8159363773757188,0.5503459443261247,2.1595804988662133,4.356200527704486,1.1784135698865836,5.937536205082426,1.0,0.8003200091559171,0.33984375,0.23828125,0.10546875,0.21875,0.0625,0.0625,0.0,0.7333333333333334,0.6626082251082251,0.625418703057972,0.8325521276285771
37,3,16,46,0.1796875,3.0,2.0,0.3125,0.1875,0.5,1.1818181818181819,0.0625,0.5625,0.25,2.875,0.9662222214493063,0.7057241875261775,1.9046553497942387,4.346320346320346,1.292611734795895,5.442417710521793,1.0454545454545454,1.0160650342124822,0.1640625,0.17578125,0.0703125,0.1796875,0.06249999999999999,0.25,0.0,0.5735119047619046,0.6600942460317462,0.730557046683056,0.7291407083523854
37,4,16,38,0.1484375,3.0,2.0,0.25,0.0,0.75,1.3333333333333333,0.1875,0.375,0.25,2.375,1.074853164830641,0.30265064775926775,1.9987882653061226,NaN,NaN,0.0,1.2272727272727273,0.9723794007404225,0.15234375,0.04296875,0.05078125,0.16015625,0.062499999999999986,0.25,0.0,0.5742334054834054,0.691765873015873,0.7024353656947053,0.7708878396154378
37,5,16,37,0.14453125,3.0,2.0,0.25,0.0,0.75,1.3333333333333333,0.125,0.5625,0.1875,2.3125,1.1245322053142353,0.43869341386762384,2.199866310160428,NaN,NaN,0.0,1.1282051282051282,0.9470006989634965,0.12890625,0.03515625,0.0625,0.16796875,0.0625,0.25,0.0,0.5424679487179488,0.4125,0.7057365613358955,0.6481412107866968
37,6,16,46,0.1796875,3.0,2.0,0.1875,0.1875,0.625,1.0,0.125,0.5,0.25,2.875,1.022987211815843,0.8218809784787144,2.180687830687831,2.7,1.260743306232687,2.995732273553991,1.0,0.9919652005197651,0.0859375,0.12890625,0.15625,0.203125,0.06250000000000001,0.3125,0.0,0.5368799603174603,0.6251240079365079,0.8910883107996832,0.771885772141504
37,7,16,54,0.2109375,3.0,2.0,0.3125,0.0,0.6875,1.4545454545454546,0.0625,0.5625,0.3125,3.375,0.97297736693178,0.18344864810870826,2.0758208255159474,NaN,NaN,0.0,1.2575757575757576,0.8919699687994291,0.26953125,0.11328125,0.05078125,0.21875,0.062499999999999986,0.3125,0.0,0.6416193181818182,0.6985186688311689,0.6358267639551972,0.6760217989198218
37,8,16,43,0.16796875,4.0,3.0,0.25,0.0,0.75,1.3333333333333333,0.0,0.5,0.25,2.6875,1.0930397491745871,0.5032434909437109,1.9706439393939392,NaN,NaN,0.0,1.0930232558139534,0.8999729579496056,0.1328125,0.109375,0.05859375,0.2109375,0.06250000000000001,0.25,0.0,0.6709706959706959,0.5816220238095239,0.7660106466326051,0.7081849641193075
37,9,16,60,0.234375,3.0,2.0,0.1875,0.0625,0.75,1.1538461538461537,0.125,0.4375,0.375,3.75,1.0777205024873016,0.429987079909256,2.047781957687723,NaN,NaN,0.0,1.0357142857142858,1.0253093480795243,0.18359375,0.1796875,0.04296875,0.27734375,0.0625,0.375,0.0,0.67558170995671,0.6811710858585859,0.7917485601684916,0.6804148559951085
37,10,16,30,0.1171875,4.0,2.0,0.25,0.25,0.5,1.0,0.1875,0.3125,0.0,1.875,1.0994948334980428,0.8682037651253176,2.532903439153439,3.4047619047619047,1.4989349683988848,3.7376696182833684,1.0,1.1102218663819374,0.08984375,0.0546875,0.07421875,0.12109375,0.06249999999999999,0.0,0.0,0.5406994047619047,0.21994047619047616,0.9634768392953206,1.2398775405223816
38,1,9,9,0.1111111111111111,2.0,2.0,0.5555555555555556,0.2222222222222222,0.2222222222222222,1.75,0.3333333333333333,0.1111111111111111,0.0,1.0,1.9364916731037085,0.7071067811865476,1.5,1.2857142857142858,0.7559289460184545,1.9459101490553132,1.0,1.6583123951777,0.024691358024691357,0.012345679012345678,0.012345679012345678,0.1728395061728395,0.11111111111111113,0.0,0.0,0.5714285714285715,0.22962962962962966,0.4330127018922193,0.375
38,2,9,4,0.04938271604938271,2.0,1.0,0.5555555555555556,0.6666666666666666,-0.2222222222222222,0.75,0.3333333333333333,0.0,0.0,0.4444444444444444,1.1858541225631425,1.6345871038277526,1.5555555555555556,0.6666666666666666,0.816496580927726,1.791759469228055,1.0,1.7589059099337863,0.012345679012345678,0.0,0.012345679012345678,0.0,0.1111111111111111,0.0,0.0,0.2222222222222222,0.0,0.0,0.5277777777777778
38,3,9,8,0.09876543209876543,1.0,2.0,0.5555555555555556,0.4444444444444444,0.0,1.25,0.2222222222222222,0.0,0.1111111111111111,0.8888888888888888,1.3125,1.0439558180306292,1.3333333333333333,1.0,0.5773502691896257,1.9459101490553132,1.0,1.125,0.0,0.012345679012345678,0.012345679012345678,0.037037037037037035,0.1111111111111111,0.1111111111111111,0.0,0.43333333333333335,0.35185185185185186,0.4629100498862757,0.25000000000000006
38,4,9,10,0.12345679012345678,2.0,2.0,0.5555555555555556,0.4444444444444444,0.0,1.25,0.0,0.4444444444444444,0.1111111111111111,1.1111111111111112,1.2278029157808674,0.9486832980505138,1.4907407407407405,1.8333333333333333,1.1146408580454255,2.4849066497880004,1.0,1.4543039572248988,0.07407407407407407,0.024691358024691357,0.024691358024691357,0.04938271604938271,0.11111111111111113,0.1111111111111111,0.0,0.584126984126984,0.4629629629629629,0.5492699981468107,0.47776813271604923
38,5,9,16,0.19753086419753085,2.0,1.0,0.1111111111111111,0.2222222222222222,0.6666666666666666,0.875,0.0,0.6666666666666666,0.2222222222222222,1.7777777777777777,0.5466517401417469,1.21875,1.7546296296296298,0.0,NaN,0.0,1.125,1.052341140030171,0.09876543209876543,0.07407407407407407,0.1728395061728395,0.024691358024691357,0.1111111111111111,0.2222222222222222,0.0,0.5722222222222223,0.6833333333333333,0.6955338676952482,0.45679012345679004
38,6,9,10,0.12345679012345678,3.0,2.0,0.3333333333333333,0.3333333333333333,0.3333333333333333,1.0,0.1111111111111111,0.2222222222222222,0.0,1.1111111111111112,0.8351646544245033,0.9486832980505138,2.388888888888889,2.625,1.685018016012207,2.0794415416798357,1.0,1.2549900398011131,0.1111111111111111,0.024691358024691357,0.037037037037037035,0.024691358024691357,0.1111111111111111,0.0,0.0,0.4259259259259259,0.2037037037037037,0.3333333333333333,1.6111111111111112
38,7,9,30,0.37037037037037035,2.0,1.0,0.1111111111111111,0.0,0.8888888888888888,1.125,0.1111111111111111,0.6666666666666666,0.4444444444444444,3.3333333333333335,0.75,0.4743416490252569,1.8755241090146753,NaN,NaN,0.0,1.037037037037037,0.5567764362830022,0.19753086419753085,0.345679012345679,0.037037037037037035,0.12345679012345678,0.1111111111111111,0.4444444444444444,0.0,0.6572751322751323,0.8917989417989419,0.7078652121714137,0.5534141464779627
38,8,9,4,0.04938271604938271,2.0,1.0,0.5555555555555556,0.6666666666666666,-0.2222222222222222,0.75,0.1111111111111111,0.0,0.1111111111111111,0.4444444444444444,1.1858541225631425,1.6345871038277526,1.2777777777777777,0.2,0.44721359549995804,1.6094379124341003,1.0,1.8750000000000002,0.012345679012345678,0.0,0.0,0.0,0.1111111111111111,0.1111111111111111,0.0,0.05555555555555555,0.2222222222222222,0.5,0.38194444444444453
38,9,9,15,0.18518518518518517,2.0,1.0,0.3333333333333333,0.2222222222222222,0.4444444444444444,1.1666666666666667,0.3333333333333333,0.1111111111111111,0.1111111111111111,1.6666666666666667,0.9486832980505138,0.7348469228349533,1.911111111111111,1.5,0.5477225575051661,1.791759469228055,1.0,0.7810249675906653,0.14814814814814814,0.012345679012345678,0.12345679012345678,0.13580246913580246,0.1111111111111111,0.1111111111111111,0.0,0.6592592592592593,0.27222222222222225,0.549631911460059,0.6211111111111111
38,10,9,13,0.16049382716049382,3.0,2.0,0.3333333333333333,0.2222222222222222,0.4444444444444444,1.1666666666666667,0.1111111111111111,0.5555555555555556,0.1111111111111111,1.4444444444444444,0.923076923076923,0.7825765365144541,2.0694444444444446,3.3636363636363638,1.433368568981982,2.3978952727983707,1.0,1.1879573239600385,0.14814814814814814,0.04938271604938271,0.024691358024691357,0.06172839506172839,0.1111111111111111,0.1111111111111111,0.0,0.37671957671957673,0.39444444444444443,0.7409983303901742,1.066840277777778
39,1,17,29,0.10034602076124567,2.0,2.0,0.4117647058823529,0.4117647058823529,0.17647058823529413,1.0,0.17647058823529413,0.35294117647058826,0.17647058823529413,1.7058823529411764,1.1495617735058112,1.23946212107665,1.5091503267973856,2.096774193548387,1.1061898182402938,3.4339872044851463,1.0,1.443804674521054,0.0034602076124567475,0.07612456747404844,0.05190311418685121,0.04844290657439446,0.0588235294117647,0.17647058823529413,0.0,0.49150326797385613,0.4535014005602241,0.5457317672921217,0.3096988471314452
39,2,17,53,0.18339100346020762,3.0,2.0,0.5294117647058824,0.11764705882352941,0.35294117647058826,1.875,0.17647058823529413,0.29411764705882354,0.17647058823529413,3.1176470588235294,1.2468365095692675,0.6094587879749893,1.5352474323062557,2.46,0.9082389328715619,3.912023005428146,1.1228070175438596,1.108058928406628,0.12802768166089964,0.12110726643598616,0.11072664359861592,0.3494809688581315,0.05882352941176472,0.17647058823529413,0.0,0.7045284780578898,0.49227733051262457,0.5085685984253866,0.36366140785017714
39,3,17,25,0.08650519031141868,3.0,2.0,0.5294117647058824,0.17647058823529413,0.29411764705882354,1.75,0.11764705882352941,0.23529411764705882,0.17647058823529413,1.4705882352941178,1.68493323309857,0.6849817515817483,1.408169934640523,1.9545454545454546,0.8438727464026861,3.091042453358316,1.0,1.604306703844374,0.02768166089965398,0.031141868512110725,0.006920415224913495,0.14186851211072665,0.058823529411764705,0.17647058823529413,0.0,0.5992275698158052,0.4616946778711485,0.5271973416445089,0.5077666575889616
39,4,17,35,0.12110726643598616,2.0,3.0,0.4117647058823529,0.0,0.5882352941176471,1.7,0.11764705882352941,0.29411764705882354,0.11764705882352941,2.0588235294117645,1.0511898020814323,0.6302736690987365,1.6705882352941175,NaN,NaN,0.0,1.1951219512195121,0.8923141205853007,0.10380622837370242,0.03806228373702422,0.058823529411764705,0.1314878892733564,0.05882352941176469,0.11764705882352941,0.0,0.5654295051353874,0.3648459383753502,0.5342354939773378,0.4800183823529413
39,5,17,23,0.07958477508650519,3.0,2.0,0.47058823529411764,0.29411764705882354,0.23529411764705882,1.3333333333333333,0.058823529411764705,0.23529411764705882,0.17647058823529413,1.3529411764705883,1.3813331551237864,0.9400760134973761,1.6323529411764708,2.260869565217391,1.009833078211346,3.1354942159291497,1.0,1.5038545308325144,0.04152249134948097,0.01730103806228374,0.031141868512110725,0.0657439446366782,0.058823529411764705,0.17647058823529413,0.0,0.5375816993464051,0.26631652661064426,0.5208119231436024,0.7960580065359477
39,6,17,30,0.10380622837370242,4.0,2.0,0.29411764705882354,0.29411764705882354,0.4117647058823529,1.0,0.17647058823529413,0.35294117647058826,0.11764705882352941,1.7647058823529411,0.9509498175800633,0.8624094155330171,1.972549019607843,3.0,1.3706888336846839,3.5263605246161616,1.0,1.0421665467242323,0.07958477508650519,0.01730103806228374,0.06920415224913495,0.08304498269896193,0.0588235294117647,0.17647058823529413,0.0,0.465406162464986,0.31862745098039214,0.6902382193772989,0.7368555964052287
39,7,17,25,0.08650519031141868,2.0,3.0,0.5882352941176471,0.0,0.4117647058823529,2.4285714285714284,0.11764705882352941,0.29411764705882354,0.058823529411764705,1.4705882352941178,1.9696192525460343,0.8016233529532432,1.5334967320261437,NaN,NaN,0.0,1.2,1.8758997841036176,0.04152249134948097,0.01730103806228374,0.04152249134948097,0.20069204152249134,0.058823529411764705,0.058823529411764705,0.0,0.8144257703081232,0.27117392411510055,0.6246310639484579,0.4510768427741467
39,8,17,28,0.09688581314878893,3.0,2.0,0.35294117647058826,0.4117647058823529,0.23529411764705882,0.9090909090909091,0.0,0.5294117647058824,0.17647058823529413,1.6470588235294117,0.9342204542520235,1.304671746971988,1.6047794117647058,1.736842105263158,0.9911892555667042,2.9444389791664403,1.0,1.4219713608298898,0.05536332179930796,0.03460207612456748,0.09342560553633218,0.04844290657439446,0.058823529411764705,0.17647058823529413,0.0,0.37450980392156863,0.353921568627451,0.503984670105867,0.5377430635340072
39,9,17,54,0.18685121107266436,3.0,2.0,0.23529411764705882,0.35294117647058826,0.4117647058823529,0.8461538461538461,0.0,0.5882352941176471,0.47058823529411764,3.176470588235294,0.8850951062178315,0.9194215990597341,1.6346525276777377,3.4705882352941178,1.4191961270588445,3.9318256327243257,1.1346153846153846,1.2878694350576965,0.0726643598615917,0.06228373702422145,0.06920415224913495,0.10726643598615918,0.05882352941176469,0.47058823529411764,0.0,0.5828821505292092,0.6499299719887957,0.5600437076072985,0.48871833234900147
39,10,17,42,0.1453287197231834,3.0,3.0,0.17647058823529413,0.058823529411764705,0.7647058823529411,1.1428571428571428,0.0,0.6470588235294118,0.23529411764705882,2.4705882352941178,0.8110105395357667,0.657623616411149,1.7749076797385623,3.25,1.1254628677422756,2.772588722239781,1.1363636363636365,0.7403479447969579,0.1695501730103806,0.03806228373702422,0.10726643598615918,0.1453287197231834,0.05882352941176472,0.23529411764705882,0.0,0.5327731092436975,0.4246498599439775,0.6036524480277426,0.5548057023760893
40,1,17,56,0.19377162629757785,3.0,1.0,0.17647058823529413,0.058823529411764705,0.7647058823529411,1.1428571428571428,0.11764705882352941,0.7058823529411765,0.29411764705882354,3.2941176470588234,0.7571407513447805,0.5953087755655094,2.2096239461968366,5.090361445783133,1.3610258571080438,5.111987788356544,1.0,0.7796284191451562,0.2698961937716263,0.12802768166089964,0.11418685121107267,0.18339100346020762,0.0588235294117647,0.29411764705882354,0.0,0.5382264794029499,0.4369047619047619,0.595420936423523,0.7118715909985314
40,2,17,65,0.22491349480968859,2.0,1.0,0.11764705882352941,0.0,0.8823529411764706,1.1333333333333333,0.0,0.7058823529411765,0.17647058823529413,3.823529411764706,0.5937793904279951,0.6287491103667521,2.606385517169831,NaN,NaN,0.0,1.0,0.515814975313238,0.41522491349480967,0.17647058823529413,0.27335640138408307,0.23875432525951557,0.05882352941176469,0.17647058823529413,0.0,0.6880136203665617,0.4498132586367881,0.5762621335021807,0.9346089473986897
40,3,17,37,0.12802768166089964,3.0,2.0,0.29411764705882354,0.058823529411764705,0.6470588235294118,1.3333333333333333,0.058823529411764705,0.5882352941176471,0.29411764705882354,2.176470588235294,0.878326401788589,0.863174022847098,1.8957091927680163,1.0,0.0,0.6931471805599453,1.0588235294117647,1.1073662645338316,0.058823529411764705,0.010380622837370242,0.04152249134948097,0.08650519031141868,0.058823529411764705,0.35294117647058826,0.0,0.5514960529666413,0.5082633053221288,0.688133145031755,0.6621074745325124
40,4,17,44,0.1522491349480969,3.0,3.0,0.35294117647058826,0.058823529411764705,0.5882352941176471,1.4545454545454546,0.11764705882352941,0.5294117647058824,0.29411764705882354,2.588235294117647,0.9169405426076904,0.5121836858971335,1.713235294117647,2.0,0.7559289460184544,2.0794415416798357,1.4,0.7341208127880553,0.06920415224913495,0.0726643598615917,0.04498269896193772,0.08650519031141868,0.0588235294117647,0.29411764705882354,0.0,0.6823529411764705,0.7665266106442578,0.6170412933643111,0.3554779411764706
40,5,17,71,0.24567474048442905,2.0,2.0,0.29411764705882354,0.058823529411764705,0.6470588235294118,1.3333333333333333,0.29411764705882354,0.4117647058823529,0.058823529411764705,4.176470588235294,1.074918744593597,0.4731168100681414,1.984364899806076,3.7748091603053435,1.0716009086884792,5.568344503761097,1.0,0.7171351897521672,0.23529411764705882,0.3460207612456747,0.14878892733564014,0.5813148788927336,0.058823529411764705,0.058823529411764705,0.0,0.6838619761630141,0.554019183430948,0.552376115159211,0.548084767160069
40,6,17,39,0.13494809688581316,4.0,2.0,0.29411764705882354,0.23529411764705882,0.47058823529411764,1.0833333333333333,0.0,0.5882352941176471,0.23529411764705882,2.2941176470588234,0.8265503035745922,0.7512864268709545,1.7341775599128542,3.375,1.590454480500921,4.02535169073515,1.0,0.6882000649437344,0.08304498269896193,0.058823529411764705,0.0726643598615917,0.10380622837370242,0.058823529411764705,0.23529411764705882,0.0,0.5930905695611578,0.6784313725490196,0.6291785436062058,0.47081008432179444
40,7,17,50,0.17301038062283736,3.0,2.0,0.29411764705882354,0.058823529411764705,0.6470588235294118,1.3333333333333333,0.0,0.29411764705882354,0.29411764705882354,2.9411764705882355,1.2345241998438103,0.4071240597164456,1.9924148606811145,0.0,NaN,0.0,1.1666666666666667,1.220327824807744,0.1314878892733564,0.07958477508650519,0.031141868512110725,0.23529411764705882,0.05882352941176472,0.35294117647058826,0.0,0.6612044817927171,0.6932412358882947,0.7238849716646515,0.955487259654554
40,8,17,42,0.1453287197231834,5.0,2.0,0.29411764705882354,0.23529411764705882,0.47058823529411764,1.0833333333333333,0.0,0.47058823529411764,0.29411764705882354,2.4705882352941178,1.1095723471909316,0.8950370214919994,1.7683600713012475,3.1025641025641026,1.333670672575501,3.6635616461296463,1.0512820512820513,1.1532267655535557,0.07958477508650519,0.08650519031141868,0.11418685121107267,0.17647058823529413,0.0588235294117647,0.29411764705882354,0.0,0.476186232068585,0.5386554621848739,0.6381458274866597,0.7367248858909955
40,9,17,51,0.17647058823529413,3.0,2.0,0.35294117647058826,0.11764705882352941,0.5294117647058824,1.3636363636363635,0.17647058823529413,0.47058823529411764,0.11764705882352941,3.0,1.1785113019775793,0.6871842709362768,1.9371194758895294,2.7222222222222223,0.7014723744122017,3.58351893845611,1.125,1.1173030086202647,0.18685121107266436,0.1522491349480969,0.1245674740484429,0.3217993079584775,0.05882352941176472,0.11764705882352941,0.0,0.628507766743061,0.5710168916051268,0.5713740444028311,0.6190411031253334
40,10,17,55,0.1903114186851211,3.0,2.0,0.23529411764705882,0.17647058823529413,0.5882352941176471,1.0769230769230769,0.23529411764705882,0.5294117647058824,0.17647058823529413,3.235294117647059,1.0282175863885414,0.6327821292834492,2.064545234479875,3.247787610619469,0.995803457473693,4.727387818712341,1.0,0.8377212301858729,0.15916955017301038,0.1384083044982699,0.13494809688581316,0.314878892733564,0.058823529411764705,0.17647058823529413,0.0,0.5506748153806977,0.496606824548001,0.6358366642391009,0.5187886465989908
41,1,22,66,0.13636363636363635,2.0,2.0,0.36363636363636365,0.045454545454545456,0.5909090909090909,1.5,0.13636363636363635,0.36363636363636365,0.045454545454545456,3.0,1.5498762538075104,0.4933419132673033,2.2259244227994226,3.325301204819277,1.1487897527285575,4.418840607796598,1.0298507462686568,1.339182696053938,0.1322314049586777,0.09917355371900827,0.08471074380165289,0.49173553719008267,0.04545454545454546,0.045454545454545456,0.0,0.7262653879878761,0.511474321133412,0.938729043371389,1.0847190328715361
41,2,22,33,0.06818181818181818,3.0,2.0,0.4090909090909091,0.2727272727272727,0.3181818181818182,1.2307692307692308,0.2727272727272727,0.18181818181818182,0.13636363636363635,1.5,1.4511444124621455,0.8420182355476092,1.6352813852813854,2.2857142857142856,1.2724180205607036,3.332204510175204,1.032258064516129,1.5436568216013502,0.047520661157024795,0.010330578512396695,0.024793388429752067,0.09917355371900827,0.04545454545454545,0.13636363636363635,0.0,0.48024475524475546,0.2882395382395382,0.6002902563281638,0.5722483122036695
41,3,22,50,0.10330578512396695,4.0,2.0,0.22727272727272727,0.22727272727272727,0.5454545454545454,1.0,0.09090909090909091,0.5,0.045454545454545456,2.272727272727273,0.9227701565963009,0.849963584654128,2.716617063492063,4.6,1.6372848727041869,4.74493212836325,1.0,1.0229183275129567,0.12190082644628099,0.045454545454545456,0.09504132231404959,0.10537190082644628,0.04545454545454546,0.045454545454545456,0.0,0.5272350124622851,0.36922799422799424,0.9126139676396453,1.2776816341600696
41,4,22,33,0.06818181818181818,5.0,2.0,0.22727272727272727,0.18181818181818182,0.5909090909090909,1.0588235294117647,0.18181818181818182,0.3181818181818182,0.09090909090909091,1.5,0.959497222838566,0.7346308866924529,2.061742424242424,3.176470588235294,1.8109146210426053,2.833213344056216,1.0,0.9629999622891621,0.05991735537190083,0.006198347107438017,0.028925619834710745,0.047520661157024795,0.04545454545454545,0.09090909090909091,0.0,0.270995670995671,0.20757575757575755,0.7137709992370465,0.8035675204425207
41,5,22,33,0.06818181818181818,2.0,2.0,0.5909090909090909,0.2727272727272727,0.13636363636363635,1.7777777777777777,0.045454545454545456,0.22727272727272727,0.09090909090909091,1.5,1.7182493859684491,0.7346308866924529,1.3411616161616162,1.975609756097561,1.0121216546949479,3.713572066704308,1.0,1.7446406632229585,0.049586776859504134,0.02066115702479339,0.01652892561983471,0.1384297520661157,0.045454545454545456,0.09090909090909091,0.0,0.4772727272727272,0.38582251082251084,0.5047552009149876,0.3579649003260114
41,6,22,40,0.08264462809917356,3.0,2.0,0.4090909090909091,0.09090909090909091,0.5,1.5384615384615385,0.2727272727272727,0.2727272727272727,0.09090909090909091,1.8181818181818181,1.3217052477404947,0.7128079952520441,1.7904040404040402,0.0,0.0,0.6931471805599453,1.0,1.2441290700153032,0.06198347107438017,0.024793388429752067,0.04338842975206612,0.1115702479338843,0.04545454545454545,0.09090909090909091,0.0,0.5429750804750803,0.3843614718614718,0.6282418298482919,0.542528459195126
41,7,22,36,0.0743801652892562,3.0,2.0,0.4090909090909091,0.45454545454545453,0.13636363636363635,0.9230769230769231,0.18181818181818182,0.36363636363636365,0.045454545454545456,1.6363636363636365,1.2445058563834097,1.1243915331466503,1.7478354978354977,1.7058823529411764,0.8714116643527636,3.5263605246161616,1.0,1.291990202411602,0.03925619834710744,0.010330578512396695,0.08057851239669421,0.1012396694214876,0.045454545454545456,0.045454545454545456,0.0,0.4500000000000001,0.1054112554112554,0.551633548363879,0.5036102521816808
41,8,22,21,0.04338842975206612,3.0,2.0,0.5909090909090909,0.36363636363636365,0.045454545454545456,1.5555555555555556,0.18181818181818182,0.09090909090909091,0.045454545454545456,0.9545454545454546,1.925678802681276,0.9952917994819259,1.686868686868687,0.8461538461538461,0.8006407690254357,2.5649493574615367,1.0,2.0775900751741556,0.022727272727272728,0.008264462809917356,0.010330578512396695,0.049586776859504134,0.045454545454545456,0.045454545454545456,0.0,0.4305555555555554,0.27083333333333326,0.8023700929246979,0.9789963123296456
41,9,22,38,0.07851239669421488,3.0,2.0,0.36363636363636365,0.18181818181818182,0.45454545454545453,1.2857142857142858,0.2727272727272727,0.18181818181818182,0.09090909090909091,1.7272727272727273,1.3151376831757993,0.7187172909116458,2.027548209366391,1.2857142857142858,0.9511897312113419,1.9459101490553132,1.0,1.4242514817755776,0.09710743801652892,0.012396694214876033,0.047520661157024795,0.10537190082644628,0.04545454545454546,0.09090909090909091,0.0,0.4234848484848484,0.2606421356421356,0.6463157813139371,0.9429959218756278
41,10,22,81,0.16735537190082644,4.0,2.0,0.3181818181818182,0.0,0.6818181818181818,1.4666666666666666,0.13636363636363635,0.5454545454545454,0.2727272727272727,3.6818181818181817,1.0548772019149055,0.5521024042351157,1.7688575570520015,NaN,NaN,0.0,1.1573033707865168,0.7302808419163501,0.1384297520661157,0.11363636363636363,0.16735537190082644,0.365702479338843,0.045454545454545456,0.2727272727272727,0.0,0.7421807359307359,0.574806758897668,0.6106874925920591,0.40255061182265983
42,1,7,5,0.10204081632653061,2.0,2.0,0.42857142857142855,0.5714285714285714,0.0,0.75,0.0,0.14285714285714285,0.14285714285714285,0.7142857142857143,1.058300524425836,1.5577761927397231,1.25,0.3333333333333333,0.5773502691896258,1.0986122886681098,1.0,1.5577761927397231,0.02040816326530612,0.0,0.02040816326530612,0.02040816326530612,0.14285714285714285,0.14285714285714285,0.0,0.25,0.1904761904761905,0.4808846015417837,0.3125
42,2,7,13,0.2653061224489796,2.0,2.0,0.2857142857142857,0.0,0.7142857142857143,1.4,0.14285714285714285,0.42857142857142855,0.14285714285714285,1.8571428571428572,0.954590280460835,0.4844729135305431,2.1285714285714286,NaN,NaN,0.0,1.1428571428571428,0.5254846546645948,0.14285714285714285,0.10204081632653061,0.061224489795918366,0.14285714285714285,0.14285714285714285,0.14285714285714285,0.0,0.5051020408163265,0.6690476190476191,0.9279319437909723,0.7448809523809524
42,3,7,11,0.22448979591836735,1.0,2.0,0.2857142857142857,0.14285714285714285,0.5714285714285714,1.2,0.14285714285714285,0.42857142857142855,0.42857142857142855,1.5714285714285714,0.9620913858416692,0.6210273191490666,1.3499999999999999,1.5,0.7071067811865476,0.6931471805599453,1.0,0.6053025562253994,0.0,0.061224489795918366,0.0,0.04081632653061224,0.14285714285714285,0.42857142857142855,0.0,0.47619047619047616,1.238095238095238,0.48661633197566906,0.460625
42,4,7,5,0.10204081632653061,2.0,2.0,0.5714285714285714,0.42857142857142855,0.0,1.3333333333333333,0.2857142857142857,0.14285714285714285,0.14285714285714285,0.7142857142857143,1.5577761927397231,1.058300524425836,1.3571428571428572,0.3333333333333333,0.5773502691896258,1.0986122886681098,1.0,1.557776192739723,0.02040816326530612,0.0,0.02040816326530612,0.02040816326530612,0.14285714285714285,0.14285714285714285,0.0,0.25,0.1904761904761905,0.6519202405202649,0.2261904761904762
42,5,7,6,0.12244897959183673,2.0,2.0,0.42857142857142855,0.42857142857142855,0.14285714285714285,1.0,0.2857142857142857,0.14285714285714285,0.14285714285714285,0.8571428571428571,1.2472191289246473,1.2472191289246473,1.6428571428571428,0.6666666666666666,1.1547005383792517,1.0986122886681098,1.0,1.484487690654154,0.02040816326530612,0.02040816326530612,0.04081632653061224,0.0,0.14285714285714285,0.14285714285714285,0.0,0.2261904761904762,0.45238095238095244,0.6324555320336759,0.5595238095238095
42,6,7,7,0.14285714285714285,1.0,2.0,0.42857142857142855,0.42857142857142855,0.14285714285714285,1.0,0.2857142857142857,0.14285714285714285,0.2857142857142857,1.0,1.1547005383792515,1.1547005383792515,1.3214285714285714,0.6666666666666666,0.5773502691896258,1.0986122886681098,1.0,1.2535663410560174,0.0,0.02040816326530612,0.04081632653061224,0.0,0.14285714285714285,0.2857142857142857,0.0,0.2642857142857143,0.47619047619047616,0.4531634835874828,0.2232142857142857
42,7,7,6,0.12244897959183673,2.0,2.0,0.42857142857142855,0.42857142857142855,0.14285714285714285,1.0,0.14285714285714285,0.14285714285714285,0.0,0.8571428571428571,1.247219128924647,1.0496913126495102,2.0,2.0,1.0,1.9459101490553132,1.0,1.8708286933869709,0.12244897959183673,0.02040816326530612,0.02040816326530612,0.04081632653061224,0.14285714285714285,0.0,0.0,0.5238095238095238,0.3,0.36514837167011077,1.1111111111111107
42,8,7,3,0.061224489795918366,1.0,2.0,0.7142857142857143,0.5714285714285714,-0.2857142857142857,1.5,0.0,0.0,0.2857142857142857,0.42857142857142855,1.8358568490953673,1.247219128924647,0.9285714285714286,0.0,0.0,1.3862943611198906,1.0,1.8358568490953675,0.0,0.0,0.0,0.0,0.14285714285714285,0.2857142857142857,0.0,0.09523809523809523,0.21428571428571427,0.0,0.03571428571428572
42,9,7,4,0.08163265306122448,1.0,2.0,0.7142857142857143,0.7142857142857143,-0.42857142857142855,1.0,0.0,0.0,0.14285714285714285,0.5714285714285714,1.7078251276599334,1.7078251276599334,1.1428571428571428,0.5,0.8366600265340756,1.791759469228055,1.0,2.25924028528766,0.0,0.02040816326530612,0.0,0.0,0.14285714285714285,0.14285714285714285,0.0,0.21428571428571427,0.5952380952380952,0.5773502691896257,0.14285714285714288
42,10,7,9,0.1836734693877551,2.0,2.0,0.2857142857142857,0.2857142857142857,0.42857142857142855,1.0,0.0,0.42857142857142855,0.14285714285714285,1.2857142857142858,0.865431218188735,0.865431218188735,1.488095238095238,1.3333333333333333,0.5773502691896257,1.0986122886681098,1.0,0.6119522830317891,0.08163265306122448,0.0,0.061224489795918366,0.10204081632653061,0.14285714285714285,0.14285714285714285,0.0,0.5238095238095237,0.16666666666666669,0.42287048187884246,0.49404761904761907
43,1,24,133,0.2309027777777778,3.0,2.0,0.2916666666666667,0.041666666666666664,0.6666666666666666,1.3529411764705883,0.0,0.5833333333333334,0.16666666666666666,5.541666666666667,1.087897549380557,0.5948801708871858,2.054210034915584,4.854354354354355,1.4336830809142613,6.501289670540389,1.0076923076923077,0.9337428276826292,0.234375,0.4982638888888889,0.1840277777777778,0.6111111111111112,0.041666666666666664,0.16666666666666666,0.0,0.8090040677186493,0.64096025430681,0.7714674232878993,0.8478744365155401
43,2,24,115,0.1996527777777778,3.0,1.0,0.041666666666666664,0.0,0.9583333333333334,1.0434782608695652,0.041666666666666664,0.7083333333333334,0.2916666666666667,4.791666666666667,0.8437607930142638,0.43940080392658476,2.9415735824019826,NaN,NaN,0.0,1.0,0.6726831878081196,0.3784722222222222,0.2621527777777778,0.16145833333333334,0.3628472222222222,0.041666666666666664,0.2916666666666667,0.0,0.6356264741665282,0.6000187142650378,0.8055977125625914,1.3391416421707054
43,3,24,120,0.20833333333333334,4.0,2.0,0.20833333333333334,0.0,0.7916666666666666,1.263157894736842,0.041666666666666664,0.75,0.375,5.0,0.8546547739343037,0.34389078144843804,2.443878087591637,NaN,NaN,0.0,1.1048387096774193,0.7974142996067923,0.3784722222222222,0.2604166666666667,0.078125,0.296875,0.04166666666666666,0.4583333333333333,0.0,0.6851821347225759,0.6798065360565361,0.6926941913936541,0.8449028265436702
43,4,24,68,0.11805555555555555,2.0,2.0,0.20833333333333334,0.3333333333333333,0.4583333333333333,0.8421052631578947,0.20833333333333334,0.4583333333333333,0.08333333333333333,2.8333333333333335,1.1713443303502684,0.8749046241729024,2.543117080019653,3.598360655737705,1.3585349185982694,4.804021044733257,1.0,1.1205373853174587,0.06076388888888889,0.09722222222222222,0.11284722222222222,0.2065972222222222,0.041666666666666664,0.125,0.0,0.6646476208976211,0.4634401478151478,0.9170706118375742,1.0450143848528586
43,5,24,115,0.1996527777777778,3.0,2.0,0.2916666666666667,0.16666666666666666,0.5416666666666666,1.1764705882352942,0.125,0.5833333333333334,0.25,4.791666666666667,1.1692450774418026,0.6153457954133866,1.93934246200562,4.868157739846969,1.3707501694069437,7.4377951216719325,1.1065573770491803,1.0419648760834979,0.18229166666666666,0.3350694444444444,0.13020833333333334,0.5798611111111112,0.041666666666666664,0.25,0.0,0.6518197628394996,0.6610348368378555,0.6049116520265776,0.6011229521172435
43,6,24,112,0.19444444444444445,3.0,2.0,0.20833333333333334,0.0,0.7916666666666666,1.263157894736842,0.08333333333333333,0.5833333333333334,0.3333333333333333,4.666666666666667,0.9659233850585751,0.3323706892410165,2.443513442927269,NaN,NaN,0.0,1.063063063063063,1.0169373091214766,0.3020833333333333,0.10590277777777778,0.09895833333333333,0.2638888888888889,0.041666666666666664,0.3333333333333333,0.0,0.6980259732097968,0.5889630045880047,0.806713721881822,1.0702787704511378
43,7,24,65,0.11284722222222222,5.0,2.0,0.3333333333333333,0.125,0.5416666666666666,1.3125,0.08333333333333333,0.4166666666666667,0.25,2.7083333333333335,1.3177617433925053,0.549593483558579,2.1549923678207192,5.725581395348837,2.290583428031763,5.3706380281276624,1.1492537313432836,1.244604511902106,0.07465277777777778,0.07118055555555555,0.020833333333333332,0.20833333333333334,0.041666666666666664,0.25,0.0,0.5606812169312169,0.7086294492544494,0.9068732224793276,1.0396488497510508
43,8,24,96,0.16666666666666666,3.0,2.0,0.16666666666666666,0.0,0.8333333333333334,1.2,0.16666666666666666,0.5,0.2916666666666667,4.0,1.1515584902738285,0.5467294060851866,2.145137399236927,NaN,NaN,0.0,1.0326086956521738,1.1690742497588746,0.2170138888888889,0.2361111111111111,0.050347222222222224,0.3246527777777778,0.041666666666666685,0.2916666666666667,0.0,0.6333718794535358,0.7845391128479361,0.7486869797225887,0.8574402259292021
43,9,24,108,0.1875,3.0,2.0,0.125,0.0,0.875,1.1428571428571428,0.08333333333333333,0.5416666666666666,0.20833333333333334,4.5,0.9008852329229017,0.3142696805273545,3.3808861848853002,NaN,NaN,0.0,1.0636363636363637,0.7442148803640686,0.3559027777777778,0.19270833333333334,0.11805555555555555,0.3263888888888889,0.04166666666666668,0.25,0.0,0.7244510377250314,0.5527894559144558,1.196526892297561,1.853873897673419
43,10,24,64,0.1111111111111111,4.0,2.0,0.16666666666666666,0.3333333333333333,0.5,0.8,0.08333333333333333,0.5416666666666666,0.2916666666666667,2.6666666666666665,0.9555330859059092,0.8100925873009824,2.1507684897630552,6.806818181818182,1.6857393972383528,6.556778356158042,1.0655737704918034,1.3565023057240937,0.14583333333333334,0.0763888888888889,0.043402777777777776,0.0798611111111111,0.041666666666666664,0.3333333333333333,0.0,0.43498550061050056,0.5998842592592594,0.8013089562628964,1.1004983153574326
44,1,24,64,0.1111111111111111,2.0,2.0,0.4166666666666667,0.20833333333333334,0.375,1.3571428571428572,0.08333333333333333,0.375,0.08333333333333333,2.6666666666666665,1.4986406884385188,0.6510860492118233,1.8008409327940578,2.9393939393939394,1.0965426287914581,4.882801922586371,1.0,1.3998495648989662,0.09895833333333333,0.0798611111111111,0.06597222222222222,0.3246527777777778,0.04166666666666668,0.08333333333333333,0.0,0.5232950124494242,0.4000648656898656,0.6887661378171661,0.7820810712542619
44,2,24,91,0.1579861111111111,3.0,2.0,0.25,0.041666666666666664,0.7083333333333334,1.2777777777777777,0.041666666666666664,0.5833333333333334,0.25,3.7916666666666665,1.0346226985021554,0.6073117332204571,1.8998942412974396,0.0,NaN,0.0,1.1237113402061856,1.0568544593217946,0.2638888888888889,0.1701388888888889,0.109375,0.3090277777777778,0.04166666666666668,0.25,0.0,0.5876223313723313,0.5845395345395346,0.671691971410628,0.7133398770454337
44,3,24,48,0.08333333333333333,3.0,2.0,0.25,0.4166666666666667,0.3333333333333333,0.7777777777777778,0.16666666666666666,0.2916666666666667,0.125,2.0,1.179535649239177,1.1515584902738285,1.7867717978395061,1.9310344827586208,1.0997088732529758,3.367295829986474,1.0,1.4394481128422856,0.043402777777777776,0.05381944444444445,0.0798611111111111,0.0920138888888889,0.04166666666666668,0.125,0.0,0.3868491462241463,0.31658399470899473,0.5521382350496228,0.642533917860379
44,4,24,62,0.1076388888888889,3.0,2.0,0.2916666666666667,0.041666666666666664,0.6666666666666666,1.3529411764705883,0.375,0.25,0.16666666666666666,2.5833333333333335,1.6498983035541188,0.6243487309408454,1.7737536168981485,1.0,NaN,0.0,1.1944444444444444,1.5186484989482967,0.08159722222222222,0.057291666666666664,0.06597222222222222,0.3524305555555556,0.04166666666666665,0.16666666666666666,0.0,0.5595185881370092,0.5202380952380953,0.6072474665248234,0.40751579995015697
44,5,24,75,0.13020833333333334,2.0,2.0,0.3333333333333333,0.16666666666666666,0.5,1.25,0.041666666666666664,0.5416666666666666,0.16666666666666666,3.125,1.3846361945667707,0.7081144589376224,1.6613045023354458,2.696969696969697,0.9918079368925133,4.189654742026425,1.0,1.3140401246824096,0.11805555555555555,0.11458333333333333,0.09895833333333333,0.3680555555555556,0.041666666666666664,0.16666666666666666,0.0,0.644965779834201,0.49816662776221593,0.5928472847851036,0.5003280546704907
44,6,24,59,0.10243055555555555,3.0,3.0,0.2916666666666667,0.125,0.5833333333333334,1.2352941176470589,0.16666666666666666,0.375,0.16666666666666666,2.4583333333333335,1.1933894835564676,0.5623619407241253,1.9410931647940075,2.6315789473684212,0.8950807732508138,2.9444389791664403,1.2142857142857142,1.0474426024349737,0.1076388888888889,0.010416666666666666,0.08159722222222222,0.1736111111111111,0.041666666666666664,0.16666666666666666,0.0,0.6121084933584933,0.2508131914381914,0.6213474784883515,0.671919189246603
44,7,24,85,0.14756944444444445,3.0,2.0,0.20833333333333334,0.25,0.5416666666666666,0.9473684210526315,0.16666666666666666,0.5833333333333334,0.08333333333333333,3.5416666666666665,1.0094185609557842,0.8241575974588083,2.2626036844135804,3.9148936170212765,1.5082364642933286,5.459585514144159,1.0777777777777777,0.8531748511375086,0.13368055555555555,0.1232638888888889,0.21875,0.3107638888888889,0.04166666666666668,0.08333333333333333,0.0,0.5846906565656566,0.35618235930735925,0.6654391645061077,0.7029995646848065
44,8,24,68,0.11805555555555555,3.0,2.0,0.4166666666666667,0.25,0.3333333333333333,1.2857142857142858,0.125,0.4166666666666667,0.041666666666666664,2.8333333333333335,1.260431126855156,0.8369386929809347,2.0533470130692355,4.044871794871795,1.3719418430857881,5.7430031878094825,1.0,1.3157057767557365,0.13194444444444445,0.10416666666666667,0.11284722222222222,0.2517361111111111,0.041666666666666664,0.041666666666666664,0.0,0.6646367521367521,0.4065041440041439,0.8370904943423071,0.9778620052768655
44,9,24,79,0.1371527777777778,3.0,3.0,0.20833333333333334,0.0,0.7916666666666666,1.263157894736842,0.20833333333333334,0.5,0.125,3.2916666666666665,1.117046706344329,0.5183493400497176,2.3842004985754985,NaN,NaN,0.0,1.1914893617021276,0.8957565376270816,0.2013888888888889,0.0642361111111111,0.14756944444444445,0.3142361111111111,0.041666666666666664,0.125,0.0,0.5493867243867244,0.30449492636992637,0.6866568715257543,0.7715299179239011
44,10,24,65,0.11284722222222222,5.0,2.0,0.25,0.125,0.625,1.1666666666666667,0.08333333333333333,0.5833333333333334,0.125,2.7083333333333335,1.024163930793885,0.7342690353050931,2.3570707786481595,3.685185185185185,1.3848789072337366,3.9889840465642745,1.0158730158730158,1.0007457985580646,0.11458333333333333,0.0798611111111111,0.0763888888888889,0.14583333333333334,0.04166666666666668,0.125,0.0,0.602878256003256,0.6434358465608466,0.8163006934847685,0.8540995996765723
45,1,19,15,0.04155124653739612,3.0,2.0,0.5789473684210527,0.3684210526315789,0.05263157894736842,1.5,0.10526315789473684,0.10526315789473684,0.15789473684210525,0.7894736842105263,1.4974876078961283,0.9972802521029721,1.4087719298245613,1.1818181818181819,1.1677484162422844,2.3978952727983707,1.0,1.7054741203866575,0.019390581717451522,0.0,0.0110803324099723,0.019390581717451522,0.05263157894736842,0.15789473684210525,0.0,0.3824561403508772,0.13859649122807016,0.6752777206453653,0.5673879142300194
45,2,19,27,0.07479224376731301,3.0,2.0,0.47368421052631576,0.15789473684210525,0.3684210526315789,1.6,0.3157894736842105,0.21052631578947367,0.05263157894736842,1.4210526315789473,1.2481963820649256,0.676426050953221,1.6336842105263158,0.3333333333333333,0.5773502691896258,1.0986122886681098,1.1612903225806452,1.2093095169132662,0.06925207756232687,0.002770083102493075,0.036011080332409975,0.08310249307479224,0.05263157894736842,0.05263157894736842,0.0,0.47506265664160396,0.10438596491228072,0.5294990375526952,0.42311345029239766
45,3,19,18,0.04986149584487535,3.0,2.0,0.3684210526315789,0.42105263157894735,0.21052631578947367,0.9166666666666666,0.15789473684210525,0.15789473684210525,0.05263157894736842,0.9473684210526315,1.2426740051709346,1.0242264302981359,1.7894736842105263,1.6666666666666667,1.1547005383792515,2.4849066497880004,1.0,1.3288246815489066,0.019390581717451522,0.00554016620498615,0.0110803324099723,0.027700831024930747,0.05263157894736842,0.05263157894736842,0.0,0.36403508771929827,0.15964912280701754,0.6617465502229884,0.7865497076023391
45,4,19,25,0.06925207756232687,2.0,2.0,0.42105263157894735,0.3684210526315789,0.21052631578947367,1.0909090909090908,0.3684210526315789,0.05263157894736842,0.05263157894736842,1.3157894736842106,1.5211107052998403,1.105782779552818,1.542763157894737,1.2,0.5231483637805969,2.995732273553991,1.0,1.3948476619330152,0.008310249307479225,0.008310249307479225,0.05263157894736842,0.10249307479224377,0.05263157894736842,0.05263157894736842,0.0,0.40657894736842104,0.16353383458646617,0.3181161999437731,0.4236339546783625
45,5,19,27,0.07479224376731301,4.0,2.0,0.3684210526315789,0.42105263157894735,0.21052631578947367,0.9166666666666666,0.05263157894736842,0.3684210526315789,0.0,1.4210526315789473,1.1080891690033026,1.3334476402762614,2.2280701754385963,2.259259259259259,1.2887857312092887,3.295836866004329,1.0,1.5067798817177636,0.05263157894736842,0.01662049861495845,0.0886426592797784,0.060941828254847646,0.05263157894736842,0.0,0.0,0.5503759398496241,0.1600250626566416,0.7874414915180064,1.2032809454191034
45,6,19,24,0.0664819944598338,4.0,2.0,0.42105263157894735,0.21052631578947367,0.3684210526315789,1.3636363636363635,0.05263157894736842,0.2631578947368421,0.21052631578947367,1.263157894736842,1.3152711779724127,0.7846914939903076,1.6043233082706765,1.6,2.1908902300206647,1.6094379124341003,1.0,1.5399139185497384,0.05263157894736842,0.0110803324099723,0.00554016620498615,0.04709141274238227,0.05263157894736842,0.21052631578947367,0.0,0.3621553884711779,0.5026315789473684,0.8166531607089924,0.7615400936202941
45,7,19,30,0.08310249307479224,4.0,2.0,0.2631578947368421,0.3684210526315789,0.3684210526315789,0.8571428571428571,0.15789473684210525,0.42105263157894735,0.05263157894736842,1.5789473684210527,0.9278276766355185,1.0193801069616455,2.457675438596491,3.2954545454545454,1.3043673589860183,3.784189633918261,1.0333333333333334,1.2823107999445067,0.0886426592797784,0.019390581717451522,0.06371191135734072,0.05263157894736842,0.05263157894736842,0.05263157894736842,0.0,0.4296422875370243,0.37299498746867166,0.6789328739587986,1.3445883018092104
45,8,19,33,0.09141274238227147,3.0,3.0,0.42105263157894735,0.10526315789473684,0.47368421052631576,1.5454545454545454,0.05263157894736842,0.2631578947368421,0.15789473684210525,1.736842105263158,1.4721854041864295,0.6877593749716849,1.772921888053467,0.0,0.0,0.6931471805599453,1.1891891891891893,1.4622760337423504,0.055401662049861494,0.04155124653739612,0.01662049861495845,0.13573407202216067,0.05263157894736842,0.15789473684210525,0.0,0.5248006379585327,0.5273809523809524,0.8186587712072005,1.1539661483197081
45,9,19,24,0.0664819944598338,3.0,2.0,0.5263157894736842,0.21052631578947367,0.2631578947368421,1.6666666666666667,0.10526315789473684,0.2631578947368421,0.0,1.263157894736842,1.6233372309634553,0.7846914939903075,1.775767543859649,2.090909090909091,1.0192943828752512,3.091042453358316,1.0,1.569382987980615,0.05263157894736842,0.0,0.0332409972299169,0.11357340720221606,0.05263157894736842,0.0,0.0,0.5758145363408521,0.0,0.7187270265179563,0.812866131619558
45,10,19,20,0.055401662049861494,3.0,2.0,0.5263157894736842,0.631578947368421,-0.15789473684210525,0.7777777777777778,0.2631578947368421,0.15789473684210525,0.0,1.0526315789473684,1.2852799089865383,1.748094200360305,1.631578947368421,1.24,0.969535971483266,3.2188758248682006,1.0,1.9234661999167604,0.013850415512465374,0.01662049861495845,0.06925207756232687,0.030470914127423823,0.05263157894736842,0.0,0.0,0.42105263157894735,0.11578947368421054,0.45883146774112354,0.5511695906432748
46,1,14,48,0.24489795918367346,3.0,2.0,0.21428571428571427,0.0,0.7857142857142857,1.2727272727272727,0.0,0.6428571428571429,0.35714285714285715,3.4285714285714284,0.8615418002072062,0.5206730522606555,2.0887705134170935,NaN,NaN,0.0,1.2452830188679245,0.9346645154333488,0.23979591836734693,0.18877551020408162,0.05102040816326531,0.1683673469387755,0.07142857142857142,0.5,0.0,0.5853019995877139,0.7678287981859412,0.6658860899347014,0.9078219843012427
46,2,14,41,0.20918367346938777,2.0,2.0,0.21428571428571427,0.14285714285714285,0.6428571428571429,1.0909090909090908,0.0,0.5714285714285714,0.2857142857142857,2.9285714285714284,0.903072644049274,0.8087631516936554,1.8947845804988663,3.111111111111111,1.4529663145135578,2.1972245773362196,1.0,0.9443393843002551,0.15306122448979592,0.18877551020408162,0.1377551020408163,0.1836734693877551,0.07142857142857144,0.2857142857142857,0.0,0.6181122448979591,0.5695294784580498,0.6829583873304618,0.8695673890231714
46,3,14,32,0.16326530612244897,3.0,3.0,0.14285714285714285,0.0,0.8571428571428571,1.1666666666666667,0.14285714285714285,0.42857142857142855,0.2857142857142857,2.2857142857142856,1.2775803452079006,0.604967418067351,1.665828303152247,NaN,NaN,0.0,1.0666666666666667,1.2064530020493325,0.0663265306122449,0.05102040816326531,0.04081632653061224,0.20918367346938777,0.07142857142857142,0.35714285714285715,0.0,0.44078362114076397,0.7375541125541124,0.7395659237311584,0.5521184468070006
46,4,14,57,0.29081632653061223,2.0,3.0,0.21428571428571427,0.14285714285714285,0.6428571428571429,1.0909090909090908,0.0,0.7142857142857143,0.2857142857142857,4.071428571428571,0.869521106996799,0.6423950143794778,1.678482099910671,3.6893203883495147,1.0574583495584249,4.634728988229636,1.1166666666666667,0.7135314069358514,0.22448979591836735,0.44387755102040816,0.1326530612244898,0.3622448979591837,0.07142857142857144,0.2857142857142857,0.0,0.7418779633065349,0.6820346320346319,0.5797705704370698,0.5466505636503802
46,5,14,24,0.12244897959183673,3.0,2.0,0.35714285714285715,0.14285714285714285,0.5,1.3333333333333333,0.2857142857142857,0.35714285714285715,0.14285714285714285,1.7142857142857142,1.1537749265764885,0.6642584709578917,1.8553571428571427,0.0,0.0,0.6931471805599453,1.12,1.1982893790305562,0.09693877551020408,0.05102040816326531,0.025510204081632654,0.08163265306122448,0.07142857142857142,0.14285714285714285,0.0,0.3435374149659864,0.5103741496598639,0.6982529623349651,0.552464938610772
46,6,14,53,0.27040816326530615,2.0,2.0,0.14285714285714285,0.14285714285714285,0.7142857142857143,1.0,0.21428571428571427,0.5714285714285714,0.21428571428571427,3.7857142857142856,0.8741181168077974,0.578526948773389,2.4126336248785227,3.372093023255814,1.0695627903817586,3.7612001156935624,1.1379310344827587,0.6095065268845503,0.22959183673469388,0.25,0.18877551020408162,0.32142857142857145,0.07142857142857142,0.21428571428571427,0.0,0.8107142857142856,0.5998015873015872,0.668030822380116,0.5402485228224502
46,7,14,44,0.22448979591836735,3.0,2.0,0.21428571428571427,0.0,0.7857142857142857,1.2727272727272727,0.14285714285714285,0.5714285714285714,0.07142857142857142,3.142857142857143,1.1152585587622998,0.7779543488208884,2.3998778998779,NaN,NaN,0.0,1.0227272727272727,0.8480841128263639,0.09693877551020408,0.20918367346938777,0.22959183673469388,0.3826530612244898,0.07142857142857144,0.07142857142857142,0.0,0.6897108843537414,0.5115156668728098,0.8221892921023156,0.7108183838953068
46,8,14,43,0.2193877551020408,3.0,2.0,0.21428571428571427,0.07142857142857142,0.7142857142857143,1.1818181818181819,0.14285714285714285,0.5714285714285714,0.35714285714285715,3.0714285714285716,0.8798049003302316,0.3488968344987789,2.2334997828918794,3.5,0.8498365855987975,2.302585092994046,1.0731707317073171,0.8583593631296936,0.22448979591836735,0.08673469387755102,0.05612244897959184,0.12244897959183673,0.07142857142857144,0.35714285714285715,0.0,0.6475623582766439,0.6810374149659865,0.6887561620398754,0.6713208383228868
46,9,14,30,0.15306122448979592,3.0,2.0,0.2857142857142857,0.07142857142857142,0.6428571428571429,1.3,0.0,0.2857142857142857,0.21428571428571427,2.142857142857143,1.1262220333380397,0.7288909735221389,1.8698979591836735,0.0,NaN,0.0,1.0,1.2341992802006745,0.15816326530612246,0.07142857142857142,0.05612244897959184,0.14795918367346939,0.07142857142857142,0.21428571428571427,0.0,0.624157390228819,0.6746031746031746,0.6212667059825978,0.5666419040143528
46,10,14,39,0.1989795918367347,3.0,2.0,0.21428571428571427,0.21428571428571427,0.5714285714285714,1.0,0.14285714285714285,0.42857142857142855,0.2857142857142857,2.7857142857142856,1.0922641692952408,0.663091612846796,1.8700255102040815,3.311111111111111,1.2937300235123916,3.8066624897703196,1.0277777777777777,0.9385078830129879,0.10714285714285714,0.15306122448979592,0.08163265306122448,0.2653061224489796,0.07142857142857141,0.2857142857142857,0.0,0.5144557823129251,0.555328798185941,0.6720672647709536,0.5355995773996413
47,1,28,142,0.18112244897959184,3.0,2.0,0.14285714285714285,0.03571428571428571,0.8214285714285714,1.125,0.03571428571428571,0.7142857142857143,0.25,5.071428571428571,0.9614063674708478,0.6701401719046303,2.478555029391816,5.612903225806452,1.2513667142674196,4.532599493153256,1.255813953488372,0.8905060891015532,0.2971938775510204,0.19642857142857142,0.2653061224489796,0.4897959183673469,0.03571428571428571,0.25,0.0,0.6602007705916373,0.492129925212632,0.6907417829224407,1.001313237307752
47,2,28,146,0.18622448979591838,3.0,2.0,0.14285714285714285,0.0,0.8571428571428571,1.1666666666666667,0.03571428571428571,0.7857142857142857,0.17857142857142858,5.214285714285714,0.8518643921418451,0.6711966359717191,2.8540584705120797,NaN,NaN,0.0,1.0903225806451613,0.7960979111266878,0.40688775510204084,0.24744897959183673,0.3252551020408163,0.4451530612244898,0.03571428571428571,0.17857142857142858,0.0,0.6710424183168545,0.5171247111898373,0.808102405682946,0.9633016358203391
47,3,28,136,0.17346938775510204,3.0,2.0,0.21428571428571427,0.03571428571428571,0.75,1.2272727272727273,0.07142857142857142,0.6785714285714286,0.17857142857142858,4.857142857142857,0.9047626274449103,0.49078396120720896,2.1593955802408464,6.350770124963673,1.4906316418280046,8.14351740579748,1.0437956204379562,0.7506938564952257,0.31887755102040816,0.2002551020408163,0.16709183673469388,0.3877551020408163,0.03571428571428572,0.25,0.0,0.6058651613632818,0.5148998818641676,0.6583621924509115,0.8036435627130475
47,4,28,137,0.1747448979591837,4.0,3.0,0.14285714285714285,0.03571428571428571,0.8214285714285714,1.125,0.03571428571428571,0.7857142857142857,0.32142857142857145,4.892857142857143,0.8423834148456668,0.5869414699011918,2.3840417453573783,5.823770491803279,1.5627112283858504,5.497168225293202,1.3646408839779005,0.8643966805750072,0.17091836734693877,0.15433673469387754,0.13903061224489796,0.21556122448979592,0.03571428571428571,0.4642857142857143,0.0,0.6472505668934241,0.6658696462267891,0.7348069744462294,0.6918134654926048
47,5,28,80,0.10204081632653061,3.0,2.0,0.32142857142857145,0.10714285714285714,0.5714285714285714,1.3157894736842106,0.17857142857142858,0.42857142857142855,0.17857142857142858,2.857142857142857,1.1498792207106894,0.6716480559869961,1.9851832773707774,4.157657657657658,1.3138351549559435,5.402677381872279,1.0740740740740742,1.1568335614464549,0.11734693877551021,0.061224489795918366,0.06760204081632654,0.1798469387755102,0.03571428571428571,0.17857142857142858,0.0,0.5814654591440307,0.5916132478632479,0.632697799424992,0.6994324054789419
47,6,28,142,0.18112244897959184,2.0,2.0,0.17857142857142858,0.07142857142857142,0.75,1.1304347826086956,0.03571428571428571,0.5,0.17857142857142858,5.071428571428571,0.9909106635924061,0.5974320599935404,2.4391994374672947,0.5,0.7071067811865476,0.6931471805599453,1.0283687943262412,0.9696891111253544,0.3482142857142857,0.25892857142857145,0.20408163265306123,0.4247448979591837,0.03571428571428572,0.21428571428571427,0.0,0.647109623354924,0.4935048352244836,0.6312951219107615,0.9104609947685119
47,7,28,146,0.18622448979591838,4.0,2.0,0.14285714285714285,0.03571428571428571,0.8214285714285714,1.125,0.10714285714285714,0.6071428571428571,0.2857142857142857,5.214285714285714,1.1368181888393885,0.3553829776541775,2.5254623710407786,0.0,NaN,0.0,1.127388535031847,1.06294988484468,0.25,0.23596938775510204,0.08035714285714286,0.4642857142857143,0.03571428571428571,0.35714285714285715,0.0,0.6583344209782831,0.6687692157589327,0.7188895644335725,0.9778444585108714
47,8,28,101,0.1288265306122449,5.0,3.0,0.25,0.0,0.75,1.3333333333333333,0.10714285714285714,0.5714285714285714,0.17857142857142858,3.607142857142857,1.1225327627111263,0.609897656423199,2.679749547428979,NaN,NaN,0.0,1.0857142857142856,1.1627470673490077,0.19260204081632654,0.14158163265306123,0.08928571428571429,0.23979591836734693,0.03571428571428571,0.17857142857142858,0.0,0.5774527477534995,0.6156943838141319,1.140336258686205,1.4359494162786746
47,9,28,136,0.17346938775510204,3.0,3.0,0.21428571428571427,0.07142857142857142,0.7142857142857143,1.1818181818181819,0.07142857142857142,0.7142857142857143,0.2857142857142857,4.857142857142857,0.8437070578019672,0.6717415454115218,2.3840233353266824,6.688670667394072,1.5376329395708053,8.612321536507814,1.1949685534591195,0.9696139561125595,0.29209183673469385,0.1747448979591837,0.16709183673469388,0.27168367346938777,0.03571428571428571,0.32142857142857145,0.0,0.6430011981482568,0.5928472233881898,0.7084775070334735,1.0589762398157083
47,10,28,111,0.14158163265306123,3.0,2.0,0.17857142857142858,0.03571428571428571,0.7857142857142857,1.173913043478261,0.0,0.6071428571428571,0.2857142857142857,3.9642857142857144,0.9350163832887635,0.7084456850613711,2.1565502857897285,0.0,NaN,0.0,1.0,0.9616864128563887,0.24362244897959184,0.1211734693877551,0.19770408163265307,0.28316326530612246,0.03571428571428571,0.2857142857142857,0.0,0.5590064697207555,0.5425669131288879,0.7493289655865608,0.8768473878164301
48,1,32,117,0.1142578125,3.0,2.0,0.3125,0.0,0.6875,1.4545454545454546,0.125,0.53125,0.125,3.65625,1.117172919669367,0.4587628042311446,2.0596124191146483,NaN,NaN,0.0,1.0087719298245614,1.0636819956310457,0.220703125,0.1044921875,0.078125,0.2734375,0.031249999999999993,0.125,0.0,0.6083210910767509,0.4021039724164724,0.7359807644613474,0.932620783793119
48,2,32,120,0.1171875,5.0,3.0,0.1875,0.03125,0.78125,1.1923076923076923,0.0,0.59375,0.25,3.75,1.245263427385639,0.5376172040257977,2.9044758455669686,0.0,NaN,0.0,1.2112676056338028,1.1692597909709208,0.1513671875,0.0927734375,0.08203125,0.3203125,0.03125,0.25,0.0,0.5892753029241999,0.6220991234911031,1.1433233195658261,1.8431386771476244
48,3,32,135,0.1318359375,4.0,2.0,0.1875,0.0,0.8125,1.2307692307692308,0.03125,0.53125,0.25,4.21875,1.2682705196711235,0.6670117253829274,2.56002087132441,NaN,NaN,0.0,1.31055900621118,1.4227796597729843,0.1552734375,0.1416015625,0.044921875,0.29296875,0.03125,0.25,0.0,0.6406468348902561,0.7062933415644813,0.8044978882104995,1.4189133048587748
48,4,32,172,0.16796875,5.0,2.0,0.25,0.0,0.75,1.3333333333333333,0.03125,0.6875,0.15625,5.375,0.9796334931546308,0.5546276108053015,2.3663911276802247,NaN,NaN,0.0,1.0972972972972972,0.8438306142524359,0.3466796875,0.220703125,0.2490234375,0.490234375,0.031249999999999993,0.15625,0.0,0.6719262869838318,0.43781595323536127,0.7888232935393845,0.8133481076009497
48,5,32,186,0.181640625,4.0,2.0,0.1875,0.0,0.8125,1.2307692307692308,0.03125,0.59375,0.1875,5.8125,0.9775660442453216,0.6705157811477752,2.287317598927361,NaN,NaN,0.0,1.0217391304347827,0.7937560064806441,0.3623046875,0.203125,0.4150390625,0.65625,0.03125000000000001,0.1875,0.0,0.7067109554532157,0.40670569983529553,0.8314170603489986,0.8823776307538169
48,6,32,155,0.1513671875,3.0,2.0,0.25,0.21875,0.53125,1.0416666666666667,0.0625,0.625,0.09375,4.84375,1.046293755760121,0.6655992708170648,2.4794955410465573,4.966732869910626,1.457251613967313,7.607878073278507,1.1111111111111112,0.88037697028889,0.24609375,0.189453125,0.244140625,0.4716796875,0.03125,0.09375,0.0,0.6227765290265289,0.3832036631668985,0.7896753637240631,1.1683084358766491
48,7,32,159,0.1552734375,5.0,3.0,0.25,0.0,0.75,1.3333333333333333,0.0,0.625,0.25,4.96875,1.1493197580397427,0.36321643956832605,2.4702291809136123,NaN,NaN,0.0,1.1703296703296704,0.9798931995553194,0.21875,0.177734375,0.091796875,0.4501953125,0.03125,0.28125,0.0,0.7382563081847556,0.6194296795556954,0.9059096186037835,1.1140021707751304
48,8,32,163,0.1591796875,4.0,3.0,0.15625,0.0,0.84375,1.1851851851851851,0.0625,0.625,0.21875,5.09375,1.0416424739502887,0.4357402792090151,2.5955032643742655,NaN,NaN,0.0,1.1428571428571428,0.9991503592130055,0.33984375,0.189453125,0.1396484375,0.404296875,0.03125,0.21875,0.0,0.5977186344035219,0.546218869978061,0.8153376962704081,1.1324812071859154
48,9,32,150,0.146484375,4.0,2.0,0.125,0.0,0.875,1.1428571428571428,0.125,0.5,0.125,4.6875,1.3244608019003843,0.4247267728095542,2.9518819404171235,NaN,NaN,0.0,1.093167701863354,1.172238002917441,0.240234375,0.1845703125,0.1142578125,0.58203125,0.03125,0.15625,0.0,0.6372918314852263,0.4890026036765167,1.0095464730399983,1.6020298270078042
48,10,32,161,0.1572265625,3.0,2.0,0.25,0.0,0.75,1.3333333333333333,0.125,0.625,0.21875,5.03125,1.1339192105657836,0.4085329561752411,2.169649300065692,NaN,NaN,0.0,1.1758241758241759,0.9620042355792497,0.2783203125,0.1611328125,0.1591796875,0.5048828125,0.03125000000000001,0.25,0.0,0.6294949316188926,0.5582810630846622,0.6223600775750878,0.724721080039076
49,1,44,398,0.20557851239669422,4.0,2.0,0.11363636363636363,0.0,0.8863636363636364,1.1282051282051282,0.09090909090909091,0.75,0.20454545454545456,9.045454545454545,1.0123781501806952,0.5410467871405215,2.9909211807227596,NaN,NaN,0.0,1.2,0.898519612377215,0.48295454545454547,0.5836776859504132,0.3393595041322314,0.9245867768595041,0.022727272727272728,0.2727272727272727,0.0,0.7206078117317679,0.5780080422116257,0.7730348711241334,1.198602441737993
49,2,44,437,0.22572314049586778,5.0,1.0,0.045454545454545456,0.0,0.9545454545454546,1.0476190476190477,0.045454545454545456,0.8409090909090909,0.38636363636363635,9.931818181818182,0.8224070105455002,0.42128452427850205,3.371035555817258,NaN,NaN,0.0,1.2947368421052632,0.8295687209075379,0.6534090909090909,0.5392561983471075,0.2024793388429752,0.6342975206611571,0.02272727272727273,0.5227272727272727,0.0,0.6979909768003258,0.642389802166359,0.7712676168059629,1.519142942259057
49,3,44,414,0.21384297520661158,4.0,2.0,0.11363636363636363,0.0,0.8863636363636364,1.1282051282051282,0.0,0.8863636363636364,0.3181818181818182,9.409090909090908,1.0059979999969784,0.4551520537713105,3.0069286159638975,NaN,NaN,0.0,1.1691331923890063,0.8789529332890443,0.5134297520661157,0.6864669421487604,0.25671487603305787,0.918904958677686,0.02272727272727273,0.4090909090909091,0.0,0.7119444406858413,0.6715688197031493,0.8457713424783189,1.2789395350965829
49,4,44,317,0.1637396694214876,4.0,3.0,0.09090909090909091,0.022727272727272728,0.8863636363636364,1.075,0.045454545454545456,0.75,0.2727272727272727,7.204545454545454,0.9107119988759955,0.5953756900288362,2.8807775678148255,0.0,NaN,0.0,1.444700460829493,0.877647441687709,0.42458677685950413,0.3605371900826446,0.2768595041322314,0.5149793388429752,0.022727272727272728,0.3181818181818182,0.0,0.6280596212293343,0.5787504631317957,0.7581253222871117,1.139056768021346
49,5,44,431,0.22262396694214875,3.0,3.0,0.13636363636363635,0.0,0.8636363636363636,1.1578947368421053,0.045454545454545456,0.7954545454545454,0.2727272727272727,9.795454545454545,1.0337584277582956,0.32847233817756416,2.7330465108487902,NaN,NaN,0.0,1.2003853564547207,0.8956232386500707,0.5831611570247934,0.5103305785123967,0.2753099173553719,0.9979338842975206,0.022727272727272724,0.3181818181818182,0.0,0.7583260718885438,0.6145397256227171,0.7195015958038515,0.8579256958743194
49,6,44,460,0.23760330578512398,3.0,2.0,0.1590909090909091,0.022727272727272728,0.8181818181818182,1.162162162162162,0.045454545454545456,0.7045454545454546,0.3409090909090909,10.454545454545455,0.9630515238396071,0.5951903474140853,2.445299794455347,0.0,NaN,0.0,1.145873320537428,0.8723839552236687,0.496900826446281,0.9318181818181818,0.375,1.0366735537190082,0.022727272727272728,0.38636363636363635,0.0,0.7675137758122221,0.6713441606510581,0.722787742182542,0.8592629740312502
49,7,44,304,0.15702479338842976,3.0,1.0,0.06818181818181818,0.0,0.9318181818181818,1.0731707317073171,0.13636363636363635,0.7045454545454546,0.13636363636363635,6.909090909090909,0.9508046616451079,0.5651664612355328,3.067703106103761,NaN,NaN,0.0,1.1722222222222223,0.9147427683677697,0.4850206611570248,0.3052685950413223,0.28460743801652894,0.568698347107438,0.022727272727272724,0.18181818181818182,0.0,0.6551783085332886,0.4615951538046917,0.6475258081979306,1.2868024209906694
49,8,44,386,0.1993801652892562,3.0,2.0,0.13636363636363635,0.022727272727272728,0.8409090909090909,1.131578947368421,0.0,0.75,0.2727272727272727,8.772727272727273,0.9055537714675053,0.4995160631053997,2.7333695330659626,0.0,NaN,0.0,1.2422360248447204,0.8388618786962332,0.5831611570247934,0.44111570247933884,0.3393595041322314,0.7319214876033058,0.022727272727272724,0.36363636363636365,0.0,0.7105415223005687,0.5480302117484489,0.8280478103878087,1.208718810517583
49,9,44,392,0.2024793388429752,4.0,2.0,0.1590909090909091,0.0,0.8409090909090909,1.1891891891891893,0.045454545454545456,0.7727272727272727,0.25,8.909090909090908,0.7950995508235472,0.6203973908089817,3.0774134393309085,NaN,NaN,0.0,1.2434077079107506,0.779686519718864,0.6363636363636364,0.5444214876033058,0.4462809917355372,0.621900826446281,0.022727272727272724,0.2727272727272727,0.0,0.7775177049887758,0.5978362654784962,0.7432180675127906,1.2909632355306844
49,10,44,392,0.2024793388429752,3.0,3.0,0.13636363636363635,0.0,0.8636363636363636,1.1578947368421053,0.06818181818181818,0.7045454545454546,0.2727272727272727,8.909090909090908,0.9415442754630429,0.37876445289328425,2.735859636976649,NaN,NaN,0.0,1.2173913043478262,0.8242790146297021,0.6291322314049587,0.40289256198347106,0.318698347107438,0.7892561983471075,0.02272727272727272,0.3181818181818182,0.0,0.728067012496114,0.5616635424699935,0.7798610682726981,1.0041765159958345
50,1,48,213,0.09244791666666667,5.0,3.0,0.25,0.125,0.625,1.1666666666666667,0.0625,0.6666666666666666,0.22916666666666666,4.4375,0.9060787016952847,0.7608851803709088,2.3778071947432458,8.046569030771762,1.9497170968374373,9.810878720803466,1.1330472103004292,1.0274373665085663,0.17317708333333334,0.06987847222222222,0.1449652777777778,0.18880208333333334,0.02083333333333334,0.25,0.0,0.6643834827489048,0.41988341009480706,0.8291506914674063,0.9154348378392608
50,2,48,187,0.08116319444444445,6.0,2.0,0.22916666666666666,0.0,0.7708333333333334,1.2972972972972974,0.020833333333333332,0.6666666666666666,0.125,3.8958333333333335,0.9665937687629281,0.7677555123539214,2.656089375965842,NaN,NaN,0.0,1.1502347417840375,0.8477508662936207,0.11588541666666667,0.04991319444444445,0.14756944444444445,0.19401041666666666,0.020833333333333343,0.14583333333333334,0.0,0.5797227078477077,0.3132754738453267,0.9602621573611235,1.3645474599406175
50,3,48,200,0.08680555555555555,4.0,2.0,0.25,0.08333333333333333,0.6666666666666666,1.2222222222222223,0.08333333333333333,0.5,0.0625,4.166666666666667,1.4714300469199082,0.7848783616288522,2.8324664795899306,5.841107871720117,1.7935554532426186,7.629489916393995,1.0199004975124377,1.4592245098725438,0.13932291666666666,0.09678819444444445,0.14322916666666666,0.4188368055555556,0.02083333333333334,0.0625,0.0,0.6208869955580482,0.4711153923010542,1.1063152495690285,1.7133837333914077
50,4,48,242,0.10503472222222222,4.0,2.0,0.20833333333333334,0.0625,0.7291666666666666,1.1842105263157894,0.16666666666666666,0.6041666666666666,0.0625,5.041666666666667,1.1644565263478224,0.7762793908687398,2.2445323785199562,3.471395881006865,1.0033115449457997,6.07993319509559,1.0041666666666667,0.9950971688167449,0.2113715277777778,0.0546875,0.3090277777777778,0.4947916666666667,0.020833333333333332,0.0625,0.0,0.6685188846935205,0.21645739314244225,0.5698068545113447,0.6491702520724674
50,5,48,239,0.1037326388888889,5.0,2.0,0.16666666666666666,0.08333333333333333,0.75,1.1,0.08333333333333333,0.5833333333333334,0.0625,4.979166666666667,1.0631238469059243,0.7474427823079509,3.239402728340013,6.399375650364204,1.7482355876873208,8.477412321404392,1.102661596958175,1.027617614569529,0.22265625,0.10980902777777778,0.2282986111111111,0.3628472222222222,0.020833333333333325,0.08333333333333333,0.0,0.6230206379877434,0.36463894087007476,1.242850853935593,2.0018519036959406
50,6,48,222,0.09635416666666667,4.0,2.0,0.1875,0.1875,0.625,1.0,0.16666666666666666,0.6041666666666666,0.08333333333333333,4.625,0.9737393952839958,0.7310171166927716,2.5783448952530903,5.4438692098092645,1.4744057066661633,8.207946941048617,1.0521739130434782,0.8652481420229942,0.18619791666666666,0.0842013888888889,0.1974826388888889,0.2868923611111111,0.020833333333333332,0.08333333333333333,0.0,0.6307530751125955,0.2857096709118767,0.711914981687819,1.0399340776722357
50,7,48,273,0.11848958333333333,6.0,2.0,0.20833333333333334,0.08333333333333333,0.7083333333333334,1.1578947368421053,0.041666666666666664,0.6666666666666666,0.16666666666666666,5.6875,1.150475498062244,0.4105958492004367,2.839791394324877,9.44702354509107,2.377823227979702,10.897183671254679,1.1592356687898089,1.0555423970641855,0.3051215277777778,0.16796875,0.12977430555555555,0.4861111111111111,0.02083333333333333,0.16666666666666666,0.0,0.6219121400042454,0.4967290701781379,0.972700329902784,1.3779279959984418
50,8,48,293,0.1271701388888889,4.0,3.0,0.1875,0.0,0.8125,1.2307692307692308,0.08333333333333333,0.6875,0.16666666666666666,6.104166666666667,1.1173709081032301,0.49464035296949327,2.6911137104816163,NaN,NaN,0.0,1.1896551724137931,1.1424965179011373,0.3585069444444444,0.19791666666666666,0.15885416666666666,0.4661458333333333,0.02083333333333334,0.22916666666666666,0.0,0.638773205960706,0.41593317330708374,0.7129282038355153,1.3236575236212285
50,9,48,236,0.10243055555555555,5.0,2.0,0.16666666666666666,0.14583333333333334,0.6875,1.025,0.0625,0.6041666666666666,0.125,4.916666666666667,1.0470832854066376,0.6524592375889677,2.89064565753143,6.871181938911023,2.0310315590387633,8.415824697027949,1.0573770491803278,0.8567253789916603,0.1753472222222222,0.10980902777777778,0.1801215277777778,0.3489583333333333,0.020833333333333332,0.125,0.0,0.6162204474196543,0.37019745855852665,1.004088153533201,1.3856086006143555
50,10,48,208,0.09027777777777778,4.0,2.0,0.14583333333333334,0.2708333333333333,0.5833333333333334,0.8536585365853658,0.020833333333333332,0.625,0.08333333333333333,4.333333333333333,0.9560399248502082,0.8027084957317819,3.136141469128923,4.737173717371737,1.3500933319331012,7.01301578963963,1.0737327188940091,0.8878294986556359,0.15494791666666666,0.0642361111111111,0.1892361111111111,0.2495659722222222,0.020833333333333332,0.08333333333333333,0.0,0.6071755773502098,0.2951754842379842,0.9493214119125357,1.297814042055349
51,1,40,223,0.139375,4.0,2.0,0.15,0.0,0.85,1.1764705882352942,0.075,0.75,0.25,5.575,0.9973692225238209,0.7791038284826587,2.520493458547232,NaN,NaN,0.0,1.2304832713754648,1.0496899277192904,0.26,0.195625,0.275,0.42,0.025,0.25,0.0,0.6185083452554804,0.49188275384204355,0.6887179021027973,0.8041391285402449
51,2,40,253,0.158125,3.0,2.0,0.15,0.175,0.675,0.9705882352941176,0.05,0.7,0.125,6.325,0.8655110629451003,0.7657099847037867,3.124418556680097,6.255760368663594,1.4209217942252783,9.405249044275608,1.0158730158730158,0.8689108163485353,0.42125,0.258125,0.425,0.504375,0.025,0.125,0.0,0.6966031756269758,0.3718669807032978,0.817798355505783,1.299112403817807
51,3,40,233,0.145625,3.0,3.0,0.225,0.0,0.775,1.2903225806451613,0.075,0.675,0.175,5.825,1.328578651751649,0.4148821924288457,2.4689689733291127,NaN,NaN,0.0,1.1870503597122302,1.2145318054756409,0.274375,0.166875,0.16125,0.69625,0.025,0.2,0.0,0.748557572141899,0.557820884380247,0.7983083123959944,0.871731917146538
51,4,40,237,0.148125,4.0,3.0,0.25,0.025,0.725,1.3,0.125,0.5,0.15,5.925,1.2003782553385116,0.6557737410625526,2.17086976867366,0.0,NaN,0.0,1.0170212765957447,1.1435479413414962,0.28125,0.313125,0.225,0.62875,0.025,0.15,0.0,0.6704442499103627,0.5788041152020044,0.6482853033848238,1.0409336818390607
51,5,40,243,0.151875,5.0,2.0,0.15,0.0,0.85,1.1764705882352942,0.05,0.675,0.225,6.075,0.9403666799357194,0.5851210839335378,2.5270975738808192,NaN,NaN,0.0,1.1136363636363635,0.8119009143900647,0.37375,0.19,0.298125,0.521875,0.025000000000000005,0.25,0.0,0.6962727886161392,0.4468805410920349,0.832287691450066,0.9056994319333975
51,6,40,300,0.1875,3.0,3.0,0.225,0.0,0.775,1.2903225806451613,0.075,0.7,0.2,7.5,1.0402717155461076,0.5273164875695412,2.3877616979074494,NaN,NaN,0.0,1.1386430678466077,0.9064253072409428,0.429375,0.38625,0.29875,0.775,0.025,0.25,0.0,0.7414615053172356,0.5406767512822499,0.6954882298808643,0.7916788100952689
51,7,40,250,0.15625,3.0,2.0,0.1,0.2,0.7,0.8888888888888888,0.05,0.825,0.15,6.25,1.0392896982665982,0.5994869601456027,3.2895789141751615,7.000873497071216,1.7112777583541463,9.876219125381935,1.1485507246376812,0.8631867017344984,0.339375,0.23625,0.306875,0.64125,0.025,0.175,0.0,0.6628572392079889,0.48640673006306,0.7973358229139824,1.3255298727860039
51,8,40,210,0.13125,4.0,2.0,0.2,0.2,0.6,1.0,0.075,0.675,0.1,5.25,1.0430581147890916,0.6748150209636486,2.527635865168612,4.924281984334204,1.3546032520168787,8.145259566516865,1.0678733031674208,1.0040212189284687,0.2525,0.135625,0.225625,0.43,0.025,0.1,0.0,0.7042926777170199,0.45783692586430913,0.7659086608223318,0.8644831088096492
51,9,40,179,0.111875,6.0,2.0,0.225,0.0,0.775,1.2903225806451613,0.075,0.575,0.075,4.475,1.0674893734210227,0.7437105863331116,3.1295239717579966,NaN,NaN,0.0,1.0222222222222221,1.0532406508156742,0.22375,0.104375,0.204375,0.34125,0.024999999999999994,0.1,0.0,0.6590480629257299,0.4001206534478593,1.267491172510186,2.157022961952312
51,10,40,246,0.15375,6.0,3.0,0.15,0.0,0.85,1.1764705882352942,0.2,0.65,0.225,6.15,1.1547974066442424,0.38186757730422183,2.4294962410984295,NaN,NaN,0.0,1.1972789115646258,1.056597827400633,0.298125,0.176875,0.159375,0.56,0.024999999999999998,0.275,0.0,0.7097762687375689,0.5012914957353589,0.6853983500507754,0.7508506111331874
52,1,39,190,0.12491781722550953,4.0,2.0,0.1282051282051282,0.20512820512820512,0.6666666666666666,0.9117647058823529,0.02564102564102564,0.717948717948718,0.1794871794871795,4.871794871794871,1.0361852328183851,0.6679224698406505,3.055855221845615,6.974178972000323,1.5026267422270194,9.424887076064874,1.0757575757575757,1.1723524486633123,0.3155818540433925,0.17751479289940827,0.14661406969099278,0.32873109796186717,0.025641025641025637,0.1794871794871795,0.0,0.5780913286757932,0.4662220435851839,0.7607762102049516,1.6345769353355035
52,2,39,245,0.16107823800131493,5.0,2.0,0.1282051282051282,0.1282051282051282,0.7435897435897436,1.0,0.07692307692307693,0.7692307692307693,0.2564102564102564,6.282051282051282,0.920943040393572,0.48165085803675883,2.979891545720532,6.8768807339449545,1.5889466375731256,9.701983176325399,1.2055749128919862,0.881131257353333,0.3694937541091387,0.24917817225509534,0.18671926364234057,0.4076265614727153,0.02564102564102564,0.3076923076923077,0.0,0.6615594559840084,0.6032431471970648,0.8085472881459967,1.2267316794089231
52,3,39,193,0.12689020381328073,5.0,2.0,0.1282051282051282,0.02564102564102564,0.8461538461538461,1.1176470588235294,0.0,0.6923076923076923,0.23076923076923078,4.948717948717949,1.117376147678313,0.8082219769446211,2.577741721281061,0.0,NaN,0.0,1.0416666666666667,1.1685069998241462,0.22813938198553582,0.14069690992767916,0.25706771860618016,0.41946088099934253,0.02564102564102564,0.23076923076923078,0.0,0.6428105248151689,0.49281228031228025,0.7963691870378063,1.0146382005173102
52,4,39,279,0.1834319526627219,3.0,2.0,0.15384615384615385,0.02564102564102564,0.8205128205128205,1.1515151515151516,0.05128205128205128,0.7435897435897436,0.28205128205128205,7.153846153846154,0.9129992423757726,0.5025084492708783,2.548256934425755,0.0,NaN,0.0,1.1875,0.9061864772085823,0.5095332018408941,0.3694937541091387,0.21170282708744248,0.5292570677186061,0.02564102564102564,0.28205128205128205,0.0,0.696699269855971,0.5146001377139484,0.6594133732007188,0.9173598310951585
52,5,39,280,0.18408941485864563,4.0,3.0,0.10256410256410256,0.0,0.8974358974358975,1.1142857142857143,0.0,0.7692307692307693,0.3333333333333333,7.17948717948718,0.9941197278484768,0.3585039852099075,3.0086970275216567,NaN,NaN,0.0,1.2745098039215685,1.057146349821501,0.4286653517422748,0.28402366863905326,0.08678500986193294,0.4569362261669954,0.025641025641025647,0.41025641025641024,0.0,0.6713095468252599,0.6970030652678136,0.8015140016979946,1.3825125282005477
52,6,39,261,0.17159763313609466,4.0,2.0,0.05128205128205128,0.1282051282051282,0.8205128205128205,0.918918918918919,0.07692307692307693,0.7948717948717948,0.1282051282051282,6.6923076923076925,0.8781124580021762,0.7369543472177299,2.9487222538895415,5.3237071860308935,1.5354181281269454,7.305860032684009,1.1322033898305084,0.7624759202678327,0.3399079552925707,0.24391847468770544,0.4740302432610125,0.5660749506903353,0.025641025641025637,0.20512820512820512,0.0,0.6455431548106466,0.407130053848346,0.6803894579276892,0.7828452529464293
52,7,39,208,0.13675213675213677,3.0,4.0,0.1794871794871795,0.0,0.8205128205128205,1.21875,0.1794871794871795,0.5897435897435898,0.10256410256410256,5.333333333333333,0.9821599451691853,0.7072521418173742,2.30472681916579,NaN,NaN,0.0,1.1518987341772151,0.8113800284745042,0.2794214332675871,0.11439842209072978,0.3445101906640368,0.4746877054569362,0.02564102564102564,0.10256410256410256,0.0,0.6971172722869559,0.31758288250607847,0.5623665155897584,0.6245966722968339
52,8,39,264,0.17357001972386588,4.0,2.0,0.2564102564102564,0.1282051282051282,0.6153846153846154,1.1724137931034482,0.05128205128205128,0.6410256410256411,0.07692307692307693,6.769230769230769,1.108841351639493,0.6225812265440254,2.6549610686124483,6.680249239861248,1.5229004409912017,10.75154226929242,1.0543478260869565,1.0673479897331857,0.41946088099934253,0.45627876397107164,0.2504930966469428,0.7291255752794215,0.02564102564102564,0.07692307692307693,0.0,0.6855125814312526,0.5177285599668713,0.7818343106057455,1.3996127482136849
52,9,39,232,0.1525312294543064,3.0,2.0,0.10256410256410256,0.0,0.8974358974358975,1.1142857142857143,0.05128205128205128,0.6923076923076923,0.20512820512820512,5.948717948717949,0.9869689041762546,0.610931210367615,2.715938146663083,NaN,NaN,0.0,1.1181102362204725,0.8344380884535676,0.3326758711374096,0.20775805391190005,0.29322813938198555,0.5496383957922419,0.025641025641025647,0.23076923076923078,0.0,0.6098358649661496,0.40569223500995555,0.7426347192885951,0.78552887003944
52,10,39,207,0.13609467455621302,3.0,2.0,0.23076923076923078,0.0,0.7692307692307693,1.3,0.02564102564102564,0.6153846153846154,0.15384615384615385,5.3076923076923075,1.181469403807399,0.6904281987465012,2.0124596988959693,NaN,NaN,0.0,1.1762295081967213,1.1144947870307458,0.25509533201840895,0.20578566732412887,0.2314266929651545,0.5437212360289283,0.02564102564102564,0.15384615384615385,0.0,0.6389520885443568,0.4535488162562352,0.5863800044702132,0.6194937353707715
53,1,105,318,0.028843537414965988,5.0,2.0,0.34285714285714286,0.1523809523809524,0.5047619047619047,1.289855072463768,0.10476190476190476,0.44761904761904764,0.0,3.0285714285714285,1.2468193507098326,0.6269191036370918,2.3371165622606935,4.993210475266731,1.443733102641395,8.03689677268507,1.0,1.2446073121683252,0.06430839002267574,0.005804988662131519,0.04045351473922903,0.09070294784580499,0.009523809523809525,0.0,0.0,0.5513180380262385,0.11853234100248695,0.7677418948843223,1.261253640241705
53,2,105,408,0.03700680272108844,5.0,2.0,0.2857142857142857,0.14285714285714285,0.5714285714285714,1.2,0.19047619047619047,0.4666666666666667,0.0380952380952381,3.8857142857142857,1.3956478049452508,0.6387275050640239,2.312987471565294,5.713650511338373,1.7557990313101046,8.816853240627426,1.0471698113207548,1.37169297163834,0.09151927437641723,0.015873015873015872,0.06467120181405896,0.1743310657596372,0.009523809523809525,0.0380952380952381,0.0,0.5676823558892272,0.1482953683010314,0.8003231153665542,1.0838199934973352
53,3,105,294,0.02666666666666667,6.0,3.0,0.2761904761904762,0.2,0.5238095238095238,1.105263157894737,0.14285714285714285,0.4666666666666667,0.047619047619047616,2.8,1.3163326153218744,0.786837359196496,2.3851642682714114,4.699711260827719,1.750945220475011,6.946013991099227,1.046204620462046,1.3298485756124487,0.04126984126984127,0.006439909297052154,0.03800453514739229,0.07501133786848073,0.009523809523809521,0.05714285714285714,0.0,0.49159707576374223,0.15435630228863315,0.8154297803878913,1.1271146373477854
53,4,105,363,0.03292517006802721,5.0,2.0,0.2857142857142857,0.12380952380952381,0.5904761904761905,1.2266666666666666,0.17142857142857143,0.4380952380952381,0.02857142857142857,3.4571428571428573,1.37968079477828,0.5471051812738309,2.3242262771236897,5.537435456110155,1.3884800412103047,8.849657406639912,1.002770083102493,1.389144761856226,0.08643990929705216,0.010249433106575964,0.045714285714285714,0.13714285714285715,0.009523809523809526,0.02857142857142857,0.0,0.5688427831301895,0.13303389635424062,0.8125291861871636,1.079391964574121
53,5,105,339,0.03074829931972789,5.0,2.0,0.29523809523809524,0.2761904761904762,0.42857142857142855,1.027027027027027,0.12380952380952381,0.44761904761904764,0.02857142857142857,3.2285714285714286,1.155937419028618,0.9862775893813889,2.078618078632195,3.1092669432918396,1.3786901686010358,6.583409222158765,1.0204081632653061,1.136299011233263,0.042630385487528344,0.004988662131519274,0.07564625850340136,0.09487528344671202,0.009523809523809526,0.02857142857142857,0.0,0.6138251462201042,0.10318209490478399,0.6846011557398615,0.8289511978359325
53,6,105,333,0.030204081632653063,6.0,2.0,0.34285714285714286,0.14285714285714285,0.5142857142857142,1.3043478260869565,0.0761904761904762,0.4666666666666667,0.06666666666666667,3.1714285714285713,1.3823737609674416,0.741361358907739,2.213328570243252,4.919122686771762,1.775163292985197,7.285506548522785,1.0297619047619047,1.3719876550440855,0.057687074829931975,0.006984126984126984,0.050249433106575966,0.11464852607709751,0.009523809523809526,0.06666666666666667,0.0,0.5687467091118131,0.15027419126158623,0.8258251682402623,1.256899256378766
53,7,105,347,0.03147392290249433,5.0,2.0,0.37142857142857144,0.06666666666666667,0.5619047619047619,1.4848484848484849,0.1619047619047619,0.42857142857142855,0.009523809523809525,3.3047619047619046,1.557766178682939,0.6515956865485719,2.052019432587883,2.6578947368421053,1.3208579478316087,3.6375861597263857,1.038888888888889,1.5318211336104113,0.0653968253968254,0.012063492063492064,0.046077097505668935,0.1472108843537415,0.009523809523809525,0.009523809523809525,0.0,0.6234194022576267,0.11779333468491444,0.7504726307714569,0.8413023063880927
53,8,105,275,0.024943310657596373,6.0,2.0,0.3142857142857143,0.19047619047619047,0.49523809523809526,1.1805555555555556,0.17142857142857143,0.3904761904761905,0.009523809523809525,2.619047619047619,1.238795941475183,0.8361545801356078,2.2842731828768383,5.96271186440678,1.864644474962195,7.29641326877392,1.0,1.3047918921247972,0.04417233560090703,0.0035374149659863946,0.03918367346938775,0.0654875283446712,0.009523809523809521,0.009523809523809525,0.0,0.528554683968218,0.08530866270362068,0.6872275824317422,1.2234534257086631
53,9,105,316,0.028662131519274377,6.0,2.0,0.3047619047619048,0.24761904761904763,0.44761904761904764,1.082191780821918,0.13333333333333333,0.42857142857142855,0.0380952380952381,3.0095238095238095,1.323908074140342,0.8601990700941253,2.3137412519571323,3.9031216361679224,1.5890523048803635,6.834108738813838,1.02803738317757,1.3402346351574357,0.05061224489795919,0.0039002267573696146,0.055328798185941046,0.09850340136054422,0.009523809523809523,0.0380952380952381,0.0,0.5239857629143343,0.07956897947499451,0.8432408997715735,1.1348010634176422
53,10,105,296,0.026848072562358275,5.0,2.0,0.3333333333333333,0.17142857142857143,0.49523809523809526,1.2428571428571429,0.10476190476190476,0.4666666666666667,0.0380952380952381,2.8190476190476192,1.1773082837769073,0.7489188947695574,2.2967031663984674,5.679258010118044,1.6884515228699144,7.994632311431825,1.0101694915254238,1.229410466512521,0.04934240362811791,0.00816326530612245,0.03600907029478458,0.06684807256235828,0.009523809523809523,0.0380952380952381,0.0,0.5536985897700183,0.15867788296359725,0.8294728248564371,1.254967037912678
54,1,58,93,0.027645659928656363,4.0,2.0,0.39655172413793105,0.27586206896551724,0.3275862068965517,1.2,0.1896551724137931,0.25862068965517243,0.06896551724137931,1.603448275862069,1.553943425200707,1.024702351384927,1.8814997263273125,1.631578947368421,0.8157288359709901,4.04305126783455,1.101010101010101,1.5429645770266502,0.012782401902497027,0.0047562425683709865,0.02497027348394768,0.052615933412604045,0.017241379310344827,0.06896551724137931,0.0,0.5707854406130267,0.23035714285714287,0.6119944171362562,0.7327569631065439
54,2,58,100,0.029726516052318668,5.0,2.0,0.3793103448275862,0.13793103448275862,0.4827586206896552,1.3888888888888888,0.3103448275862069,0.20689655172413793,0.034482758620689655,1.7241379310344827,1.2136706683561527,0.7431842349091805,1.8824413314176245,2.4324324324324325,1.3237266531471865,3.6109179126442243,1.0754716981132075,1.2245213887796929,0.0356718192627824,0.0005945303210463733,0.02348394768133175,0.04548156956004756,0.017241379310344827,0.034482758620689655,0.0,0.451580459770115,0.048070607553366174,0.6064818299842573,0.7258959482132668
54,3,58,119,0.03537455410225922,4.0,2.0,0.29310344827586204,0.4827586206896552,0.22413793103448276,0.7317073170731707,0.15517241379310345,0.3448275862068966,0.1206896551724138,2.0517241379310347,1.2330983060515475,1.1418474696318333,1.9182183254715954,1.9901960784313726,1.1035056473112566,4.624972813284271,1.0666666666666667,1.4128743629432676,0.013079667063020214,0.010404280618311534,0.039239001189060645,0.04934601664684899,0.017241379310344827,0.1206896551724138,0.0,0.4653750942544046,0.253658267020336,0.5709018995842217,0.7148023630936677
54,4,58,133,0.03953626634958383,7.0,2.0,0.25862068965517243,0.27586206896551724,0.46551724137931033,0.9767441860465116,0.08620689655172414,0.3275862068965517,0.034482758620689655,2.293103448275862,1.461284445613856,0.837078908945473,2.4525685427605124,4.02262443438914,1.8984286299081121,5.3981627015177525,1.0,1.427008496669287,0.0356718192627824,0.011890606420927468,0.0401307966706302,0.10225921521997622,0.017241379310344827,0.05172413793103448,0.0,0.4999663172076967,0.2083785917710867,0.8861340294985641,1.527542358574676
54,5,58,109,0.032401902497027346,5.0,2.0,0.29310344827586204,0.3275862068965517,0.3793103448275862,0.9512195121951219,0.15517241379310345,0.3620689655172414,0.034482758620689655,1.8793103448275863,1.1541364495981923,0.9459919387654502,2.4696865307425653,3.846774193548387,1.3649419310435171,5.5134287461649825,1.0,1.3064173163470596,0.03953626634958383,0.0038644470868014267,0.0356718192627824,0.04934601664684899,0.017241379310344827,0.034482758620689655,0.0,0.45160782703886154,0.12144909688013136,0.9029449115059658,1.4757470838354272
54,6,58,136,0.04042806183115339,4.0,2.0,0.3620689655172414,0.05172413793103448,0.5862068965517241,1.4864864864864864,0.22413793103448276,0.3448275862068966,0.034482758620689655,2.3448275862068964,1.421310606098923,0.8207281340773989,2.026996050716681,1.6,0.8280786712108251,2.70805020110221,1.0074074074074073,1.4369396030498596,0.05618311533888228,0.006837098692033293,0.05172413793103448,0.10998810939357907,0.017241379310344827,0.034482758620689655,0.0,0.5291473877000192,0.20844484003713212,0.6497940472596484,0.855924565414606
54,7,58,120,0.0356718192627824,4.0,2.0,0.43103448275862066,0.13793103448275862,0.43103448275862066,1.5151515151515151,0.1206896551724138,0.3275862068965517,0.034482758620689655,2.0689655172413794,1.5253798299869425,0.7937438124269579,1.9911797573435503,1.9107142857142858,0.9000360743130995,4.02535169073515,1.0,1.484054296175211,0.038941736028537455,0.00535077288941736,0.03537455410225922,0.09512485136741974,0.017241379310344827,0.034482758620689655,0.0,0.5566066117790256,0.10272246910177944,0.8509372525560921,1.018707286646074
54,8,58,100,0.029726516052318668,4.0,3.0,0.41379310344827586,0.22413793103448276,0.3620689655172414,1.3235294117647058,0.25862068965517243,0.2413793103448276,0.05172413793103448,1.7241379310344827,1.4363745785221074,0.9076362205046304,1.827342638204707,1.511111111111111,0.7868874882674899,3.8066624897703196,1.110091743119266,1.4573672489271923,0.027051129607609987,0.0023781212841854932,0.028240190249702736,0.05380499405469679,0.017241379310344827,0.05172413793103448,0.0,0.49945949644225485,0.11164056250263146,0.5982661824786157,0.6114532915713842
54,9,58,125,0.037158145065398336,5.0,2.0,0.3103448275862069,0.29310344827586204,0.39655172413793105,1.025,0.1724137931034483,0.3448275862068966,0.05172413793103448,2.1551724137931036,1.2346901593005768,0.8855188983292481,2.3318132577830855,3.7027027027027026,1.5174796885198125,5.556828061699537,1.0,1.3840004056383137,0.0469678953626635,0.014268727705112961,0.03626634958382877,0.06391200951248514,0.017241379310344827,0.05172413793103448,0.0,0.5028067239274138,0.1866926655719759,0.8525328645244257,1.3192560295466909
54,10,58,117,0.034780023781212845,4.0,2.0,0.3620689655172414,0.27586206896551724,0.3620689655172414,1.135135135135135,0.1896551724137931,0.3620689655172414,0.017241379310344827,2.0172413793103448,1.3881937658628054,0.768489004416838,1.9347604662259834,2.66120218579235,1.0818038850500962,5.209486152841421,1.0,1.3407992336539638,0.041319857312722946,0.002972651605231867,0.034482758620689655,0.08115338882282996,0.017241379310344827,0.017241379310344827,0.0,0.5023612318490616,0.062443253163334295,0.6268854540093616,0.7081892922718572
55,1,71,130,0.025788534021027574,4.0,2.0,0.36619718309859156,0.22535211267605634,0.4084507042253521,1.2222222222222223,0.2535211267605634,0.23943661971830985,0.028169014084507043,1.8309859154929577,1.3120232096992483,0.8949780051793789,1.9094479616193232,2.7960526315789473,1.1978944872189643,5.0238805208462765,1.037593984962406,1.3385606885089818,0.028169014084507043,0.0007934933544931561,0.027375520730013887,0.04860146796270581,0.014084507042253525,0.028169014084507043,0.0,0.4442823608316565,0.07701512102920553,0.5123045179842666,0.770382047609582
55,2,71,151,0.029954374132116643,5.0,2.0,0.3380281690140845,0.2535211267605634,0.4084507042253521,1.127659574468085,0.22535211267605634,0.352112676056338,0.056338028169014086,2.1267605633802815,1.28383447816043,0.9956341444287344,2.0157190852965505,2.9476439790575917,1.2171503383995708,5.25227342804663,1.0576923076923077,1.3572374117647361,0.03094624082523309,0.004760960126958937,0.0416584011108907,0.06189248165046618,0.014084507042253521,0.056338028169014086,0.0,0.5096818283438,0.20013452900776846,0.6751811930830558,0.7711590515185736
55,3,71,136,0.02697877405276731,5.0,2.0,0.38028169014084506,0.29577464788732394,0.323943661971831,1.1363636363636365,0.22535211267605634,0.28169014084507044,0.014084507042253521,1.9154929577464788,1.2657607482749083,0.9736741114632056,2.010871120313888,2.56020942408377,1.2162444171409417,5.25227342804663,1.0,1.3593876152817175,0.0307478674866098,0.0023804800634794686,0.03352509422733584,0.0505852013489387,0.014084507042253521,0.014084507042253521,0.0,0.5800607061170445,0.08413816230717638,0.6269631850962117,0.9828279929019439
55,4,71,172,0.034120214243205715,4.0,2.0,0.38028169014084506,0.19718309859154928,0.4225352112676056,1.2954545454545454,0.2112676056338028,0.352112676056338,0.0,2.4225352112676055,1.3720236904606826,0.8245841152642356,1.9841879877751356,4.447418738049713,1.6407782561968474,6.259581464064923,1.0,1.3433112259762763,0.04661773457647292,0.005157706804205514,0.04681610791509621,0.0958143225550486,0.01408450704225352,0.0,0.0,0.5866310309868721,0.07245180484617103,0.6264999001668943,0.8173302850156072
55,5,71,135,0.026780400714144018,3.0,2.0,0.4788732394366197,0.28169014084507044,0.23943661971830985,1.3783783783783783,0.18309859154929578,0.2676056338028169,0.014084507042253521,1.9014084507042253,1.4852966747529392,0.9028914729654683,1.6837742504409172,1.993421052631579,0.9242624446409794,5.0238805208462765,1.0,1.4165606005181108,0.02221781392580837,0.002578853402102757,0.029160880777623487,0.06447133505256894,0.014084507042253521,0.014084507042253521,0.0,0.5589690825606318,0.07283643586460486,0.4967188708121676,0.527337801559279
55,6,71,185,0.03669906764530847,5.0,2.0,0.3380281690140845,0.2112676056338028,0.4507042253521127,1.1914893617021276,0.2112676056338028,0.39436619718309857,0.028169014084507043,2.6056338028169015,1.2818917982769942,0.8243477431954089,2.175371119647176,4.521788990825688,1.5503734630909463,6.77078942390898,1.0954773869346734,1.3720085993848492,0.05891688157111684,0.01210077365602063,0.047411227930966075,0.0922436024598294,0.014084507042253521,0.028169014084507043,0.0,0.5230220184859785,0.1611804182968008,0.7876074144433955,1.0199657065849483
55,7,71,151,0.029954374132116643,5.0,2.0,0.4084507042253521,0.2112676056338028,0.38028169014084506,1.3333333333333333,0.18309859154929578,0.352112676056338,0.056338028169014086,2.1267605633802815,1.3969379778545807,0.7537002436916439,1.8146877740441905,3.5238095238095237,1.4444590297096247,5.683579767338681,1.0,1.3757279950400816,0.03233485419559611,0.008728426899424718,0.024399920650664552,0.06724856179329498,0.014084507042253521,0.056338028169014086,0.0,0.5305790062832318,0.2536837184724508,0.6389437895465255,0.6686662663357225
55,8,71,132,0.026185280698274152,5.0,2.0,0.38028169014084506,0.09859154929577464,0.5211267605633803,1.4545454545454546,0.2112676056338028,0.3380281690140845,0.04225352112676056,1.8591549295774648,1.4355153942288754,0.729023640889285,1.984000763842313,3.1666666666666665,1.2087153956996732,3.871201010907891,1.037313432835821,1.4454968592643114,0.031739734179726246,0.0029756000793493354,0.0198373338623289,0.05514778813727435,0.014084507042253521,0.04225352112676056,0.0,0.5151383045749242,0.14978292443081176,0.670885773000975,0.9058157390882343
55,9,71,117,0.023209680618924818,5.0,2.0,0.352112676056338,0.23943661971830985,0.4084507042253521,1.173913043478261,0.2535211267605634,0.29577464788732394,0.014084507042253521,1.647887323943662,1.2650306878998163,0.8709673105346455,2.0538688076833616,3.1419753086419755,1.36898785638856,5.087596335232384,1.0,1.3537593551435763,0.026185280698274152,0.0015869867089863122,0.0198373338623289,0.03570720095219203,0.014084507042253521,0.014084507042253521,0.0,0.47362457573725164,0.05044509481129199,0.561869576930301,0.9351340356036902
55,10,71,178,0.035310454274945446,5.0,4.0,0.30985915492957744,0.16901408450704225,0.5211267605633803,1.2040816326530612,0.18309859154929578,0.43661971830985913,0.056338028169014086,2.507042253521127,1.2301094800368138,0.6838416244451272,2.074928342909504,3.216666666666667,1.220289369474059,5.19295685089021,1.123076923076923,1.2729035052327888,0.05951200158698671,0.005752826820075382,0.038881174370164646,0.08034120214243205,0.014084507042253521,0.07042253521126761,0.0,0.5092110113029751,0.21911074058961383,0.7173480374996445,0.9009880424319796
56,1,66,158,0.03627180899908173,4.0,2.0,0.2878787878787879,0.3181818181818182,0.3939393939393939,0.9574468085106383,0.19696969696969696,0.3939393939393939,0.015151515151515152,2.393939393939394,1.214830764855022,0.9962967432058576,2.341808268190844,3.988262910798122,1.5574801024535758,6.054439346269371,1.0063291139240507,1.342711085931643,0.04591368227731864,0.01147842056932966,0.05440771349862259,0.07598714416896235,0.015151515151515152,0.015151515151515152,0.0,0.4923636548636548,0.19228334796516613,0.6433231247750721,1.1610448827119775
56,2,66,219,0.05027548209366391,5.0,2.0,0.2727272727272727,0.0,0.7272727272727273,1.375,0.06060606060606061,0.4696969696969697,0.15151515151515152,3.3181818181818183,1.191675443180972,0.6347155783121579,2.1985711231803027,NaN,NaN,0.0,1.0711111111111111,1.1964537419194947,0.08930211202938476,0.02662993572084481,0.05509641873278237,0.1356749311294766,0.015151515151515152,0.15151515151515152,0.0,0.5497816948351707,0.3372181690363508,0.7504601285688124,1.0523538182375305
56,3,66,237,0.05440771349862259,4.0,2.0,0.22727272727272727,0.015151515151515152,0.7575757575757576,1.2745098039215685,0.07575757575757576,0.5909090909090909,0.045454545454545456,3.590909090909091,1.184497582758226,0.6890577885727384,2.7840309452589547,0.0,NaN,0.0,1.0,1.1041194602846294,0.11225895316804407,0.015151515151515152,0.09871441689623507,0.18434343434343434,0.015151515151515152,0.045454545454545456,0.0,0.6393682141887884,0.13878715857325485,0.8876937770465031,1.7440284317070036
56,4,66,224,0.051423324150596875,5.0,2.0,0.30303030303030304,0.10606060606060606,0.5909090909090909,1.2826086956521738,0.10606060606060606,0.42424242424242425,0.015151515151515152,3.393939393939394,1.3124817782991682,0.7451767988460601,2.4675070884852204,5.245757385292269,1.6473552011363994,7.372118028337787,1.0346320346320346,1.3275744830500193,0.09963269054178145,0.029155188246097336,0.07851239669421488,0.17929292929292928,0.01515151515151515,0.015151515151515152,0.0,0.5606241785051944,0.18558365530290663,0.811011478813745,1.3242043396991596
56,5,66,152,0.03489439853076217,5.0,2.0,0.36363636363636365,0.42424242424242425,0.21212121212121213,0.9047619047619048,0.09090909090909091,0.4090909090909091,0.015151515151515152,2.303030303030303,1.4105436883334057,1.0414640402398543,2.0847923681257012,2.502439024390244,1.3046838330997992,5.3230099791384085,1.0,1.4208037906283477,0.032598714416896234,0.005050505050505051,0.05945821854912764,0.09641873278236915,0.01515151515151515,0.015151515151515152,0.0,0.5289752401594507,0.09246031746031746,0.8186254404129621,0.9568013891686731
56,6,66,165,0.03787878787878788,5.0,2.0,0.3787878787878788,0.045454545454545456,0.5757575757575758,1.5365853658536586,0.21212121212121213,0.36363636363636365,0.07575757575757576,2.5,1.6872371590174366,0.6401922788086043,1.9116974828476563,5.276785714285714,1.6685420795905959,5.4116460518550396,1.2039800995024876,1.608149409148454,0.04453627180899908,0.013774104683195593,0.03076216712580349,0.14325068870523416,0.015151515151515152,0.07575757575757576,0.0,0.5899814930563595,0.3358339962506629,0.670277306701969,0.7993240054715878
56,7,66,198,0.045454545454545456,5.0,2.0,0.36363636363636365,0.09090909090909091,0.5454545454545454,1.4285714285714286,0.21212121212121213,0.36363636363636365,0.06060606060606061,3.0,1.377474463442389,0.7623624998624875,2.052878998688642,5.73253493013972,2.0406664012712725,6.2166061010848646,1.015228426395939,1.3573211271915877,0.06795224977043159,0.02066115702479339,0.06129476584022039,0.1453168044077135,0.015151515151515152,0.06060606060606061,0.0,0.6300615319390024,0.16511534053400082,0.7442004455743367,0.8704913078177351
56,8,66,220,0.050505050505050504,4.0,2.0,0.2878787878787879,0.24242424242424243,0.4696969696969697,1.0638297872340425,0.16666666666666666,0.4393939393939394,0.07575757575757576,3.3333333333333335,1.261135019917193,0.7007688085787802,2.17855689906434,4.6453862660944205,1.3446780493117338,7.530479995245536,1.052863436123348,1.2563433453473623,0.09848484848484848,0.021120293847566574,0.07392102846648302,0.1652892561983471,0.01515151515151515,0.07575757575757576,0.0,0.5345596063176278,0.19807892368756427,0.6436785065068114,0.9276525899694711
56,9,66,203,0.04660238751147842,4.0,2.0,0.22727272727272727,0.16666666666666666,0.6060606060606061,1.0784313725490196,0.21212121212121213,0.45454545454545453,0.06060606060606061,3.0757575757575757,1.23942446995506,0.8464940693642251,2.3164627223098995,3.667953667953668,1.22584043793657,6.249975242259483,1.0148514851485149,1.2080848833408333,0.0608356290174472,0.02134986225895317,0.07323232323232323,0.13108356290174472,0.015151515151515152,0.06060606060606061,0.0,0.5409270620621409,0.24597887134651839,0.6120652555262452,0.8843110992418468
56,10,66,156,0.03581267217630854,5.0,2.0,0.25757575757575757,0.2878787878787879,0.45454545454545453,0.9591836734693877,0.16666666666666666,0.4696969696969697,0.06060606060606061,2.3636363636363638,1.0406617060923702,0.9168676763375444,2.2594889008341896,4.863984674329502,1.8428379348915163,6.257667587882639,1.0129870129870129,1.271037504336449,0.05968778696051423,0.008264462809917356,0.048209366391184574,0.06037649219467401,0.015151515151515152,0.06060606060606061,0.0,0.43237187896278795,0.10128057968967061,0.6473408762206787,0.9898785677035048
57,1,77,188,0.03170855118907067,6.0,2.0,0.3116883116883117,0.07792207792207792,0.6103896103896104,1.3396226415094339,0.14285714285714285,0.44155844155844154,0.07792207792207792,2.4415584415584415,1.147911803312529,0.592388889788939,2.275789132420481,6.147155003270111,1.569066594065629,7.332369205929062,1.0319148936170213,1.272908425239432,0.06341710237814134,0.007758475290942824,0.02614268848035082,0.062405127340192275,0.012987012987012986,0.07792207792207792,0.0,0.4912778228477234,0.19036317218135398,0.7563218073045322,1.1539558425647292
57,2,77,252,0.04250295159386069,5.0,2.0,0.2987012987012987,0.11688311688311688,0.5844155844155844,1.2592592592592593,0.18181818181818182,0.42857142857142855,0.05194805194805195,3.272727272727273,1.1631368908690778,0.8017656360512694,2.265165809199287,4.8498635122838945,1.6207408747778376,7.002155954403621,1.049808429118774,1.1974702305792615,0.08180131556754934,0.014673638050261426,0.07488615280823073,0.1234609546297858,0.01298701298701299,0.05194805194805195,0.0,0.5966073608930754,0.1758632762392161,0.8561795101729361,0.9834773605566832
57,3,77,208,0.03508180131556755,7.0,2.0,0.2597402597402597,0.2077922077922078,0.5324675324675324,1.0701754385964912,0.06493506493506493,0.5584415584415584,0.05194805194805195,2.7012987012987013,1.0992591323193739,0.9009268094188434,2.635652253869779,5.532608695652174,2.0327982092666628,6.601230118728877,1.0684931506849316,1.197704133877684,0.05801990217574633,0.0060718502276943835,0.06105582728959352,0.07809074042840276,0.012987012987012988,0.05194805194805195,0.0,0.5155507912001418,0.17092141264219188,0.9519142236123651,1.4299644250657604
57,4,77,246,0.04149097655591162,5.0,2.0,0.3116883116883117,0.1038961038961039,0.5844155844155844,1.3018867924528301,0.2077922077922078,0.36363636363636365,0.03896103896103896,3.1948051948051948,1.2133796025445103,0.6621220349199191,2.12072909375541,3.3902439024390243,1.3305089763349194,5.659482215759621,1.0617760617760619,1.0636051188401312,0.07100691516275932,0.005228537696070163,0.0671276775172879,0.13206274245235283,0.012987012987012986,0.03896103896103896,0.0,0.599796199471524,0.07595451292126135,0.6945895299383996,0.8658929404017822
57,5,77,294,0.049586776859504134,4.0,2.0,0.23376623376623376,0.18181818181818182,0.5844155844155844,1.0677966101694916,0.09090909090909091,0.5714285714285714,0.03896103896103896,3.8181818181818183,1.3693118411260454,0.719425949035149,2.643868213320682,4.3742655699177435,1.3583614017641636,7.43955930913332,1.0673076923076923,1.3557539642149286,0.11418451678191938,0.019733513240006745,0.09714960364311014,0.22195985832349469,0.01298701298701299,0.03896103896103896,0.0,0.5518111226081962,0.1616502648198267,0.8895593786060255,1.2857980981503632
57,6,77,276,0.04655085174565694,5.0,2.0,0.22077922077922077,0.03896103896103896,0.7402597402597403,1.2333333333333334,0.12987012987012986,0.5324675324675324,0.06493506493506493,3.5844155844155843,1.2528630749385106,0.6808958969774308,2.374216341977203,5.367194004995837,1.6398850172590442,7.0909098220799835,1.0073260073260073,1.1953311290313091,0.08871647832686794,0.02276943835385394,0.07066959015010964,0.16495193118569743,0.012987012987012988,0.06493506493506493,0.0,0.5450281333260407,0.23804018598327228,0.7613473519547244,1.0779182234972844
57,7,77,171,0.028841288581548323,5.0,2.0,0.3246753246753247,0.3116883116883117,0.36363636363636365,1.0192307692307692,0.11688311688311688,0.4155844155844156,0.025974025974025976,2.220779220779221,1.2894895620141527,1.1165057519372787,2.139618441385554,2.9641255605381165,1.2658241706534057,5.407171771460119,1.0,1.4357989775420146,0.03356383875864395,0.0023612750885478157,0.05346601450497555,0.065947039973014,0.012987012987012993,0.025974025974025976,0.0,0.5421531634480452,0.07573335119171636,0.7034938412347763,0.9684387102897808
57,8,77,234,0.03946702648001349,4.0,2.0,0.2987012987012987,0.07792207792207792,0.6233766233766234,1.3148148148148149,0.15584415584415584,0.4155844155844156,0.05194805194805195,3.038961038961039,1.33711792173915,0.7070486668013097,2.0441540237393165,3.1818181818181817,1.060252209853972,5.288267030694535,1.0836653386454183,1.2184034081144781,0.06038117726429415,0.008264462809917356,0.05920053972002024,0.13493000505987518,0.01298701298701299,0.05194805194805195,0.0,0.5542546505781798,0.12416697955880135,0.609875200264708,0.7353975046651973
57,9,77,235,0.03963568898633834,5.0,2.0,0.35064935064935066,0.09090909090909091,0.5584415584415584,1.4,0.15584415584415584,0.33766233766233766,0.025974025974025976,3.051948051948052,1.4261525282413023,0.6464120314864613,2.2099316049840376,5.32129963898917,1.986771365650192,7.010311867307229,1.093385214007782,1.349684335108175,0.07235621521335807,0.009107775341541575,0.05548996458087367,0.15078428065441052,0.012987012987012988,0.025974025974025976,0.0,0.598824074554594,0.11782497381236876,0.7288674213897447,1.1345282344858172
57,10,77,235,0.03963568898633834,5.0,2.0,0.2597402597402597,0.15584415584415584,0.5844155844155844,1.1403508771929824,0.15584415584415584,0.5454545454545454,0.025974025974025976,3.051948051948052,1.0522441926141186,0.8585485545660891,2.3029079012257587,4.32824427480916,1.6773955414714865,6.261491684321042,1.0251046025104602,0.9912307599064979,0.05920053972002024,0.008433125316242199,0.07589812784617979,0.09731826614943498,0.012987012987012988,0.025974025974025976,0.0,0.5717676983910749,0.11480611740352,0.7701835370965887,0.8568285755693871
58,1,78,242,0.03977646285338593,6.0,2.0,0.32051282051282054,0.15384615384615385,0.5256410256410257,1.2452830188679245,0.02564102564102564,0.5128205128205128,0.10256410256410256,3.1025641025641026,1.2255089056343178,0.7246175442597114,2.468683027262315,6.165672913117547,2.1290445093301082,7.761319180947987,1.1102661596958174,1.3700154247577985,0.09335963182117028,0.011505588428665352,0.05752794214332676,0.11571334648257725,0.012820512820512818,0.10256410256410256,0.0,0.5669545634016341,0.22274119923411426,1.0669336113777546,1.5117212803242626
58,2,78,323,0.05309007232084155,5.0,2.0,0.23076923076923078,0.07692307692307693,0.6923076923076923,1.2,0.07692307692307693,0.6410256410256411,0.0641025641025641,4.141025641025641,1.3631235161398063,0.7573965720620548,2.531732407286998,5.926774734488541,1.9229288067610206,7.489412083508719,1.0914285714285714,1.2817579286559295,0.09220907297830375,0.03566732412886259,0.10601577909270217,0.24474030243261014,0.012820512820512818,0.0641025641025641,0.0,0.5666791683052999,0.20833336225675125,0.8970679046400674,1.2109702501518291
58,3,78,232,0.0381328073635766,6.0,2.0,0.28205128205128205,0.1282051282051282,0.5897435897435898,1.2142857142857142,0.11538461538461539,0.44871794871794873,0.02564102564102564,2.9743589743589745,1.2637625096416745,0.842870641715064,2.6809154768101084,5.804837364470392,1.837817339589153,7.089243155027514,1.0128755364806867,1.347847035754689,0.07774490466798159,0.00641025641025641,0.07051282051282051,0.11965811965811966,0.01282051282051282,0.02564102564102564,0.0,0.5311562106294548,0.13331848227333176,1.0435841903597662,1.8080179589813516
58,4,78,251,0.04125575279421433,6.0,3.0,0.34615384615384615,0.1282051282051282,0.5256410256410257,1.3333333333333333,0.07692307692307693,0.5128205128205128,0.02564102564102564,3.217948717948718,1.2325383977606337,0.7216951766914385,2.2112388240625642,6.556420233463035,2.127556017815982,8.03398273468322,1.0158102766798418,1.2505078407451755,0.08103221564760027,0.018573307034845495,0.0601577909270217,0.12343852728468113,0.012820512820512818,0.02564102564102564,0.0,0.5907465428786502,0.18846881394958315,0.8177879764688618,1.0374492446208072
58,5,78,208,0.03418803418803419,4.0,2.0,0.3076923076923077,0.2948717948717949,0.3974358974358974,1.0185185185185186,0.19230769230769232,0.32051282051282054,0.038461538461538464,2.6666666666666665,1.232178147433636,0.9119071637643139,2.064249334586636,3.1050656660412757,1.0934840526955176,6.278521424165844,1.0,1.3019997059391888,0.05309007232084155,0.005095332018408941,0.05900723208415516,0.09040105193951348,0.01282051282051282,0.038461538461538464,0.0,0.6056521658331615,0.10662674220366529,0.5706271700611876,0.7919211817718321
58,6,78,262,0.0430637738330046,6.0,2.0,0.28205128205128205,0.07692307692307693,0.6410256410256411,1.2857142857142858,0.15384615384615385,0.5,0.038461538461538464,3.358974358974359,1.2409882875713822,0.6699643553523171,2.31879059722605,2.1666666666666665,1.3152509484776145,3.4011973816621555,1.044280442804428,1.20667693301929,0.08941485864562787,0.01413543721236029,0.06722550953320185,0.14299802761341224,0.01282051282051282,0.038461538461538464,0.0,0.5493172467719981,0.13275496708754628,0.7604496472786084,1.0565378197450834
58,7,78,229,0.037639710716633794,4.0,3.0,0.358974358974359,0.05128205128205128,0.5897435897435898,1.48,0.15384615384615385,0.4358974358974359,0.0641025641025641,2.9358974358974357,1.2936242057373866,0.7999160298649217,1.90842282455931,3.8902439024390243,1.440216869480149,4.406719247264253,1.03862660944206,1.3724255914783399,0.07001972386587771,0.012656147271531887,0.05571992110453649,0.10979618671926364,0.01282051282051282,0.0641025641025641,0.0,0.5692609529830089,0.1715729221296023,0.6217071401654841,0.6818328757473061
58,8,78,200,0.03287310979618672,6.0,2.0,0.3333333333333333,0.14102564102564102,0.5256410256410257,1.2884615384615385,0.08974358974358974,0.46153846153846156,0.02564102564102564,2.5641025641025643,1.2181228906080765,0.6549809157525125,2.169458804034248,5.2517343904856295,1.8419870074815408,6.9167150203536085,1.0149253731343284,1.1684621928431815,0.05325443786982249,0.0067389875082182775,0.035831689677843524,0.07988165680473373,0.01282051282051282,0.02564102564102564,0.0,0.5464399916322994,0.12160168890938121,0.7937935284784401,0.9050049239040197
58,9,78,206,0.03385930309007232,4.0,3.0,0.3076923076923077,0.2564102564102564,0.4358974358974359,1.0740740740740742,0.21794871794871795,0.358974358974359,0.038461538461538464,2.641025641025641,1.3658555342154237,0.8321920311433773,2.1344256526870815,3.431216931216931,1.3318299174231452,5.934894195619588,1.0855855855855856,1.3877791380026303,0.05161078238001315,0.007560815253122946,0.04980276134122288,0.09944115713346482,0.012820512820512818,0.038461538461538464,0.0,0.4926958677673133,0.13497316430008738,0.7127578135722069,0.9319481893614617
58,10,78,282,0.046351084812623275,5.0,2.0,0.34615384615384615,0.15384615384615385,0.5,1.2941176470588236,0.1282051282051282,0.46153846153846156,0.01282051282051282,3.6153846153846154,1.2688769130457735,0.6763894294778418,2.144143870686122,4.258736559139785,1.3910527876118814,7.305188215393037,1.0,1.135323121107266,0.09188034188034189,0.010190664036817882,0.08777120315581854,0.1811308349769888,0.01282051282051282,0.01282051282051282,0.0,0.6017086931661834,0.1267100963963312,0.7576971142796661,0.8686884769732983
59,1,78,249,0.040927021696252466,5.0,2.0,0.3333333333333333,0.05128205128205128,0.6153846153846154,1.4230769230769231,0.20512820512820512,0.3974358974358974,0.07692307692307693,3.1923076923076925,1.3058601678569612,0.6602922429196614,1.9943697439391883,5.427980132450331,1.61899819472862,7.0967213784947605,1.0689655172413792,1.2694895301082185,0.07577251808021039,0.014957264957264958,0.055062458908612756,0.13675213675213677,0.012820512820512818,0.07692307692307693,0.0,0.6088725844203339,0.2011522665368819,0.6781830201448429,0.7477563585582889
59,2,78,297,0.04881656804733728,5.0,2.0,0.3076923076923077,0.2564102564102564,0.4358974358974359,1.0740740740740742,0.16666666666666666,0.48717948717948717,0.02564102564102564,3.8076923076923075,1.4521338980976075,0.798671109692099,2.1973006479342367,4.522701475595913,1.6539993245042832,7.474204806496124,1.0231788079470199,1.3380898017597287,0.06870479947403024,0.027120315581854043,0.09878369493754109,0.2309335963182117,0.012820512820512818,0.02564102564102564,0.0,0.5962677517164696,0.14209104164867442,0.7250417866760723,0.8881944870939988
59,3,78,274,0.04503616042077581,5.0,2.0,0.2948717948717949,0.15384615384615385,0.5512820512820513,1.2,0.15384615384615385,0.44871794871794873,0.05128205128205128,3.5128205128205128,1.4477295358266975,0.7118541825876787,2.2542980694158232,4.639567669172933,1.496359538192305,7.662937850461535,1.0287769784172662,1.4036074052023542,0.08136094674556213,0.023175542406311637,0.07001972386587771,0.19296515450361604,0.012820512820512818,0.05128205128205128,0.0,0.5738428972313545,0.1410572905974244,0.6673658261217874,0.9765988735533605
59,4,78,301,0.04947403024326101,4.0,2.0,0.2692307692307692,0.10256410256410256,0.6282051282051282,1.2280701754385965,0.0641025641025641,0.5897435897435898,0.05128205128205128,3.858974358974359,1.2066165726916815,0.6506604717770655,2.5495987267415345,6.71061987942495,2.0367025175674227,8.774776816043985,1.1341107871720117,1.2015047021028666,0.12195923734385272,0.023175542406311637,0.08530571992110454,0.17981591058514135,0.01282051282051282,0.05128205128205128,0.0,0.5619915035140387,0.19723921781468126,0.8656997405210259,1.2499383809174758
59,5,78,288,0.047337278106508875,4.0,2.0,0.32051282051282054,0.20512820512820512,0.47435897435897434,1.169811320754717,0.1282051282051282,0.4230769230769231,0.038461538461538464,3.6923076923076925,1.3427276598560738,0.8342594961559663,2.2769004269724418,3.021176470588235,1.4182182315409888,6.052089168924417,1.0,1.2047582486833457,0.06821170282708744,0.01282051282051282,0.10897435897435898,0.20414201183431951,0.01282051282051282,0.038461538461538464,0.0,0.5932487216989482,0.1301298810668277,0.8521887838185505,1.0505487359195669
59,6,78,217,0.03566732412886259,5.0,2.0,0.34615384615384615,0.10256410256410256,0.5512820512820513,1.3725490196078431,0.2564102564102564,0.34615384615384615,0.01282051282051282,2.782051282051282,1.4466853202765932,0.6519326094310489,2.0470397049348006,4.194174757281553,1.6047875600645394,6.021023349349527,1.018181818181818,1.3802057879827416,0.05917159763313609,0.009204470742932281,0.04339250493096647,0.1247534516765286,0.01282051282051282,0.01282051282051282,0.0,0.5880829501230841,0.15975544482331813,0.6425451821329465,0.8229449724245781
59,7,78,246,0.04043392504930966,6.0,2.0,0.3717948717948718,0.07692307692307693,0.5512820512820513,1.469387755102041,0.07692307692307693,0.44871794871794873,0.05128205128205128,3.1538461538461537,1.435452420818339,0.615500342423624,2.2442253348192076,4.108958837772397,1.3636195874838115,6.023447592961033,1.0656370656370657,1.402659588867783,0.08053911900065747,0.013477975016436555,0.05276134122287968,0.15598290598290598,0.012820512820512818,0.05128205128205128,0.0,0.5627395890788096,0.2184977408770772,0.8086699533534663,1.3197501091405883
59,8,78,200,0.03287310979618672,6.0,2.0,0.3076923076923077,0.19230769230769232,0.5,1.1666666666666667,0.11538461538461539,0.5,0.02564102564102564,2.5641025641025643,1.243798121173113,0.7890385403653095,2.354290574631921,4.506,1.9507883407229492,6.214608098422191,1.0,1.168462192843181,0.0440499671268902,0.005259697567389875,0.04585798816568047,0.08201840894148586,0.01282051282051282,0.02564102564102564,0.0,0.5760700659739121,0.09619031253646639,0.8532412121921742,1.1933337639964634
59,9,78,282,0.046351084812623275,6.0,2.0,0.21794871794871795,0.10256410256410256,0.6794871794871795,1.1475409836065573,0.08974358974358974,0.6153846153846154,0.0641025641025641,3.6153846153846154,1.1190897833383453,0.7515375329921004,2.800082293442776,5.518050541516246,1.9553420565260682,6.317164686747284,1.111842105263158,1.1201421771971096,0.09714003944773175,0.012656147271531887,0.08941485864562787,0.13757396449704143,0.012820512820512818,0.0641025641025641,0.0,0.572636063124417,0.28359603882793927,1.0072729090096015,1.528067486223523
59,10,78,246,0.04043392504930966,5.0,2.0,0.21794871794871795,0.02564102564102564,0.7564102564102564,1.2459016393442623,0.23076923076923078,0.46153846153846156,0.0641025641025641,3.1538461538461537,1.337515427526047,0.585049011495319,2.3351566242497155,6.823752711496746,1.6812972717918753,7.519692404116539,1.036,1.3415205255598075,0.09089414858645628,0.01101249178172255,0.05144641683103222,0.14086127547666008,0.01282051282051282,0.0641025641025641,0.0,0.4915112665112667,0.19921610193349323,0.7227811717993633,1.0809847942773334
60,1,98,694,0.0722615576842982,5.0,3.0,0.1836734693877551,0.0,0.8163265306122449,1.225,0.07142857142857142,0.6632653061224489,0.08163265306122448,7.081632653061225,1.3385144936326467,0.5488465881429554,2.757818320469604,NaN,NaN,0.0,1.185273159144893,1.2187372654694995,0.2379216992919617,0.07663473552686381,0.20366513952519782,0.5508121615993337,0.01020408163265306,0.10204081632653061,0.0,0.6610904436847223,0.3142261129603558,0.7974198942203273,1.1760541078733422
60,2,98,704,0.07330279050395669,5.0,3.0,0.14285714285714285,0.0,0.8571428571428571,1.1666666666666667,0.09183673469387756,0.6530612244897959,0.061224489795918366,7.183673469387755,1.0862749914326544,0.7039699755789103,2.900009975013323,NaN,NaN,0.0,1.0630872483221476,1.0609805722526393,0.3000832986255727,0.0704914618908788,0.27675968346522284,0.45408163265306123,0.010204081632653059,0.061224489795918366,0.0,0.6550555591523883,0.23165764165347869,0.6739255365483577,1.2123575234466013
60,3,98,715,0.07444814660558101,5.0,2.0,0.1836734693877551,0.0,0.8163265306122449,1.225,0.061224489795918366,0.673469387755102,0.061224489795918366,7.295918367346939,1.2550008588904835,0.5731926987102597,3.0060951915031744,NaN,NaN,0.0,1.1590361445783133,1.1352431358410668,0.27311536859641816,0.08652644731361933,0.2287588504789671,0.553311120366514,0.01020408163265306,0.061224489795918366,0.0,0.6568703993239902,0.28261610617310634,0.9364721731956328,1.5232382112231946
60,4,98,493,0.05133277800916285,5.0,2.0,0.20408163265306123,0.20408163265306123,0.5918367346938775,1.0,0.061224489795918366,0.6530612244897959,0.04081632653061224,5.030612244897959,1.2554155386921022,0.6696823228377643,2.8976524342349976,7.066028914622743,1.9167981427478107,10.233007103729488,1.087686567164179,1.2237103395042719,0.14670970428987923,0.036651395251978344,0.12088713036234902,0.26228654727197004,0.01020408163265306,0.05102040816326531,0.0,0.5823879632396326,0.20435248482531596,0.9877766950180228,1.4014791793866963
60,5,98,622,0.06476468138275718,4.0,2.0,0.22448979591836735,0.061224489795918366,0.7142857142857143,1.2105263157894737,0.05102040816326531,0.673469387755102,0.1326530612244898,6.346938775510204,1.0972179429517988,0.6138098205853935,2.4540970058492135,8.708081555640499,1.8892528835433757,12.412753426013262,1.1096491228070176,1.010263404585753,0.22074135776759685,0.059975010412328195,0.18252811328613078,0.3454810495626822,0.010204081632653064,0.1326530612244898,0.0,0.6243967039655823,0.2726785766286297,0.855863424561338,0.9988261025076758
60,6,98,583,0.06070387338608913,6.0,2.0,0.1326530612244898,0.09183673469387756,0.7755102040816326,1.0470588235294118,0.05102040816326531,0.673469387755102,0.07142857142857142,5.948979591836735,1.0466671437136539,0.654546234902172,3.57493103066483,8.928107732365659,2.0124363372738947,11.34895842864817,1.1272727272727272,1.0395888067935557,0.22261557684298208,0.04591836734693878,0.17284464806330696,0.2895668471470221,0.01020408163265306,0.08163265306122448,0.0,0.6338514028406348,0.21562923529953132,1.0166926165288956,1.8204051347422967
60,7,98,712,0.07413577675968347,5.0,3.0,0.21428571428571427,0.0,0.7857142857142857,1.2727272727272727,0.061224489795918366,0.673469387755102,0.10204081632653061,7.26530612244898,1.2102214510256093,0.5878095757139842,2.558847444356803,NaN,NaN,0.0,1.2662921348314606,1.105548995525686,0.25229071220324867,0.09048313202832153,0.21532694710537276,0.49552269887546857,0.010204081632653064,0.14285714285714285,0.0,0.6885626541114486,0.33475315633548675,0.738168726524648,1.0743244871466326
60,8,98,595,0.0619533527696793,7.0,2.0,0.21428571428571427,0.0,0.7857142857142857,1.2727272727272727,0.05102040816326531,0.5918367346938775,0.09183673469387756,6.071428571428571,1.1828149129618004,0.4830993057113878,2.6696450319569243,NaN,NaN,0.0,1.1544011544011543,1.076903782378568,0.21928363182007496,0.049354435651811746,0.14264889629321117,0.35287380258225737,0.010204081632653066,0.10204081632653061,0.0,0.6234056972730072,0.2378090828824115,0.9135769766033541,1.5661743374180936
60,9,98,665,0.06924198250728864,5.0,2.0,0.21428571428571427,0.10204081632653061,0.6836734693877551,1.1428571428571428,0.10204081632653061,0.5918367346938775,0.04081632653061224,6.785714285714286,1.3720749248264341,0.6567545192519373,2.9098854661494693,8.745516577274328,2.040631848345658,12.171253431551897,1.0742296918767507,1.2810988515160944,0.2283423573511037,0.07965431070387338,0.21928363182007496,0.5554977092877967,0.01020408163265306,0.04081632653061224,0.0,0.6584809958913549,0.25992000973943785,1.0159007670157791,1.6488425473848352
60,10,98,593,0.06174510620574761,5.0,3.0,0.12244897959183673,0.01020408163265306,0.8673469387755102,1.127906976744186,0.02040816326530612,0.7653061224489796,0.08163265306122448,6.051020408163265,1.1277122459870115,0.5562037990535992,3.104282020101426,7.102487562189054,1.7334709786271825,7.605890001053122,1.2432065217391304,1.0351840657581344,0.20835068721366098,0.05185339441899209,0.15326947105372762,0.32174094127446895,0.01020408163265306,0.11224489795918367,0.0,0.6046457258695783,0.26221288477278326,0.7819656784423945,1.2448505146099151
61,1,86,390,0.052731206057328284,5.0,2.0,0.22093023255813954,0.06976744186046512,0.7093023255813954,1.1940298507462686,0.09302325581395349,0.5813953488372093,0.023255813953488372,4.534883720930233,1.2901070587641383,0.724440377705481,2.801632319965127,5.146944083224968,1.6616050687276223,6.645090969505644,1.02020202020202,1.261503390112015,0.13020551649540293,0.03204434829637642,0.12033531638723634,0.25189291508923745,0.01162790697674419,0.03488372093023256,0.0,0.5975608435185567,0.18074351588788634,0.9281864821366373,1.415362271120389
61,2,86,387,0.05232558139534884,6.0,2.0,0.19767441860465115,0.03488372093023256,0.7674418604651163,1.2028985507246377,0.09302325581395349,0.5581395348837209,0.05813953488372093,4.5,1.2069756101333573,0.5852210352770302,3.1513007135684923,8.502367797947908,1.9944523903656726,10.235449633679455,1.05679012345679,1.1686312254407454,0.13088155759870201,0.038263926446727964,0.08436992969172526,0.20740941049215791,0.011627906976744186,0.06976744186046512,0.0,0.5764592165206222,0.24160228932693148,1.1302701978564995,1.9188470525314572
61,3,86,381,0.05151433207138994,5.0,2.0,0.18604651162790697,0.0,0.813953488372093,1.2285714285714286,0.13953488372093023,0.5813953488372093,0.06976744186046512,4.430232558139535,1.175967911081148,0.5222862027585058,2.7352277160973846,NaN,NaN,0.0,1.1477272727272727,1.1379266440638585,0.1484586262844781,0.02541914548404543,0.08775013520822066,0.20646295294753922,0.011627906976744184,0.06976744186046512,0.0,0.5600652507729496,0.23056885729468743,0.8247280546813177,1.2039158779772579
61,4,86,418,0.056517036235803134,5.0,2.0,0.22093023255813954,0.06976744186046512,0.7093023255813954,1.1940298507462686,0.08139534883720931,0.5930232558139535,0.09302325581395349,4.8604651162790695,1.197659868656108,0.5467718303916378,2.518046984974969,5.1851278079008525,1.8041198446569549,7.1631723908466425,1.2910714285714286,1.1595836145579035,0.18158464034613306,0.02650081124932396,0.11776636019469984,0.26649540292049756,0.01162790697674419,0.09302325581395349,0.0,0.595267673856351,0.2581730672228548,0.7738088666840865,1.0248895361879051
61,5,86,386,0.05219037317468902,5.0,2.0,0.22093023255813954,0.13953488372093023,0.6395348837209303,1.1044776119402986,0.10465116279069768,0.5581395348837209,0.03488372093023256,4.488372093023256,1.1683592823603028,0.7351689682246574,2.3149286802357882,4.217168011738812,1.442922437431904,7.217443431696533,1.0,1.0243316501001618,0.12033531638723634,0.008923742563547863,0.13967009194159005,0.23796646836127636,0.011627906976744184,0.046511627906976744,0.0,0.6742823284511961,0.0798033180170123,0.7298278873388899,0.8962948008904659
61,6,86,331,0.04475392103839913,6.0,2.0,0.26744186046511625,0.08139534883720931,0.6511627906976745,1.253968253968254,0.12790697674418605,0.5348837209302325,0.0,3.8488372093023258,1.1992905247167254,0.7256533151974841,2.6342772550543283,6.130523731587561,1.9733553575110148,7.8013913202914855,1.0,1.1419997874798427,0.10073012439156301,0.015278528934559221,0.09329367225527312,0.17090319091400757,0.011627906976744186,0.0,0.0,0.5743997889175728,0.12070235791760021,0.934889260145124,1.4568256436434213
61,7,86,337,0.045565170362358035,7.0,2.0,0.27906976744186046,0.19767441860465115,0.5232558139534884,1.1129032258064515,0.1744186046511628,0.45348837209302323,0.09302325581395349,3.9186046511627906,1.3791058902434328,0.6599296962287938,2.1076965028373844,5.337122868386532,2.0408211885334104,7.734996194022781,1.103542234332425,1.4071377326462566,0.10492157923201731,0.027988101676581938,0.06949702541914549,0.19334775554353706,0.011627906976744184,0.10465116279069768,0.0,0.606868772988544,0.28478368256625547,0.7593572317273642,0.8994047758515662
61,8,86,356,0.04813412655489454,7.0,2.0,0.22093023255813954,0.0,0.7790697674418605,1.2835820895522387,0.05813953488372093,0.6046511627906976,0.05813953488372093,4.1395348837209305,1.106817561581205,0.6783938266070476,2.993160381276478,NaN,NaN,0.0,1.0689655172413792,1.0976227276312471,0.12344510546241211,0.023255813953488372,0.09518658734451055,0.16725256895619253,0.011627906976744184,0.05813953488372093,0.0,0.5432465951561098,0.22841210247340993,1.0958723528176513,1.839414896543487
61,9,86,321,0.04340183883180097,4.0,2.0,0.26744186046511625,0.26744186046511625,0.46511627906976744,1.0,0.09302325581395349,0.5465116279069767,0.023255813953488372,3.7325581395348837,1.2338535445426395,0.9823773741510949,2.3811029158675225,4.337275985663083,1.43130287858948,7.933796874815411,1.021472392638037,1.3714010318709016,0.0880205516495403,0.020416441319632234,0.11208761492698756,0.15724716062736616,0.011627906976744184,0.03488372093023256,0.0,0.5336637808497382,0.14673444868228744,0.6608561929534283,1.0464679302713893
61,10,86,386,0.05219037317468902,5.0,3.0,0.20930232558139536,0.03488372093023256,0.7558139534883721,1.2205882352941178,0.09302325581395349,0.6395348837209303,0.06976744186046512,4.488372093023256,1.223537711634429,0.8548995591450387,2.6112750419861372,8.45094549499444,2.2370346077263976,9.103868127465667,1.064039408866995,1.2499261150591905,0.11722552731206057,0.029745808545159545,0.1400757166035695,0.22376960519199568,0.011627906976744186,0.08139534883720931,0.0,0.6061609580264009,0.23069232242345855,0.8319464649290028,1.0257987866658609
62,1,94,633,0.07163875056586691,6.0,2.0,0.20212765957446807,0.07446808510638298,0.723404255319149,1.16,0.06382978723404255,0.6276595744680851,0.0851063829787234,6.73404255319149,1.194398513907362,0.7556880704018388,2.9128002557188073,7.148843068355101,2.046872297643541,9.621323560768252,1.1309192200557103,1.1340991568157057,0.21468990493435944,0.06518786781349027,0.2650520597555455,0.4516749660479855,0.010638297872340425,0.1276595744680851,0.0,0.6620487964517491,0.2769026664566198,1.0715907939720979,1.6506719275363189
62,2,94,631,0.07141240380262562,5.0,2.0,0.1276595744680851,0.05319148936170213,0.8191489361702128,1.0853658536585367,0.06382978723404255,0.7553191489361702,0.07446808510638298,6.712765957446808,1.0496595584223132,0.7881602264146564,2.7614696660526827,6.085448164146868,1.6604953103185767,8.910315776326016,1.0429447852760736,0.9707857658894332,0.23019465821638752,0.05387052965142598,0.29108193752829337,0.40765052059755547,0.010638297872340425,0.07446808510638298,0.0,0.6246533040560902,0.18531801998245317,0.705428055567527,1.1384875072361986
62,3,94,547,0.06190583974649162,5.0,2.0,0.1702127659574468,0.20212765957446807,0.6276595744680851,0.9615384615384616,0.0851063829787234,0.6702127659574468,0.05319148936170213,5.819148936170213,1.176626400851424,0.7530619872590653,2.7232833554816764,6.333133904199229,1.7793881109783296,10.19402803583639,1.0373001776198933,1.152756023255543,0.1923947487550928,0.047532820280669984,0.19748755092802173,0.34336803983703035,0.010638297872340424,0.05319148936170213,0.0,0.6149226442551611,0.21420616775028486,0.8360861220822448,1.055680712140385
62,4,94,537,0.0607741059302852,5.0,2.0,0.20212765957446807,0.20212765957446807,0.5957446808510638,1.0,0.07446808510638298,0.6063829787234043,0.031914893617021274,5.712765957446808,1.2234751618244213,0.7733563930649912,2.903207925866995,7.120019862133427,2.0516610901308576,10.4410330010015,1.0582010582010581,1.116638727195385,0.15187867813490266,0.041421457673155276,0.20043005885015844,0.34981892258940694,0.010638297872340429,0.031914893617021274,0.0,0.6268737169868059,0.2049042768180262,0.9905452641235677,1.4690377935728494
62,5,94,615,0.06960162969669534,5.0,2.0,0.22340425531914893,0.1276595744680851,0.648936170212766,1.1232876712328768,0.06382978723404255,0.6063829787234043,0.0851063829787234,6.542553191489362,1.1515973574664995,0.6704346617775652,2.784203178566129,9.329876596278186,2.0990414985403554,12.539558283846175,1.0603715170278638,1.1204936236173235,0.24162516976007242,0.07944771389769126,0.205636034404708,0.4004074241738343,0.010638297872340424,0.0851063829787234,0.0,0.6391886707411634,0.247510519145344,0.9035830869547442,1.7239874366105428
62,6,94,541,0.06122679945676777,5.0,2.0,0.1595744680851064,0.09574468085106383,0.7446808510638298,1.0759493670886076,0.07446808510638298,0.6702127659574468,0.06382978723404255,5.75531914893617,1.2564866379203417,0.6569199231573298,2.82092786549596,9.417036620187998,2.3047700894384238,12.38795660659308,1.0377697841726619,1.225338194549466,0.17881394296061567,0.05952919873245813,0.14814395654142146,0.3398596650067904,0.010638297872340425,0.07446808510638298,0.0,0.6093683754771916,0.22578903021768534,0.8619042377562068,1.2930356131968885
62,7,94,571,0.06462200090538706,5.0,2.0,0.1595744680851064,0.0,0.8404255319148937,1.1898734177215189,0.10638297872340426,0.6595744680851063,0.06382978723404255,6.074468085106383,1.1648743503224506,0.4259047923954033,3.0596611847735833,NaN,NaN,0.0,1.1400304414003044,1.0843992666843147,0.2519239474875509,0.0623585332729742,0.1337709370755998,0.3544590312358533,0.010638297872340424,0.06382978723404255,0.0,0.6083360155143916,0.24949966258862466,0.8691732563759672,1.522132349804189
62,8,94,613,0.06937528293345405,5.0,3.0,0.2127659574468085,0.06382978723404255,0.723404255319149,1.1891891891891893,0.07446808510638298,0.6595744680851063,0.07446808510638298,6.5212765957446805,1.1851841026773522,0.5391037513972796,2.67834313490323,8.259248685722243,1.8158453965711994,11.874891386965539,1.092814371257485,1.087672088506833,0.2605251244907198,0.06733816206428248,0.18458578542326845,0.4301720235400634,0.010638297872340429,0.07446808510638298,0.0,0.6648722580520722,0.2691419257391561,0.8934280814043476,1.19456714814444
62,9,94,521,0.05896333182435491,4.0,2.0,0.19148936170212766,0.0851063829787234,0.723404255319149,1.131578947368421,0.0425531914893617,0.6382978723404256,0.010638297872340425,5.542553191489362,1.145885644835563,0.6370186587043994,2.947113199701916,6.029739776951673,1.578983462191781,9.828817884199099,1.0,1.103426301458939,0.22159348121321865,0.022974196468990495,0.17621095518334087,0.3232231779085559,0.010638297872340429,0.010638297872340425,0.0,0.6234330971549678,0.09804109549792796,1.0092873474279254,1.530295652190436
62,10,94,704,0.07967406066093255,5.0,2.0,0.18085106382978725,0.0,0.8191489361702128,1.2207792207792207,0.0851063829787234,0.7021276595744681,0.11702127659574468,7.48936170212766,1.1198298502776325,0.5667409026274012,2.5737907503190454,NaN,NaN,0.0,1.13375,0.968523801825559,0.29708012675418743,0.08329560887279312,0.2576957899502037,0.5156179266636487,0.010638297872340425,0.11702127659574468,0.0,0.6585434125135182,0.2923935467622854,0.7085505815681812,0.9829609541410629
63,1,108,864,0.07407407407407407,4.0,2.0,0.17592592592592593,0.009259259259259259,0.8148148148148148,1.202247191011236,0.05555555555555555,0.6759259259259259,0.07407407407407407,8.0,1.2085414473267113,0.6313925419705833,2.690619261074368,6.3093189964157705,1.7280153888117746,7.933796874815411,1.005807200929152,1.0501034249941732,0.29835390946502055,0.06155692729766804,0.3088134430727023,0.6190843621399177,0.009259259259259257,0.07407407407407407,0.0,0.7119901041512982,0.1728773861967135,0.8241235910848814,1.0043170703296747
63,2,108,797,0.06832990397805212,6.0,2.0,0.14814814814814814,0.07407407407407407,0.7777777777777778,1.0869565217391304,0.10185185185185185,0.6574074074074074,0.08333333333333333,7.37962962962963,1.1682906967532658,0.5697302474083084,2.9498513837046634,8.13299467112123,1.981049410937962,12.532382707432319,1.066350710900474,1.0440398555419361,0.26560356652949246,0.06987311385459534,0.2171639231824417,0.47788065843621397,0.00925925925925926,0.09259259259259259,0.0,0.6607113281491901,0.256490847948642,0.8140727269666268,1.3046864758978354
63,3,108,713,0.06112825788751715,4.0,2.0,0.24074074074074073,0.037037037037037035,0.7222222222222222,1.2682926829268293,0.046296296296296294,0.6018518518518519,0.07407407407407407,6.601851851851852,1.380360584489646,0.6958133060406689,2.670882237510028,6.368385800401875,1.8991651562559204,7.30854279753919,1.0649867374005304,1.3408270654682832,0.21407750342935528,0.0625,0.2008744855967078,0.4837962962962963,0.009259259259259259,0.07407407407407407,0.0,0.6476652179227452,0.26360169926185406,0.9931661076593101,1.4642723688715344
63,4,108,643,0.05512688614540466,5.0,3.0,0.21296296296296297,0.0,0.7870370370370371,1.2705882352941176,0.12962962962962962,0.5370370370370371,0.05555555555555555,5.953703703703703,1.2298568286198455,0.569188257301483,2.528616221481419,NaN,NaN,0.0,1.1551724137931034,1.1119625638982236,0.1891289437585734,0.029663923182441702,0.1542352537722908,0.34233539094650206,0.009259259259259259,0.06481481481481481,0.0,0.6478374311258217,0.21279653876717206,0.6691989429833707,1.1917378243968761
63,5,108,777,0.06661522633744855,5.0,2.0,0.19444444444444445,0.0,0.8055555555555556,1.2413793103448276,0.05555555555555555,0.6574074074074074,0.06481481481481481,7.194444444444445,1.1628410291928664,0.5929042034253482,2.7201484603776738,NaN,NaN,0.0,1.1870824053452116,1.0380368937056026,0.2614883401920439,0.05126886145404664,0.23156721536351166,0.4576474622770919,0.00925925925925926,0.07407407407407407,0.0,0.6503827293977102,0.20724429399777852,0.8130422674531653,1.1829309431097603
63,6,108,656,0.056241426611796985,5.0,2.0,0.21296296296296297,0.037037037037037035,0.75,1.223529411764706,0.018518518518518517,0.6574074074074074,0.06481481481481481,6.074074074074074,1.2696174762837016,0.737539442520019,2.7733318191809184,6.226037442843586,1.7127089759257255,9.357984213888745,1.028443113772455,1.2119270964372344,0.1732681755829904,0.042095336076817556,0.18621399176954734,0.36899862825788754,0.00925925925925926,0.07407407407407407,0.0,0.6384689924838555,0.19905603378891346,0.9942656829937058,1.2666435527934181
63,7,108,720,0.06172839506172839,4.0,2.0,0.19444444444444445,0.0,0.8055555555555556,1.2413793103448276,0.046296296296296294,0.6944444444444444,0.05555555555555555,6.666666666666667,1.1649676101550122,0.5589960961527538,2.7296480042123714,NaN,NaN,0.0,1.1407942238267148,1.0568534677695145,0.2417695473251029,0.05049725651577503,0.18518518518518517,0.39531893004115226,0.009259259259259259,0.05555555555555555,0.0,0.6239447281626298,0.22078438394885452,0.835769833066001,1.2219036526360378
63,8,108,663,0.05684156378600823,4.0,3.0,0.19444444444444445,0.009259259259259259,0.7962962962962963,1.2298850574712643,0.09259259259259259,0.6388888888888888,0.06481481481481481,6.138888888888889,1.264820960530026,0.49622054176755853,2.5230978118528933,0.0,NaN,0.0,1.1050477489768076,1.0930910199975021,0.19272976680384088,0.03660836762688614,0.14857681755829905,0.3786008230452675,0.009259259259259259,0.06481481481481481,0.0,0.6388210048573557,0.21318254400179854,0.7632390466892423,1.0520314965242785
63,9,108,685,0.058727709190672155,5.0,2.0,0.17592592592592593,0.0,0.8240740740740741,1.2134831460674158,0.07407407407407407,0.6574074074074074,0.037037037037037035,6.342592592592593,1.215763745769583,0.5768487300970832,2.7675200323465123,NaN,NaN,0.0,1.1074705111402359,1.1086513114297112,0.22633744855967078,0.03463648834019204,0.18227023319615912,0.389917695473251,0.009259259259259259,0.037037037037037035,0.0,0.6302824690610279,0.22992593492644633,0.7618624840884735,1.308956350987686
63,10,108,848,0.07270233196159122,5.0,2.0,0.21296296296296297,0.12037037037037036,0.6666666666666666,1.1176470588235294,0.1574074074074074,0.5185185185185185,0.046296296296296294,7.851851851851852,1.369128250202566,0.7429915958341132,2.5276220446079503,7.059638127495086,1.6524218913634412,12.26984055732462,1.0622914349276975,1.3135647566080138,0.25522976680384085,0.10708161865569273,0.29226680384087794,0.66349451303155,0.009259259259259259,0.05555555555555555,0.0,0.6564136437787305,0.21885881580961683,0.7571202688964815,1.064071235696643
64,1,112,872,0.06951530612244898,4.0,2.0,0.16071428571428573,0.017857142857142856,0.8214285714285714,1.1702127659574468,0.08928571428571429,0.6875,0.05357142857142857,7.785714285714286,1.2018427489490253,0.5244770607040844,3.0611024849512094,7.042814435191117,1.695142227413047,9.837988570303432,1.1417244796828543,1.0843817689647866,0.30117984693877553,0.07493622448979592,0.22935267857142858,0.5285395408163265,0.00892857142857143,0.05357142857142857,0.0,0.6663478021952739,0.22405525301292678,0.8662951663968023,1.5047342392370355
64,2,112,643,0.051259566326530615,5.0,2.0,0.20535714285714285,0.07142857142857142,0.7232142857142857,1.1685393258426966,0.10714285714285714,0.5625,0.044642857142857144,5.741071428571429,1.3760478867736141,0.7005468510477346,3.0375145971382778,7.972679791080755,2.0195874463052443,10.217531575165962,1.1272229822161424,1.3418622482033054,0.15760522959183673,0.043447066326530615,0.14612563775510204,0.3440688775510204,0.008928571428571428,0.044642857142857144,0.0,0.6136960295904386,0.22935710272867924,0.9508542291587577,1.7146041217270354
64,3,112,756,0.060267857142857144,5.0,4.0,0.16964285714285715,0.008928571428571428,0.8214285714285714,1.1935483870967742,0.09821428571428571,0.6785714285714286,0.08928571428571429,6.75,1.356999036350528,0.48771661559429813,2.7547989777049087,5.448581560283688,1.358110492579162,7.944492163932159,1.194535519125683,1.2851646278916657,0.2302295918367347,0.06552933673469388,0.1480389030612245,0.45137117346938777,0.008928571428571428,0.08928571428571429,0.0,0.6187374910187512,0.293341794260341,0.779135955508728,1.1873190301397896
64,4,112,776,0.06186224489795918,5.0,2.0,0.19642857142857142,0.0,0.8035714285714286,1.2444444444444445,0.09821428571428571,0.5892857142857143,0.026785714285714284,6.928571428571429,1.1860228245761901,0.7064622776350645,2.8211693776890705,NaN,NaN,0.0,1.1526548672566372,1.1331287601311566,0.2515146683673469,0.03380102040816327,0.2528698979591837,0.43558673469387754,0.00892857142857143,0.026785714285714284,0.0,0.6837853662744002,0.19583204397458642,0.7512882489643984,1.2769712720377941
64,5,112,794,0.06329719387755102,5.0,2.0,0.1875,0.09821428571428571,0.7142857142857143,1.10989010989011,0.03571428571428571,0.7232142857142857,0.05357142857142857,7.089285714285714,1.0167520127746912,0.6224065870552946,2.7872572674343945,7.685193982581156,1.878071957756523,11.928736865132537,1.0295566502463054,0.9784008587125661,0.2970344387755102,0.04201211734693878,0.23357780612244897,0.3776307397959184,0.008928571428571428,0.05357142857142857,0.0,0.6780508946592814,0.1697877671926924,0.8174080159973164,1.342964815783811
64,6,112,1074,0.0856186224489796,4.0,2.0,0.13392857142857142,0.21428571428571427,0.6517857142857143,0.9072164948453608,0.05357142857142857,0.7678571428571429,0.05357142857142857,9.589285714285714,1.0620587102471777,0.7835844548612688,3.020828183981014,7.495276610644257,1.756656721189864,12.562347509447566,1.0299727520435968,0.9949569578218886,0.3643176020408163,0.1291454081632653,0.47433035714285715,0.6838329081632653,0.008928571428571428,0.08035714285714286,0.0,0.7065416515821976,0.2028765027562281,0.9237481036923263,1.078670059015062
64,7,112,787,0.06273915816326531,5.0,2.0,0.14285714285714285,0.0,0.8571428571428571,1.1666666666666667,0.044642857142857144,0.6517857142857143,0.08035714285714286,7.026785714285714,1.2026355258325276,0.6305251410174922,3.2242530768723623,NaN,NaN,0.0,1.1754574811625405,1.137131146291208,0.23381696428571427,0.07055165816326531,0.19674744897959184,0.42028061224489793,0.008928571428571428,0.08035714285714286,0.0,0.6430765423690002,0.24683806705116826,0.7331096040395294,1.5987997823235942
64,8,112,856,0.06823979591836735,5.0,3.0,0.15178571428571427,0.0,0.8482142857142857,1.1789473684210525,0.08035714285714286,0.6964285714285714,0.08035714285714286,7.642857142857143,1.1379196419075375,0.4780408419641145,3.0201134798473404,NaN,NaN,0.0,1.2685765443151298,1.0201856541759804,0.28419961734693877,0.06855867346938775,0.20344387755102042,0.4486607142857143,0.008928571428571428,0.10714285714285714,0.0,0.6532902535944505,0.2524567825589515,0.8480575404687306,1.3231724592396226
64,9,112,816,0.06505102040816327,5.0,2.0,0.14285714285714285,0.008928571428571428,0.8482142857142857,1.15625,0.10714285714285714,0.6785714285714286,0.0625,7.285714285714286,1.162083018606005,0.6760409942374481,3.1940937821054005,6.7317073170731705,1.81166580481169,8.717518372649767,1.158168574401665,1.0545156342824553,0.24083227040816327,0.05699936224489796,0.24920280612244897,0.4526466836734694,0.00892857142857143,0.07142857142857142,0.0,0.6449832918393247,0.21547089571645398,0.8659119739135112,1.6669594751182144
64,10,112,872,0.06951530612244898,6.0,2.0,0.1875,0.15178571428571427,0.6607142857142857,1.043956043956044,0.13392857142857142,0.5982142857142857,0.03571428571428571,7.785714285714286,1.2808613023884496,0.7703390868741733,2.7432259503341463,7.708033463213385,2.1606922143105054,11.3766474466776,1.0756123535676252,1.147372361744573,0.21308992346938777,0.07469706632653061,0.31505102040816324,0.5957429846938775,0.00892857142857143,0.044642857142857144,0.0,0.6626754252940911,0.2043349858634659,0.8797180140788297,1.1680138741621142
65,1,96,644,0.06987847222222222,5.0,2.0,0.20833333333333334,0.020833333333333332,0.7708333333333334,1.236842105263158,0.07291666666666667,0.5729166666666666,0.07291666666666667,6.708333333333333,1.4392567677706758,0.5432810551471837,2.8535678720828432,7.097027662383667,2.0568584014814015,10.343450701051859,1.0548961424332344,1.280477417011712,0.20149739583333334,0.0818142361111111,0.1789279513888889,0.5793185763888888,0.010416666666666666,0.08333333333333333,0.0,0.6760461166410683,0.3019931693377497,0.9909739886560535,1.356252005150107
65,2,96,625,0.06781684027777778,6.0,3.0,0.15625,0.14583333333333334,0.6979166666666666,1.0123456790123457,0.052083333333333336,0.6666666666666666,0.08333333333333333,6.510416666666667,1.1633951505015507,0.7201012700710191,2.9949412165806564,7.695301416924471,2.216024290101018,10.976901684181144,1.0818452380952381,1.102639344577603,0.2124565972222222,0.061957465277777776,0.22819010416666666,0.4041883680555556,0.01041666666666667,0.10416666666666667,0.0,0.5899644449210204,0.2567400327108746,0.7637906126684579,1.6189047382717858
65,3,96,628,0.0681423611111111,5.0,2.0,0.20833333333333334,0.0,0.7916666666666666,1.263157894736842,0.09375,0.6041666666666666,0.0625,6.541666666666667,1.228932636420633,0.6657437456541989,2.562888006215964,NaN,NaN,0.0,1.0048,1.1298784416011545,0.23524305555555555,0.053059895833333336,0.2290581597222222,0.4654947916666667,0.010416666666666666,0.0625,0.0,0.6755839497514545,0.19615941895692215,0.7154041187619221,1.07632415018042
65,4,96,561,0.060872395833333336,6.0,3.0,0.15625,0.010416666666666666,0.8333333333333334,1.1728395061728396,0.052083333333333336,0.7083333333333334,0.052083333333333336,5.84375,1.1060335755751534,0.6673118384767657,3.849334353166025,8.282120743034056,1.4564624085649018,8.550241045462437,1.1626506024096386,1.1115356734449544,0.2218967013888889,0.04676649305555555,0.1748046875,0.3044704861111111,0.010416666666666666,0.0625,0.0,0.5911222102444661,0.23944170320418248,1.1027494614281945,2.4757101606562033
65,5,96,672,0.07291666666666667,4.0,3.0,0.14583333333333334,0.0625,0.7916666666666666,1.0975609756097562,0.0625,0.7604166666666666,0.08333333333333333,7.0,1.0374305199775455,0.6214912249117601,3.1669349494052166,9.021989986589933,2.1635285459665163,12.37952582761193,1.1063257065948855,0.9989611503348206,0.3084852430555556,0.07063802083333333,0.23860677083333334,0.4096137152777778,0.01041666666666667,0.08333333333333333,0.0,0.6373519743262995,0.2652650595533912,0.9320054968178462,1.4259279289247409
65,6,96,639,0.0693359375,5.0,2.0,0.1875,0.19791666666666666,0.6145833333333334,0.9871794871794872,0.052083333333333336,0.6354166666666666,0.0625,6.65625,1.2319110210337083,0.6909863389047471,2.8460672195861654,7.438369298079779,2.0515161018848653,11.212549835792755,1.053811659192825,1.135817320278853,0.2216796875,0.0705295138888889,0.22884114583333334,0.466796875,0.010416666666666664,0.0625,0.0,0.6415958456118253,0.22419027271899872,0.8930160556259918,1.3730431021177205
65,7,96,674,0.07313368055555555,4.0,3.0,0.16666666666666666,0.010416666666666666,0.8229166666666666,1.1875,0.052083333333333336,0.7083333333333334,0.09375,7.020833333333333,1.038263088545451,0.7367730770516796,2.994612542278541,0.0,NaN,0.0,1.2584650112866818,1.049186994914661,0.2845052083333333,0.0712890625,0.2719184027777778,0.40234375,0.010416666666666666,0.11458333333333333,0.0,0.6404273634333176,0.2567746909085303,0.7631336454922544,1.358024429712531
65,8,96,615,0.06673177083333333,4.0,2.0,0.14583333333333334,0.16666666666666666,0.6875,0.975609756097561,0.07291666666666667,0.6979166666666666,0.07291666666666667,6.40625,1.1133961940300288,0.650771314035638,2.946190414518243,7.959849170702552,2.0122298814119346,11.64194293515849,1.1385714285714286,1.1126280414707526,0.2509765625,0.06065538194444445,0.1960720486111111,0.3586154513888889,0.010416666666666666,0.10416666666666667,0.0,0.612434162594504,0.2399939727972107,0.8001633459676782,1.277599912782072
65,9,96,577,0.06260850694444445,5.0,2.0,0.21875,0.0,0.78125,1.28,0.16666666666666666,0.5625,0.041666666666666664,6.010416666666667,1.371666904504065,0.47520559992977496,2.582089242355625,NaN,NaN,0.0,1.2204836415362732,1.2546114081849264,0.2060546875,0.05381944444444445,0.1391059027777778,0.4337022569444444,0.010416666666666663,0.0625,0.0,0.6579910758206576,0.3038862268291774,0.8083917008701114,1.2000232341985424
65,10,96,553,0.060004340277777776,6.0,2.0,0.17708333333333334,0.0,0.8229166666666666,1.2151898734177216,0.07291666666666667,0.6041666666666666,0.125,5.760416666666667,1.0030346677589554,0.6997391136022368,2.660644699560188,NaN,NaN,0.0,1.1637795275590552,1.0313317249864338,0.1929253472222222,0.048285590277777776,0.1564670138888889,0.2472873263888889,0.010416666666666666,0.125,0.0,0.6221551148648888,0.28036940022016454,0.7483603203876218,1.2650897988593957
66,1,83,404,0.05864421541588039,5.0,2.0,0.20481927710843373,0.04819277108433735,0.7469879518072289,1.196969696969697,0.04819277108433735,0.6746987951807228,0.0963855421686747,4.867469879518072,1.0464750766505935,0.7215755301872434,3.0437279011702767,6.065862708719852,1.806396287250727,6.982862751468942,1.169811320754717,1.0399656975788918,0.16214254608796633,0.037305849905646685,0.14486863115111046,0.2236899404848309,0.012048192771084336,0.0963855421686747,0.0,0.5919642586380643,0.21327635326945257,1.0417632562400647,1.9493290655732651
66,2,83,387,0.05617651328204384,6.0,3.0,0.18072289156626506,0.0,0.8192771084337349,1.2205882352941178,0.060240963855421686,0.6144578313253012,0.08433734939759036,4.662650602409639,1.251138630006467,0.6488603490218225,3.069456045372003,NaN,NaN,0.0,1.1441441441441442,1.218574250712346,0.14806212803019306,0.032225286688924375,0.11743358978080999,0.25388300188706636,0.01204819277108434,0.08433734939759036,0.0,0.6410661106961628,0.3014859380883445,1.0296713606264305,1.771901534791385
66,3,83,413,0.059950645957323266,5.0,2.0,0.21686746987951808,0.012048192771084338,0.7710843373493976,1.2615384615384615,0.08433734939759036,0.4939759036144578,0.07228915662650602,4.975903614457831,1.2787539972187447,0.5232866891082985,2.9064140600550163,0.0,NaN,0.0,1.1467505241090146,1.2618571983856062,0.18435186529249528,0.055595877485847,0.09885324430251125,0.29176948758890986,0.012048192771084336,0.07228915662650602,0.0,0.6553373026639854,0.2505482459806903,0.9680560013940752,1.6287810004279215
66,4,83,405,0.0587893743649296,5.0,3.0,0.1927710843373494,0.0,0.8072289156626506,1.2388059701492538,0.0963855421686747,0.5783132530120482,0.08433734939759036,4.879518072289157,1.3912104121611277,0.5054489135103148,2.7374277310291313,NaN,NaN,0.0,1.0933940774487472,1.284675750113691,0.15256205545071855,0.03904775729423719,0.10465960226447961,0.32588184061547393,0.012048192771084338,0.08433734939759036,0.0,0.636577685841199,0.2963976301142519,0.8257915035426063,1.3846668141886003
66,5,83,509,0.07388590506604732,4.0,2.0,0.24096385542168675,0.0,0.7590361445783133,1.3174603174603174,0.08433734939759036,0.6265060240963856,0.08433734939759036,6.132530120481928,1.2967327188221343,0.4877147905468691,2.253930743812759,NaN,NaN,0.0,1.1299826689774697,1.2002087701699997,0.24067353752358833,0.07417622296414574,0.15575555232980112,0.4594280737407461,0.012048192771084338,0.0963855421686747,0.0,0.6579647867441393,0.2880582340321074,0.6930532084423754,0.8381952854739302
66,6,83,355,0.051531426912469154,6.0,2.0,0.2289156626506024,0.10843373493975904,0.6626506024096386,1.15625,0.07228915662650602,0.5662650602409639,0.024096385542168676,4.27710843373494,1.6079842613900628,0.5613087990531458,2.8276332450435966,5.558874836458788,1.839740854288771,8.43076346341785,1.011204481792717,1.4954366488112576,0.11554652344317028,0.030193061402235447,0.08680505153142691,0.3347365365074757,0.01204819277108434,0.024096385542168676,0.0,0.5965778268610336,0.20518760664920846,0.9900423478913786,1.6190737600592329
66,7,83,349,0.0506604732181739,6.0,2.0,0.1927710843373494,0.2289156626506024,0.5783132530120482,0.9552238805970149,0.1927710843373494,0.5421686746987951,0.03614457831325301,4.204819277108434,1.2187650722389256,0.8236390168023325,2.6263392785018658,6.983268371518205,1.7991212712536189,9.260938424739274,1.0415512465373962,1.2316859593917182,0.11075627812454637,0.030773697198432284,0.1193206561184497,0.20539991290463058,0.012048192771084338,0.03614457831325301,0.0,0.5766858498989778,0.21601622697235465,0.8888425519008611,1.1216573834157015
66,8,83,334,0.048483088982435765,5.0,3.0,0.1566265060240964,0.0,0.8433734939759037,1.1857142857142857,0.03614457831325301,0.6626506024096386,0.060240963855421686,4.024096385542169,1.3114996144956332,0.6412123129439058,3.967444089412312,NaN,NaN,0.0,1.0784313725490196,1.3294748603018276,0.12773987516330382,0.026854405574103644,0.0834663957032951,0.20641602554797503,0.012048192771084336,0.060240963855421686,0.0,0.5504216030970106,0.3165504076291965,1.4239531935127436,2.762630003650907
66,9,83,380,0.055160400638699376,5.0,2.0,0.21686746987951808,0.13253012048192772,0.6506024096385542,1.1076923076923078,0.12048192771084337,0.5301204819277109,0.0963855421686747,4.578313253012048,1.2487470918371195,0.6831876179074653,2.5599784281512266,6.606176241961699,1.7155332788508366,9.557540571952371,1.0723192019950125,1.2272366891612907,0.1418202932210771,0.030338220351284657,0.11946581506749891,0.24764116707795036,0.012048192771084338,0.0963855421686747,0.0,0.6264514681923409,0.2117784626255662,0.7948457982393868,1.2755286286563428
66,10,83,383,0.055595877485847,7.0,2.0,0.18072289156626506,0.04819277108433735,0.7710843373493976,1.161764705882353,0.07228915662650602,0.6024096385542169,0.060240963855421686,4.614457831325301,1.1600458346105826,0.6275670174955718,3.131964796837513,6.636026380873867,2.023329021081639,7.793999089503996,1.1105882352941177,1.105951974838722,0.14951371752068515,0.035273624618957757,0.11133691392074321,0.22949629844679925,0.012048192771084338,0.060240963855421686,0.0,0.574648796232593,0.20782407866429778,1.0884491352307537,1.565640760887315
67,1,93,541,0.06255058388252978,5.0,2.0,0.22580645161290322,0.043010752688172046,0.7311827956989247,1.2361111111111112,0.0967741935483871,0.5913978494623656,0.06451612903225806,5.817204301075269,1.2818950593145455,0.6290398666855753,2.7880441542025145,8.81081081081081,2.1620888317755544,9.190647738630446,1.1200657894736843,1.2329647163208273,0.19840443981963232,0.06127876055035264,0.1551624465256099,0.37669094693028093,0.01075268817204301,0.06451612903225806,0.0,0.6217137141178448,0.27463469131394935,0.9871720535341808,1.6215724180673663
67,2,93,458,0.0529540987397387,6.0,3.0,0.12903225806451613,0.1935483870967742,0.6774193548387096,0.9259259259259259,0.053763440860215055,0.6881720430107527,0.053763440860215055,4.924731182795699,1.1334372815037805,0.7199317516789209,3.0619012317010292,8.36540137649145,1.9654799992197325,10.41250153627285,1.115234375,1.1636099365043362,0.14672216441207075,0.028905075731298416,0.1314602844259452,0.2135506995028327,0.010752688172043013,0.07526881720430108,0.0,0.5847914539700544,0.19611743254519323,0.827346083193839,1.3680529249682276
67,3,93,574,0.06636605387906117,4.0,3.0,0.20430107526881722,0.053763440860215055,0.7419354838709677,1.1891891891891893,0.08602150537634409,0.6451612903225806,0.08602150537634409,6.172043010752688,1.0841417666230795,0.6897268860233066,2.716338824371058,6.501250240430852,1.7849542639057447,9.24936875894366,1.1170046801872076,1.0637581487728287,0.2154006243496358,0.06971904266389178,0.18903919528269164,0.32211816394958953,0.010752688172043013,0.0967741935483871,0.0,0.6355574026479712,0.2936380284417028,0.8530647965287451,1.0950528146876128
67,4,93,586,0.06775349751416349,4.0,2.0,0.26881720430107525,0.06451612903225806,0.6666666666666666,1.2794117647058822,0.10752688172043011,0.5376344086021505,0.07526881720430108,6.301075268817204,1.2985737291710988,0.5241616354163757,2.2736430141316406,7.086566945453404,1.6219886451330503,11.46722701651848,1.085308056872038,1.226542187896868,0.24395883917215863,0.07075962539021852,0.1571279916753382,0.45334720776968435,0.010752688172043012,0.07526881720430108,0.0,0.6490434437987573,0.2684065533602588,0.676834980252069,0.9225223525657636
67,5,93,551,0.06370678691178171,5.0,2.0,0.21505376344086022,0.0,0.7849462365591398,1.273972602739726,0.07526881720430108,0.6451612903225806,0.11827956989247312,5.924731182795699,1.2470855483636656,0.5309712420932335,2.31529749668563,NaN,NaN,0.0,1.2405797101449276,1.1872765738692495,0.20453231587466758,0.05434154237484102,0.13643195745172854,0.3598103827032027,0.010752688172043013,0.16129032258064516,0.0,0.6227716161172666,0.284986727492224,0.6702865401277333,0.8316341651793775
67,6,93,513,0.05931321540062435,7.0,2.0,0.1827956989247312,0.21505376344086022,0.6021505376344086,0.9605263157894737,0.06451612903225806,0.6559139784946236,0.043010752688172046,5.516129032258065,1.0905442593783303,0.7105218688617684,3.111911899199513,6.390758401946514,1.6668577322719427,10.737070361537285,1.053903345724907,1.1560188073931519,0.21748178980228927,0.04694184298762863,0.1659151346976529,0.27644814429413805,0.010752688172043005,0.043010752688172046,0.0,0.5963641436365954,0.20179744400989386,0.9057673464532605,1.7227557303341217
67,7,93,636,0.07353451266042317,5.0,2.0,0.22580645161290322,0.12903225806451613,0.6451612903225806,1.125,0.0,0.6559139784946236,0.0967741935483871,6.838709677419355,1.067006463811214,0.6418520323654824,2.6395043980437958,7.689445751490945,2.0328268234731355,11.759308866809755,1.0899854862119014,1.017737899915899,0.2907850618568621,0.06636605387906117,0.2410683315990288,0.4181986356804255,0.010752688172043012,0.0967741935483871,0.0,0.6418588494573892,0.21583604494104439,0.7549575364398606,1.4571043685844205
67,8,93,611,0.07064400508729334,5.0,2.0,0.17204301075268819,0.0,0.8279569892473119,1.2077922077922079,0.08602150537634409,0.5698924731182796,0.10752688172043011,6.56989247311828,1.1320232127539636,0.5585314969326445,3.1352084839111556,NaN,NaN,0.0,1.3763188745603752,1.0517769348678478,0.2409527112961036,0.06856283963463984,0.1802520522603769,0.38420626662041857,0.010752688172043012,0.13978494623655913,0.0,0.6434434391594901,0.2817511823146516,0.9376567786361459,1.607501408006228
67,9,93,590,0.06821597872586427,4.0,2.0,0.24731182795698925,0.0,0.7526881720430108,1.3285714285714285,0.06451612903225806,0.6344086021505376,0.06451612903225806,6.344086021505376,1.2621931691971162,0.6071578834638741,2.4487193828598306,NaN,NaN,0.0,1.136094674556213,1.163648293766474,0.22534397040120246,0.06890970054341543,0.18834547346514047,0.44594750838247194,0.010752688172043008,0.06451612903225806,0.0,0.6500803712344772,0.23919788382842708,0.7377915275723405,1.2044394440717654
67,10,93,471,0.054457162677766215,6.0,2.0,0.20430107526881722,0.21505376344086022,0.5806451612903226,0.9864864864864865,0.08602150537634409,0.5913978494623656,0.053763440860215055,5.064516129032258,1.2917683438923846,0.6979815494746259,2.69461075312485,7.4922222004813435,1.9608027323015438,10.841676753111399,1.066132264529058,1.2200415808633673,0.13180714533472077,0.044051335414498786,0.1278760550352642,0.284194704590126,0.010752688172043013,0.06451612903225806,0.0,0.6081681039079357,0.23790531175516177,0.8664291797953948,1.1491194979931432
68,1,107,1117,0.09756310594811773,4.0,2.0,0.06542056074766354,0.009345794392523364,0.9252336448598131,1.06,0.028037383177570093,0.8411214953271028,0.09345794392523364,10.439252336448599,0.9674707038376552,0.5098104145925875,4.031275014776161,14.27330155477386,2.542264128618206,18.321103903884666,1.091878589007383,0.8841437790795146,0.5369027862695432,0.21495327102803738,0.34858939645383874,0.6674818761463883,0.009345794392523364,0.14018691588785046,0.0,0.6753865985240411,0.3630087472930411,0.9921103790498114,1.8048478847692473
68,2,107,936,0.0817538649663726,4.0,2.0,0.1588785046728972,0.0,0.8411214953271028,1.1888888888888889,0.1308411214953271,0.6448598130841121,0.037383177570093455,8.74766355140187,1.0451447378205316,0.6523822667672055,2.987322342399556,NaN,NaN,0.0,1.057633973710819,1.044222702271653,0.4444056249454101,0.11337234692986287,0.3508603371473491,0.5845051969604332,0.009345794392523364,0.037383177570093455,0.0,0.655173806040768,0.25138545963460796,0.7208280429719424,1.4054776656155556
68,3,107,898,0.0784347977989344,5.0,3.0,0.1308411214953271,0.0,0.8691588785046729,1.1505376344086022,0.09345794392523364,0.6915887850467289,0.07476635514018691,8.392523364485982,1.1488149478780187,0.4923064031146872,3.074061420575594,NaN,NaN,0.0,1.1231527093596059,1.092062614754655,0.4023058782426413,0.11197484496462573,0.24910472530351996,0.5873875447637348,0.009345794392523364,0.09345794392523364,0.0,0.6452737907414173,0.27332714070785824,0.7329913106089775,1.372763414668815
68,4,107,897,0.07834745392610708,6.0,4.0,0.08411214953271028,0.0,0.9158878504672897,1.0918367346938775,0.04672897196261682,0.8037383177570093,0.07476635514018691,8.383177570093459,1.0729087889011324,0.6050677973616994,3.7723189210581523,NaN,NaN,0.0,1.2897033158813263,1.0306331610818054,0.3721722421172155,0.08559699537077474,0.30404402131190494,0.5279937112411565,0.009345794392523364,0.09345794392523364,0.0,0.6445701687879691,0.23341923902859207,0.9427603198364358,1.817825616784492
68,5,107,806,0.07039916149882086,4.0,2.0,0.14018691588785046,0.018691588785046728,0.8411214953271028,1.141304347826087,0.1308411214953271,0.6542056074766355,0.037383177570093455,7.5327102803738315,1.2339887237920721,0.5810477073440283,2.9730109940884533,6.932691243219307,1.6070036404271868,9.801786997709788,1.0917327293318233,1.1154015277853164,0.28500305703554896,0.07293213381081318,0.2418551838588523,0.543366232858765,0.009345794392523362,0.04672897196261682,0.0,0.6587030954410693,0.23364675703888696,0.7701807470948263,1.2494652037795133
68,6,107,710,0.06201414970739803,5.0,2.0,0.16822429906542055,0.102803738317757,0.7289719626168224,1.0786516853932584,0.04672897196261682,0.719626168224299,0.11214953271028037,6.635514018691588,1.1485489045930406,0.6922845218116306,3.002338659397631,10.789119576768703,2.435393569676048,14.499468647854208,1.0292072322670376,1.1730533362644653,0.22919032229889072,0.07773604681631584,0.18246135033627392,0.3567123766267796,0.009345794392523364,0.11214953271028037,0.0,0.6152558712776088,0.2951425949585992,0.9149728634800117,1.466604732529761
68,7,107,891,0.07782339068914315,5.0,2.0,0.1588785046728972,0.0,0.8411214953271028,1.1888888888888889,0.028037383177570093,0.7289719626168224,0.102803738317757,8.327102803738319,1.0996239841655002,0.612068085472338,3.212119215187934,NaN,NaN,0.0,1.2488967343336275,1.082849648376215,0.35898331732029,0.10987859201677003,0.27242553934841474,0.525722770547646,0.009345794392523364,0.1308411214953271,0.0,0.6545369782780548,0.3132409062693031,0.907252042416686,1.5249855134728318
68,8,107,792,0.06917634727923837,5.0,3.0,0.14953271028037382,0.0,0.8504672897196262,1.1758241758241759,0.06542056074766354,0.7289719626168224,0.08411214953271028,7.401869158878505,1.1655648677449884,0.5613037409659344,3.0623463402600324,NaN,NaN,0.0,1.1814345991561181,1.0995712076995134,0.2917285352432527,0.07712463970652458,0.21364311293562757,0.4644073718228666,0.009345794392523367,0.11214953271028037,0.0,0.6587384378718334,0.27868185409703383,0.8832874913206934,1.4064688924411723
68,9,107,916,0.08000698750982618,5.0,2.0,0.17757009345794392,0.0,0.822429906542056,1.2159090909090908,0.07476635514018691,0.6728971962616822,0.04672897196261682,8.560747663551401,1.3193546141041232,0.6204356666227852,3.035034309146466,NaN,NaN,0.0,1.1498091603053435,1.20069523123259,0.30517949165866015,0.13153987247794569,0.29417416368241767,0.7471394881649053,0.009345794392523367,0.056074766355140186,0.0,0.6793827928946324,0.35212075509040724,0.8975459607701807,1.4909890640281143
68,10,107,978,0.0854223076251201,4.0,3.0,0.14018691588785046,0.1308411214953271,0.7289719626168224,1.0108695652173914,0.06542056074766354,0.7102803738317757,0.037383177570093455,9.14018691588785,1.1666422931152158,0.7595486079136834,3.1753552512268697,9.44353171081451,1.9928546904189823,13.438949183217947,1.0625601539942253,1.027849956304986,0.2937374443182811,0.1337234692986287,0.4341863918246135,0.7260896148135209,0.009345794392523364,0.037383177570093455,0.0,0.709653438287272,0.24064614286576141,0.9887126641125639,1.3164500144793962
69,1,217,783,0.016628087239057954,6.0,2.0,0.31797235023041476,0.12903225806451613,0.5529953917050692,1.277027027027027,0.1336405529953917,0.48847926267281105,0.009216589861751152,3.608294930875576,1.2367770331475467,0.7336547418394627,2.2038177114044606,5.892509112549282,1.53977362528167,9.506213803454253,1.0,1.2217297517125887,0.040391598887213574,0.0021448745991632864,0.03531610354859946,0.06513198411518614,0.004608294930875576,0.009216589861751152,0.0,0.5974604460679067,0.04158233414430948,0.6611390199411274,0.9911674302941051
69,2,217,828,0.017583724436704962,6.0,2.0,0.2488479262672811,0.07373271889400922,0.6774193548387096,1.2331288343558282,0.17050691244239632,0.5069124423963134,0.013824884792626729,3.815668202764977,1.2055643558066007,0.7448242060310833,2.5044560223237062,6.206658469686938,1.8024726375540643,9.266058860732526,1.0350877192982457,1.183016252393021,0.04438403873516108,0.0019325107774639512,0.041198581409671045,0.07103569835842766,0.004608294930875576,0.013824884792626729,0.0,0.5445722533693526,0.056776232848477874,0.7994860332104344,1.261565940703199
69,3,217,717,0.01522648601584234,6.0,2.0,0.3317972350230415,0.15207373271889402,0.5161290322580645,1.2689655172413794,0.10599078341013825,0.45622119815668205,0.009216589861751152,3.304147465437788,1.3506573425534767,0.7251229201814785,2.287835582549473,6.4014182980423495,2.033278717107223,9.211539652551664,1.0,1.3333081874826482,0.034190575293592984,0.0015290195162352142,0.028966425279789335,0.06164921743931704,0.004608294930875575,0.009216589861751152,0.0,0.5464765835992035,0.04910527097640992,0.7877688489953061,1.1971093058506577
69,4,217,717,0.01522648601584234,8.0,2.0,0.29493087557603687,0.12903225806451613,0.576036866359447,1.2352941176470589,0.11981566820276497,0.4423963133640553,0.02304147465437788,3.304147465437788,1.411754643831118,0.7704887178938467,2.4027235236276003,5.693970893970894,1.85127659392783,8.478452363099807,1.0753246753246752,1.387324770407649,0.030962645203763087,0.002123638216993353,0.029815880566586676,0.0646647837074476,0.004608294930875576,0.02304147465437788,0.0,0.5629284257718932,0.0744105250134679,0.8124934635019252,1.2798687137332438
69,5,217,882,0.018730489073881373,7.0,2.0,0.2626728110599078,0.1336405529953917,0.6036866359447005,1.175,0.08294930875576037,0.576036866359447,0.02304147465437788,4.064516129032258,1.2005399630918192,0.712811611712824,2.436777870489873,5.923694779116466,1.7996239739977524,9.62832676063802,1.0709745762711864,1.1837873383356208,0.05039393488925227,0.004162330905306972,0.04327974686232453,0.07810741362101552,0.004608294930875574,0.02304147465437788,0.0,0.5815699223417636,0.07663266942498911,0.7490513022122968,1.0787880483796972
69,6,217,873,0.01853936163435197,8.0,2.0,0.23963133640552994,0.18433179723502305,0.576036866359447,1.0727272727272728,0.10599078341013825,0.5714285714285714,0.027649769585253458,4.023041474654378,1.2262607968479808,0.7400992083050094,2.6555195770667135,6.880422242731887,2.51827030649117,9.760540543216194,1.0125284738041003,1.1870323859323892,0.04567945804752702,0.004098621758797171,0.043831892798742805,0.0787869778504534,0.004608294930875576,0.027649769585253458,0.0,0.5626582549641655,0.08145525818864612,0.9181302410441751,1.2987948875699502
69,7,217,759,0.016118414066979548,7.0,2.0,0.3548387096774194,0.08755760368663594,0.5576036866359447,1.4142857142857144,0.1889400921658986,0.41935483870967744,0.02304147465437788,3.4976958525345623,1.5514155366176083,0.6364048297260423,2.01836187813856,5.780393242869011,1.9580681757924776,8.191740021277457,1.0759803921568627,1.4883713017772104,0.036653995625305275,0.002293529274352821,0.028775297840259933,0.08471192847586485,0.004608294930875576,0.02304147465437788,0.0,0.5812128351621029,0.08653470892947039,0.6342602994446659,0.776513560066381
69,8,217,728,0.01546008621971161,8.0,2.0,0.30414746543778803,0.08755760368663594,0.6082949308755761,1.3112582781456954,0.0967741935483871,0.4976958525345622,0.009216589861751152,3.3548387096774195,1.4237135352259986,0.7716802391301394,2.4675049815716945,6.658360852596818,2.2433551080683407,8.804175018753625,1.0027472527472527,1.4202208863009793,0.03357472021066491,0.002399711185202489,0.031068827114612754,0.06780776826859776,0.004608294930875577,0.009216589861751152,0.0,0.5750647004908218,0.06743306665026559,0.9316370779773191,1.295217691142895
69,9,217,778,0.016521905328208287,6.0,2.0,0.271889400921659,0.07373271889400922,0.6543778801843319,1.2721518987341771,0.14285714285714285,0.5161290322580645,0.02304147465437788,3.585253456221198,1.2297286115257386,0.7143121557544304,2.3397657267321086,6.507405153175086,2.1683404780045468,8.502891406705377,1.026448362720403,1.1527208142727192,0.03574083119199813,0.0018688016309541507,0.03397821147189365,0.06298710951602285,0.004608294930875575,0.027649769585253458,0.0,0.559560209586573,0.06928766896942275,0.8021371271235281,0.9915770037864482
69,10,217,700,0.01486546751895347,7.0,2.0,0.25806451612903225,0.1382488479262673,0.6036866359447005,1.1614906832298137,0.1152073732718894,0.5069124423963134,0.004608294930875576,3.225806451612903,1.1664039386713971,0.7312660254654252,2.6749355473783805,6.166759745336758,1.9093049660946375,9.099743950634156,1.0028530670470757,1.1632920582117001,0.03342606553547538,0.0014653103697254135,0.027798424260442992,0.04731465947461191,0.004608294930875575,0.004608294930875576,0.0,0.5352425510678462,0.050207099156678994,0.9078853731562883,1.5873616505690589
70,1,164,472,0.01754907792980369,5.0,2.0,0.2926829268292683,0.17682926829268292,0.5304878048780488,1.1637931034482758,0.18292682926829268,0.42073170731707316,0.03048780487804878,2.8780487804878048,1.2953762339933168,0.8034464485371285,2.169225628504903,4.271880819366853,1.6118574989642473,7.384610383176974,1.046938775510204,1.3206004869015808,0.03260707911957168,0.002379535990481856,0.02966983938132064,0.05547293277810827,0.006097560975609756,0.03048780487804878,0.0,0.5641385278179251,0.07960340694827783,0.692887364694841,0.9659976128448502
70,2,164,476,0.017697798929208804,6.0,2.0,0.35365853658536583,0.12195121951219512,0.524390243902439,1.3584905660377358,0.18292682926829268,0.4268292682926829,0.024390243902439025,2.902439024390244,1.3945510791667202,0.7634967981383259,2.0833865283932322,4.979870596693027,1.8674486070008727,7.237778191923443,1.0084033613445378,1.425963429778592,0.03349940511600238,0.00446162998215348,0.026583878643664485,0.061161511005353955,0.006097560975609757,0.024390243902439025,0.0,0.5426410527390042,0.1107073908235371,0.7108404176268546,0.8790223325809777
70,3,164,495,0.018404223676383107,5.0,2.0,0.29878048780487804,0.1524390243902439,0.5487804878048781,1.208695652173913,0.09146341463414634,0.5060975609756098,0.024390243902439025,3.018292682926829,1.1403280636240944,0.7498489933608306,2.309179423669247,5.229000319386778,1.7308335884372354,8.049107721326406,1.0219123505976095,1.1970937678950366,0.04052647233789411,0.0023423557406305772,0.0313429506246282,0.05179208804283165,0.006097560975609756,0.024390243902439025,0.0,0.5278258590803425,0.07833753885181997,0.8095215877634131,1.1493912178090966
70,4,164,555,0.020635038667459846,6.0,2.0,0.2804878048780488,0.06097560975609756,0.6585365853658537,1.305084745762712,0.15853658536585366,0.47560975609756095,0.024390243902439025,3.3841463414634148,1.2244552022870296,0.7966716484194616,2.3372464281592933,4.43758573388203,1.480370717089466,6.591673732008658,1.0676818950930627,1.2556545919271473,0.047218917311124334,0.0023423557406305772,0.04413295657346818,0.07261302795954788,0.0060975609756097554,0.024390243902439025,0.0,0.5557833043879916,0.09732301319304626,0.7219632889961533,1.0774897113804753
70,5,164,518,0.01925936942296252,5.0,3.0,0.2865853658536585,0.06097560975609756,0.6524390243902439,1.3162393162393162,0.18902439024390244,0.4573170731707317,0.018292682926829267,3.158536585365854,1.3145103861175567,0.7397509525107457,2.2407122481786614,3.138211382113821,1.4102970460970419,4.812184355372417,1.0480591497227356,1.2159620228778159,0.03301606186793575,0.003085960737656157,0.03401992861392029,0.06848602022605592,0.006097560975609756,0.018292682926829267,0.0,0.545745286369312,0.1035424124735459,0.6507610425962186,0.9209056878540032
70,6,164,658,0.02446460440214158,6.0,2.0,0.31097560975609756,0.17073170731707318,0.5182926829268293,1.2035398230088497,0.12195121951219512,0.5182926829268293,0.036585365853658534,4.012195121951219,1.3679298282585177,0.8143211834504394,2.2128105188919744,4.938125750901081,1.6998887145057682,8.515992470839718,1.0060975609756098,1.350263818888119,0.05491522903033908,0.0068783462224866155,0.06104997025580012,0.12042682926829268,0.006097560975609756,0.036585365853658534,0.0,0.549021920360095,0.09785085145765957,0.6404075329994444,1.0063251585052277
70,7,164,548,0.02037477691850089,7.0,2.0,0.3048780487804878,0.15853658536585366,0.5365853658536586,1.2105263157894737,0.10365853658536585,0.4695121951219512,0.03048780487804878,3.341463414634146,1.4081716306534153,0.7213009623653601,2.3052483905787784,5.227920227920228,1.8408751254027553,8.058010800802085,1.095,1.336155415194588,0.03829565734681737,0.004350089232599643,0.03639946460440214,0.08573765615704937,0.006097560975609756,0.03048780487804878,0.0,0.5698457688476248,0.10453873473703479,0.8060369508463788,1.1741359809781355
70,8,164,597,0.022196609161213562,6.0,2.0,0.3048780487804878,0.1402439024390244,0.5548780487804879,1.236842105263158,0.16463414634146342,0.4573170731707317,0.024390243902439025,3.6402439024390243,1.5253770544388636,0.7483898832282256,2.2634551374830547,5.887821795384821,1.9564583323527425,8.922258219503062,1.008361204013378,1.4455067258463847,0.042088042831647826,0.005688578227245687,0.04569452706722189,0.11629982153480072,0.006097560975609756,0.024390243902439025,0.0,0.6008457409694556,0.1434523020830307,0.7900554194500926,1.1385397010822615
70,9,164,430,0.015987507436049972,7.0,2.0,0.3353658536585366,0.23170731707317074,0.4329268292682927,1.1559633027522935,0.15853658536585366,0.3719512195121951,0.018292682926829267,2.6219512195121952,1.166417400292857,0.9161678934097089,2.1570122546334387,4.619402985074627,1.6524184168287404,7.670428522190693,1.0069767441860464,1.2851210054180213,0.028963414634146343,0.001003866745984533,0.02911213563355146,0.040080309339678766,0.006097560975609757,0.018292682926829267,0.0,0.5209114225882515,0.04593446864788328,0.716522330810932,0.996107441700528
70,10,164,467,0.017363176680547293,6.0,3.0,0.31097560975609756,0.1524390243902439,0.5365853658536586,1.2300884955752212,0.17682926829268292,0.43902439024390244,0.012195121951219513,2.847560975609756,1.1550016433764618,0.7147363208403857,2.284387060812063,5.044653830397378,1.4771667514789486,7.80016307039296,1.0432098765432098,1.2107525367452452,0.0385930993456276,0.001152587745389649,0.027364663890541343,0.04677275431290898,0.006097560975609756,0.012195121951219513,0.0,0.5885602443651982,0.03673058817875891,0.6937830125554272,1.122201240497697
71,1,165,829,0.03044995408631772,7.0,2.0,0.23636363636363636,0.12727272727272726,0.6363636363636364,1.1428571428571428,0.08484848484848485,0.5575757575757576,0.03636363636363636,5.024242424242424,1.2032679413468994,0.7485872152315226,2.5833392032436,6.289151821324116,1.8021198855001546,9.618734519590227,1.0072376357056694,1.17750434602825,0.09208448117539027,0.011533516988062443,0.09127640036730945,0.15786960514233242,0.006060606060606061,0.03636363636363636,0.0,0.6165981132226782,0.1366104074034522,0.8188633034572452,1.3083816679983569
71,2,165,737,0.02707070707070707,5.0,2.0,0.2787878787878788,0.05454545454545454,0.6666666666666666,1.3109243697478992,0.1696969696969697,0.49696969696969695,0.030303030303030304,4.466666666666667,1.2989906586256053,0.5721406224429909,2.2659938079236097,7.125189763608762,1.924959086718654,9.822494393326597,1.0627400768245838,1.2482844200773644,0.08639118457300275,0.0055463728191000915,0.060532598714416894,0.14112029384756658,0.006060606060606061,0.030303030303030304,0.0,0.5924689189228202,0.08620645187206818,0.6839713580428742,0.8857145186384348
71,3,165,906,0.03327823691460055,6.0,2.0,0.18181818181818182,0.11515151515151516,0.703030303030303,1.0814814814814815,0.08484848484848485,0.6484848484848484,0.030303030303030304,5.490909090909091,1.1492950151442232,0.875175250986647,2.722356274273488,6.901600025246947,1.8469426150399604,10.363661781116345,1.040468583599574,1.1925079295995062,0.10497704315886135,0.015463728191000918,0.12756657483930212,0.17770431588613406,0.006060606060606062,0.030303030303030304,0.0,0.5870622392701866,0.11445539981315016,0.8213287964272459,1.1786740172077768
71,4,165,928,0.03408631772268136,6.0,2.0,0.17575757575757575,0.03636363636363636,0.7878787878787878,1.1691176470588236,0.10303030303030303,0.6181818181818182,0.03636363636363636,5.624242424242424,1.3120695843753962,0.5875242925751402,3.0345765095756665,9.422275659033193,2.3509861612890823,10.703177050151451,1.0798403193612773,1.201873044844582,0.11449035812672176,0.014471992653810835,0.09623507805325987,0.22383838383838384,0.006060606060606062,0.03636363636363636,0.0,0.5937850288898764,0.1581272850399448,0.9928231962251377,1.5270003044427636
71,5,165,965,0.03544536271808999,5.0,2.0,0.21212121212121213,0.10909090909090909,0.6787878787878788,1.1307692307692307,0.06060606060606061,0.6424242424242425,0.04242424242424243,5.848484848484849,1.2501596110534445,0.7823210669601541,2.728748173975075,6.9870687899645665,1.7715050359184534,10.801736505909519,1.0391173520561685,1.1803417971971368,0.10736455463728191,0.01652892561983471,0.1311662075298439,0.22839302112029386,0.006060606060606062,0.04242424242424243,0.0,0.6410095998219966,0.13952349236117767,0.8943565823087294,1.2288788760946068
71,6,165,877,0.03221303948576676,5.0,3.0,0.2787878787878788,0.07272727272727272,0.6484848484848484,1.2857142857142858,0.10303030303030303,0.5878787878787879,0.03636363636363636,5.315151515151515,1.4152310180773826,0.5912456193835505,2.366404115274271,7.74020228548203,1.8856746404868714,11.066153869994343,1.159223300970874,1.3202465501572362,0.096455463728191,0.015977961432506887,0.07985307621671257,0.21627180899908172,0.00606060606060606,0.04242424242424243,0.0,0.6153403308622868,0.1936585151220174,0.7384561739391633,1.045885138437897
71,7,165,918,0.03371900826446281,6.0,3.0,0.23636363636363636,0.12727272727272726,0.6363636363636364,1.1428571428571428,0.14545454545454545,0.5454545454545454,0.03636363636363636,5.5636363636363635,1.353113622625723,0.6011569626728641,2.498573457233161,5.10870391486127,1.807701814661831,8.568266461600238,1.1145631067961166,1.1999612595841467,0.09594123048668503,0.019173553719008266,0.09035812672176309,0.2256749311294766,0.006060606060606062,0.03636363636363636,0.0,0.652638556870051,0.15816527087062127,0.8484473104258438,1.0651799155542907
71,8,165,1000,0.03673094582185491,6.0,3.0,0.19393939393939394,0.012121212121212121,0.793939393939394,1.2255639097744362,0.06666666666666667,0.5696969696969697,0.048484848484848485,6.0606060606060606,1.2962303459478557,0.6741098466613982,2.7245734067063734,0.5,0.7071067811865476,0.6931471805599453,1.2397094430992737,1.2287581476294893,0.13586776859504132,0.011900826446280991,0.129366391184573,0.2611937557392103,0.00606060606060606,0.048484848484848485,0.0,0.6047423642140202,0.12769000509448497,0.7921109640042936,1.2662032111689454
71,9,165,880,0.03232323232323232,7.0,2.0,0.17575757575757575,0.03636363636363636,0.7878787878787878,1.1691176470588236,0.08484848484848485,0.6,0.04242424242424243,5.333333333333333,1.2883226119412112,0.7068372531488591,3.0864316829704506,8.490436463526299,2.13649673688432,9.886239659126575,1.1390532544378698,1.2424153205405866,0.09843893480257117,0.018585858585858588,0.09248852157943067,0.19111111111111112,0.006060606060606061,0.04242424242424243,0.0,0.5766748960056639,0.1522619283307761,0.9910267890473504,1.8458515228914236
71,10,165,856,0.0314416896235078,5.0,2.0,0.18181818181818182,0.06060606060606061,0.7575757575757576,1.1481481481481481,0.14545454545454545,0.5272727272727272,0.03636363636363636,5.1878787878787875,1.2880656071510344,0.4738747749921239,2.879690561620898,10.173800847040283,2.19904123180236,13.725334177631488,1.1717479674796747,1.2197520684344834,0.11180899908172635,0.015573921028466484,0.06651974288337925,0.18097337006427916,0.006060606060606062,0.03636363636363636,0.0,0.572626526587729,0.14142351389533317,0.887123103455441,1.5253531569453158
72,1,120,404,0.028055555555555556,5.0,2.0,0.2916666666666667,0.175,0.5333333333333333,1.1647058823529413,0.11666666666666667,0.4666666666666667,0.008333333333333333,3.3666666666666667,1.2200955276563143,0.7700788566229387,2.4656408074896605,5.923588039867109,1.8665988710759374,8.540323608805092,1.0,1.2195054506704999,0.06145833333333333,0.004722222222222222,0.05611111111111111,0.09729166666666667,0.008333333333333335,0.008333333333333333,0.0,0.5438553262469669,0.08829579998891145,0.7900681012385813,1.2768001281266157
72,2,120,485,0.033680555555555554,5.0,2.0,0.2833333333333333,0.15,0.5666666666666667,1.186046511627907,0.225,0.44166666666666665,0.025,4.041666666666667,1.5447864837949086,0.7552504685508967,2.2112423520401396,6.253703511861597,1.82126318687931,9.175024026848615,1.0895238095238096,1.5216011667302922,0.06347222222222222,0.021041666666666667,0.06458333333333334,0.18180555555555555,0.008333333333333335,0.03333333333333333,0.0,0.6084990907785026,0.1812500185053854,0.7352492403527818,0.8361405775192988
72,3,120,523,0.036319444444444446,6.0,3.0,0.26666666666666666,0.05,0.6833333333333333,1.2954545454545454,0.10833333333333334,0.55,0.058333333333333334,4.358333333333333,1.472265109728198,0.5657868570473198,2.4876378500934617,9.928644957191995,2.3761858383771375,10.592350569157022,1.0057803468208093,1.474877032421166,0.10722222222222222,0.017777777777777778,0.065,0.20472222222222222,0.008333333333333333,0.06666666666666667,0.0,0.5793143596445,0.23178398737037184,0.9100303202171316,1.3039875232711922
72,4,120,479,0.03326388888888889,6.0,2.0,0.25833333333333336,0.041666666666666664,0.7,1.2921348314606742,0.08333333333333333,0.55,0.06666666666666667,3.9916666666666667,1.2559716988888154,0.6722960372578769,2.539139483550438,5.471389645776567,2.0773627612312735,5.905361848054571,1.0268595041322315,1.3086531112248283,0.09180555555555556,0.01597222222222222,0.06125,0.13472222222222222,0.008333333333333333,0.06666666666666667,0.0,0.568750130347907,0.20373640874614812,0.9941503099340375,1.3538701849328825
72,5,120,534,0.037083333333333336,5.0,2.0,0.3,0.13333333333333333,0.5666666666666667,1.2380952380952381,0.13333333333333333,0.525,0.041666666666666664,4.45,1.274820051190612,0.6793930073601594,2.308710839862292,6.432353124804894,1.8278658510954193,9.681405937168297,1.0611510791366907,1.225410884424369,0.09631944444444444,0.01673611111111111,0.08354166666666667,0.17722222222222223,0.008333333333333335,0.05,0.0,0.6176940895872249,0.1597841829183979,0.7857593163355596,1.026453313266091
72,6,120,560,0.03888888888888889,7.0,2.0,0.2916666666666667,0.175,0.5333333333333333,1.1647058823529413,0.125,0.49166666666666664,0.041666666666666664,4.666666666666667,1.5448200132260037,0.6896719523207175,2.174488247338649,6.193119092627599,2.1388007576656864,9.4898642567265,1.0,1.4236880068085762,0.08138888888888889,0.020069444444444445,0.09020833333333333,0.26368055555555553,0.008333333333333333,0.041666666666666664,0.0,0.6005715588838476,0.1561555966561649,0.6842986067625354,0.8506253172346824
72,7,120,548,0.03805555555555556,5.0,2.0,0.23333333333333334,0.0,0.7666666666666667,1.3043478260869565,0.08333333333333333,0.5333333333333333,0.05,4.566666666666666,1.2159862954670395,0.6403056027195166,2.542269906131875,NaN,NaN,0.0,1.1424050632911393,1.1651677472425956,0.10597222222222222,0.018472222222222223,0.08284722222222222,0.17284722222222224,0.008333333333333333,0.05,0.0,0.573422005631725,0.20543571879700712,0.7846952519478038,1.2087527481968625
72,8,120,485,0.033680555555555554,5.0,2.0,0.275,0.14166666666666666,0.5833333333333334,1.1839080459770115,0.175,0.43333333333333335,0.016666666666666666,4.041666666666667,1.4637357080586222,0.6089349556116654,2.4210079303016085,6.822875565393129,1.8398280560135847,9.941842506412591,1.0102459016393444,1.4333130618006011,0.09,0.014097222222222223,0.06166666666666667,0.18104166666666666,0.008333333333333331,0.016666666666666666,0.0,0.6009018600017872,0.14764053239049493,0.8380013833485079,1.2107286921434834
72,9,120,440,0.030555555555555555,5.0,2.0,0.275,0.1,0.625,1.2413793103448276,0.11666666666666667,0.49166666666666664,0.025,3.6666666666666665,1.2556974814864683,0.6895285954953817,2.480245873387675,5.180762852404643,1.5272881976559713,8.011355109161286,1.0437636761487965,1.24543265860445,0.07819444444444444,0.004583333333333333,0.06208333333333333,0.12125,0.008333333333333335,0.025,0.0,0.5719257240679346,0.10596468072022767,0.8478833918865911,1.199458572469642
72,10,120,441,0.030625,6.0,3.0,0.175,0.09166666666666666,0.7333333333333333,1.101010101010101,0.06666666666666667,0.6583333333333333,0.058333333333333334,3.675,1.04060127899548,0.7230907700244631,3.205335767484039,5.795174790743476,1.5811065391529937,7.616283561580385,1.099585062240664,1.0467022626042544,0.07319444444444445,0.007569444444444445,0.06145833333333333,0.09027777777777778,0.008333333333333333,0.058333333333333334,0.0,0.49700983746359134,0.14476324669339374,1.1086905151758926,1.831019240440647
73,1,182,522,0.015758966308416857,5.0,2.0,0.32967032967032966,0.13186813186813187,0.5384615384615384,1.2950819672131149,0.15934065934065933,0.42857142857142855,0.005494505494505495,2.868131868131868,1.412540392140872,0.7847064612872469,2.1794154854637826,3.8715740015661706,1.333478415118473,7.152268856032539,1.0,1.3921796810235525,0.02913295495713078,0.0007849293563579278,0.027744233788189833,0.05874894336432798,0.005494505494505494,0.005494505494505495,0.0,0.5505235537759177,0.024349856492713633,0.7538298772370304,0.9669355666947009
73,2,182,525,0.01584953508030431,8.0,2.0,0.31868131868131866,0.17582417582417584,0.5054945054945055,1.2096774193548387,0.17032967032967034,0.42857142857142855,0.027472527472527472,2.8846153846153846,1.3680051838112002,0.7299886895025969,2.2281534615523966,4.188888888888889,1.5156895656984501,7.635303886259415,1.0562613430127041,1.3607751168747924,0.02994807390411786,0.0024151672503320855,0.02424224127520831,0.05422050476995532,0.005494505494505495,0.027472527472527472,0.0,0.5162905691013057,0.08903346777763045,0.7519687454325535,1.0241068401374467
73,3,182,585,0.017660910518053376,9.0,2.0,0.23626373626373626,0.1978021978021978,0.5659340659340659,1.0503597122302157,0.14835164835164835,0.510989010989011,0.01098901098901099,3.2142857142857144,1.3066263257826072,0.8288337700993675,2.553391201572009,4.425414364640884,2.0116655862186272,7.395721608602045,1.0034188034188034,1.2410588123884725,0.02964617799782635,0.002656683975365294,0.03607656080183553,0.06490761985267479,0.005494505494505493,0.01098901098901099,0.0,0.5265958825143541,0.05631144484346357,0.9538892495401355,1.3704479546830508
73,4,182,543,0.01639294771162903,6.0,2.0,0.3131868131868132,0.0989010989010989,0.5879120879120879,1.312,0.15384615384615385,0.4340659340659341,0.02197802197802198,2.9835164835164836,1.3588519643723114,0.7233247406659833,2.196263353740594,3.971936389148737,1.3817829264667312,6.974478911025045,1.0110091743119265,1.3063369991836327,0.03055186571670088,0.0015698587127158557,0.027291389928752567,0.05886970172684458,0.005494505494505496,0.02197802197802198,0.0,0.538014338955039,0.06788052340968852,0.7382062270015389,0.9670832322367438
73,5,182,608,0.01835527110252385,7.0,2.0,0.32967032967032966,0.13736263736263737,0.532967032967033,1.2868852459016393,0.14285714285714285,0.4340659340659341,0.01098901098901099,3.340659340659341,1.4224087577692075,0.7375704046476053,2.316897666404717,5.462591756070017,1.7421325062286697,8.865593998902725,1.0486656200941915,1.4698798215072455,0.04552590266875981,0.003018959062915107,0.03489916676729864,0.08000241516725033,0.005494505494505495,0.01098901098901099,0.0,0.5435111675721257,0.05281491653501996,0.8556167463841791,1.3509871609639912
73,6,182,639,0.019291148412027535,6.0,2.0,0.24725274725274726,0.1043956043956044,0.6483516483516484,1.1897810218978102,0.12087912087912088,0.5,0.027472527472527472,3.510989010989011,1.2256019133061944,0.8530106417242579,2.5693838453314273,3.811097992916175,1.28905910619914,6.741700694652055,1.0579494799405647,1.2861835233059538,0.04609950489071368,0.001267962806424345,0.04718633015336312,0.07254558628185002,0.005494505494505495,0.027472527472527472,0.0,0.5380462324947403,0.05036023628707261,0.8317837788621424,1.3614298515280898
73,7,182,683,0.02061949039971018,8.0,2.0,0.32967032967032966,0.027472527472527472,0.6428571428571429,1.4508196721311475,0.2032967032967033,0.4175824175824176,0.02197802197802198,3.7527472527472527,1.4961408166331733,0.5033675005748138,2.158557303584581,7.4904182789754925,1.9808011923271165,9.985436135183296,1.1286089238845145,1.4350542570728764,0.052046854244656444,0.0067322787103006885,0.03073300326047579,0.10515034416133318,0.005494505494505493,0.02197802197802198,0.0,0.5724325088461333,0.1467124072220036,0.74315916039575,0.9460390558915768
73,8,182,579,0.017479772974278468,6.0,2.0,0.29120879120879123,0.1043956043956044,0.6043956043956044,1.2635658914728682,0.16483516483516483,0.4340659340659341,0.01098901098901099,3.181318681318681,1.2519050167892642,0.6839874360096301,2.355390224310843,4.585997571833266,1.5185060200037486,7.81237820598861,1.0085910652920962,1.1648230083642013,0.034023668639053255,0.0024755464315903875,0.029253713319647386,0.05959425190194421,0.005494505494505495,0.01098901098901099,0.0,0.5364967286114865,0.0753312431536062,0.785059568268483,1.2077461154036733
73,9,182,471,0.014219297186330153,7.0,3.0,0.36813186813186816,0.07142857142857142,0.5604395604395604,1.4695652173913043,0.13186813186813187,0.37362637362637363,0.016483516483516484,2.587912087912088,1.5836334160043033,0.7792515184998482,2.225107356382596,4.662162162162162,1.8572134839193046,5.91350300563827,1.027027027027027,1.6228127989740235,0.026083806303586525,0.0014792899408284023,0.020770438352855934,0.05434126313247192,0.005494505494505494,0.016483516483516484,0.0,0.5876042470110362,0.10888070373431369,0.8775031979400435,1.1941662747595723
73,10,182,616,0.018596787827557058,5.0,2.0,0.31868131868131866,0.10989010989010989,0.5714285714285714,1.3064516129032258,0.13186813186813187,0.45054945054945056,0.02197802197802198,3.3846153846153846,1.3599984959045393,0.7366182878439894,2.3011415569558697,7.0774303339714955,1.9512467617785394,9.55414281969224,1.1922544951590595,1.4038490896453013,0.04178239343074508,0.005826590991426156,0.032091534838787586,0.07188141528800869,0.005494505494505496,0.027472527472527472,0.0,0.5744066070891076,0.09411328806159208,0.829084983594624,1.1079981680435869
74,1,142,719,0.035657607617536204,5.0,2.0,0.2535211267605634,0.056338028169014086,0.6901408450704225,1.2641509433962264,0.09154929577464789,0.5633802816901409,0.035211267605633804,5.063380281690141,1.2649698276220929,0.6974488905138735,2.6329019933573163,6.737053419530453,2.00125818619821,9.595262578853017,1.0555555555555556,1.184022768107115,0.10067446935131918,0.016117833763142235,0.09844276929180718,0.1976790319381075,0.007042253521126761,0.035211267605633804,0.0,0.6291384281998076,0.13233238576347234,0.9069872789199211,1.2813079342421607
74,2,142,632,0.031342987502479665,5.0,2.0,0.2323943661971831,0.0,0.7676056338028169,1.3027522935779816,0.09154929577464789,0.5915492957746479,0.04929577464788732,4.450704225352113,1.1499010570955763,0.5362426769662765,2.5600859508220304,NaN,NaN,0.0,1.1096866096866096,1.057571843388018,0.09234278912914104,0.010216226939099385,0.062487601666336046,0.1323646101963896,0.007042253521126761,0.04929577464788732,0.0,0.5792980656574477,0.14166052440300964,0.7979395152979551,1.236573842228087
74,3,142,818,0.04056734774846261,7.0,2.0,0.19014084507042253,0.04929577464788732,0.7605633802816901,1.173913043478261,0.09859154929577464,0.6619718309859155,0.028169014084507043,5.76056338028169,1.2368500719053384,0.5759060430924358,2.806867525380288,6.739759036144578,1.748909723805179,11.038913814326953,1.1255555555555556,1.1389422147318768,0.14674667724657806,0.016117833763142235,0.11644514977187066,0.25386828010315415,0.00704225352112676,0.028169014084507043,0.0,0.6173472852058264,0.13053459763456451,0.8233253975083811,1.2274007223111065
74,4,142,705,0.03496330093235469,6.0,2.0,0.22535211267605634,0.13380281690140844,0.6408450704225352,1.1181818181818182,0.02112676056338028,0.6338028169014085,0.06338028169014084,4.964788732394366,1.2945864965213996,0.7093535008132045,2.5095059591131803,6.204014457209242,1.7756449206388025,9.648208131191847,1.05578231292517,1.3287661166789932,0.11594921642531243,0.01780400714144019,0.09169807577861536,0.1934140051577068,0.007042253521126761,0.06338028169014084,0.0,0.5852755651859944,0.14113954639674334,0.8365776900418195,1.3702484214767174
74,5,142,718,0.03560801428288038,5.0,2.0,0.2535211267605634,0.035211267605633804,0.7112676056338029,1.2924528301886793,0.16901408450704225,0.528169014084507,0.04929577464788732,5.056338028169014,1.3261221694177878,0.5602618914890518,2.398878202123747,3.3289473684210527,1.1892248896954583,5.0238805208462765,1.2787564766839379,1.3165573548162164,0.11619718309859155,0.01428288038087681,0.07791112874429677,0.19629041856774448,0.007042253521126759,0.06338028169014084,0.0,0.6168050255919822,0.22009789831870427,0.6991884069807668,1.0460922617431232
74,6,142,710,0.035211267605633804,7.0,2.0,0.2323943661971831,0.14788732394366197,0.6197183098591549,1.110091743119266,0.09859154929577464,0.6126760563380281,0.035211267605633804,5.0,1.224339451377183,0.714986485018329,2.6100110030991286,6.053459797370123,1.8023752686537395,9.828548465871634,1.1817102137767221,1.2292907421348427,0.1160979964292799,0.012001586986708987,0.1018151160484031,0.18523110493949613,0.00704225352112676,0.035211267605633804,0.0,0.6074613807911237,0.11273320957486692,0.8028636286722066,1.128527406368857
74,7,142,730,0.036203134298750245,5.0,2.0,0.19718309859154928,0.1619718309859155,0.6408450704225352,1.043859649122807,0.11267605633802817,0.6408450704225352,0.04929577464788732,5.140845070422535,1.0680973391689665,0.8367740554861951,2.61890655738321,7.229460262678554,2.0392638660513684,10.638831781795862,1.056135770234987,1.0788652638103262,0.10548502281293394,0.014679627058123389,0.1229914699464392,0.16321166435231105,0.00704225352112676,0.04929577464788732,0.0,0.561591619153048,0.13751312161632678,0.72409617652994,1.1145272030302202
74,8,142,842,0.04175758778020234,6.0,3.0,0.20422535211267606,0.007042253521126761,0.7887323943661971,1.247787610619469,0.14788732394366197,0.5845070422535211,0.056338028169014086,5.929577464788732,1.1511345911704502,0.5764378488154018,2.6346283045948895,3.5297619047619047,0.9722225616793031,5.123963979403259,1.1393188854489165,1.0846591487180473,0.1541856774449514,0.02588772069033922,0.11470938305891688,0.22986510612973615,0.00704225352112676,0.06338028169014084,0.0,0.6255572072599404,0.18456909448778394,0.7740801535279578,1.1783864467508958
74,9,142,648,0.03213648085697282,5.0,2.0,0.2746478873239437,0.11267605633802817,0.6126760563380281,1.2233009708737863,0.13380281690140844,0.5422535211267606,0.04225352112676056,4.563380281690141,1.230648164098778,0.7379355795212628,2.451122210614617,5.134084507042253,1.4951878522005568,8.580167990577626,1.0360360360360361,1.2609999347560343,0.09948422931957945,0.010464193612378497,0.08564768895060504,0.15443364411823052,0.0070422535211267625,0.04225352112676056,0.0,0.5859167010316577,0.1401976123970841,0.7503559235982664,1.2572965588852187
74,10,142,669,0.03317794088474509,5.0,3.0,0.22535211267605634,0.007042253521126761,0.7676056338028169,1.2818181818181817,0.14084507042253522,0.5492957746478874,0.02112676056338028,4.711267605633803,1.2769454550925823,0.7281101124189738,2.5745181905794317,0.0,NaN,0.0,1.080110497237569,1.1642443275967054,0.08257290220194406,0.00991866693116445,0.09234278912914104,0.17630430470144812,0.007042253521126761,0.02112676056338028,0.0,0.6070751839755567,0.1443090309344748,0.8298380350855263,1.164218359905198
75,1,249,2600,0.04193480750310479,5.0,2.0,0.12449799196787148,0.060240963855421686,0.8152610441767069,1.073394495412844,0.03614457831325301,0.7670682730923695,0.04417670682730924,10.441767068273093,1.173990922455868,0.5460162220006998,3.6404263544566016,13.948546810699765,2.575621326614268,20.661909631400345,1.2772061116308076,1.1385547591310612,0.2913662682859954,0.052837857453912035,0.20456121675456848,0.4365252173352043,0.004016064257028113,0.06827309236947791,0.0,0.6540540301678621,0.1949762226294288,0.9552869734106464,1.8605288397537216
75,2,249,3040,0.049031467234399446,6.0,3.0,0.09236947791164658,0.0,0.9076305220883534,1.1017699115044248,0.0321285140562249,0.8232931726907631,0.0642570281124498,12.208835341365463,1.172478897878279,0.7192870493032778,3.879123042173202,NaN,NaN,0.0,1.1808510638297873,1.1441232104630745,0.3309462750600797,0.08120836760697409,0.33991387235689746,0.5940065482814794,0.004016064257028112,0.06827309236947791,0.0,0.6504723738618943,0.20071987195986313,1.0920285344951575,1.8257192196703702
75,3,249,3382,0.05454750729826938,5.0,3.0,0.10843373493975904,0.0,0.891566265060241,1.1216216216216217,0.05220883534136546,0.8072289156626506,0.07228915662650602,13.582329317269076,1.1931791418334465,0.49066324223349383,3.546210433945684,NaN,NaN,0.0,1.2432801822323463,1.1133927652352147,0.4558797438750988,0.10832083353494298,0.3150755632973662,0.7424557668424703,0.004016064257028113,0.08433734939759036,0.0,0.6765182040320897,0.23857319368220484,0.952481615770173,1.6204913331765551
75,4,249,2919,0.04707988580829341,6.0,2.0,0.13253012048192772,0.05220883534136546,0.8152610441767069,1.0925925925925926,0.04819277108433735,0.7951807228915663,0.05220883534136546,11.72289156626506,1.2091372884371758,0.5806268954141086,3.034453837176767,11.476953732351832,2.2226165650115264,18.389282167563756,1.1422668240850058,1.1142657704580536,0.3372203674134288,0.054273318172287546,0.28651150787890517,0.5947162142546087,0.004016064257028112,0.05622489959839357,0.0,0.6745518315423518,0.1583525738220105,0.8212328013564827,1.269726260826898
75,5,249,3134,0.050547571813357846,6.0,2.0,0.12449799196787148,0.05220883534136546,0.8232931726907631,1.0825688073394495,0.040160642570281124,0.7269076305220884,0.05220883534136546,12.586345381526105,1.1909600401847256,0.7602697674749772,3.465283629383881,12.414102087546626,2.6798753515901423,17.443270413093288,1.1038172353961828,1.162384286906752,0.3474621377074563,0.07604716052966888,0.3947839550974984,0.6610861115143304,0.004016064257028112,0.05220883534136546,0.0,0.6657935410145209,0.16165997104307817,0.9086044677729569,1.6482552288961778
75,6,249,3106,0.05009596619409364,6.0,2.0,0.0963855421686747,0.10441767068273092,0.7991967871485943,0.9911111111111112,0.0642570281124498,0.7590361445783133,0.04819277108433735,12.473895582329318,1.120010292858705,0.6946075588631899,3.433388918471796,12.76219208343556,2.3871773368142977,19.30630728650973,1.1668036154478225,1.0663210781087662,0.3543168658570023,0.07275689101788681,0.3580587409880486,0.596893598490347,0.004016064257028112,0.05622489959839357,0.0,0.6677604604298637,0.16714334700139194,0.8883195151331962,1.3910666850610545
75,7,249,3348,0.0539991290463057,7.0,2.0,0.10441767068273092,0.0321285140562249,0.8634538152610441,1.0807174887892377,0.040160642570281124,0.7791164658634538,0.020080321285140562,13.44578313253012,1.2724214940632945,0.7231018120855246,3.853860017673861,14.785559166852156,2.687655273558601,21.33246318737761,1.0708727070594775,1.2407060176905234,0.3888324381864809,0.11607877292301737,0.4074127836647796,0.8022289963065112,0.004016064257028114,0.024096385542168676,0.0,0.6678198537396255,0.20089495142080965,0.993868211513404,1.9174514112614278
75,8,249,3334,0.0537733262366736,5.0,2.0,0.08835341365461848,0.028112449799196786,0.8835341365461847,1.066079295154185,0.05220883534136546,0.7991967871485943,0.07228915662650602,13.389558232931726,1.1337190344667047,0.6643777798963448,3.30231771869217,9.475907833663742,2.308703946266113,13.826319925680194,1.155532891381948,1.030288042952069,0.3752520120643215,0.09054692666247319,0.3903162852212061,0.6925049595974259,0.004016064257028112,0.07630522088353414,0.0,0.6645799390122586,0.17786800621019724,0.7927494471413263,1.1343560766777074
75,9,249,3135,0.05056370058547443,4.0,3.0,0.10843373493975904,0.0,0.891566265060241,1.1216216216216217,0.040160642570281124,0.8072289156626506,0.05220883534136546,12.590361445783133,1.15819640337449,0.5860551694545739,3.566575321567513,NaN,NaN,0.0,1.1380452788514632,1.1096933882327011,0.3967194077514879,0.08380509991774326,0.3139142917049725,0.6217480363219948,0.004016064257028111,0.0642570281124498,0.0,0.6568145619085001,0.20679308642607674,0.9172225840236471,1.6815172125926847
75,10,249,3366,0.05428944694440412,6.0,2.0,0.09236947791164658,0.0,0.9076305220883534,1.1017699115044248,0.04819277108433735,0.8192771084337349,0.060240963855421686,13.518072289156626,1.2771642245727328,0.518510250410313,3.466266554090293,NaN,NaN,0.0,1.1797337278106508,1.1458032534059814,0.397251657231335,0.10422412541733198,0.3257528104385413,0.8157449073402042,0.004016064257028113,0.07228915662650602,0.0,0.6677090045416569,0.21387741203678462,0.8646705165338414,1.4331665739952635
